Algorithm,Dataset,Gamma,Beta1,Beta2,Round,Global_Validation_Loss,F1_Score,Top1_Accuracy_Percent,Num_Selected_Clients,Num_Total_Clients,Num_Model_Params,Round_Time_Sec,Client_Time_Sec,Server_Time_Sec,Spatial_Var_Time_Sec,Peak_Memory_MB,Sweep_Type
FedHST,FashionMNIST,0.5,0.5,0.999,1,2.8168726593017577,0.16085127794986742,26.52,30,100,54410,5.725992918014526,5.712295770645142,0.013697147369384766,0.013007164001464844,122.7568359375,beta1
FedHST,FashionMNIST,0.5,0.5,0.999,2,1.9809943820953368,0.3543751706715346,42.91,26,100,54410,3.969238519668579,3.9573287963867188,0.011909723281860352,0.011219978332519531,122.7568359375,beta1
FedHST,FashionMNIST,0.5,0.5,0.999,3,2.270345198440552,0.49179303528279783,57.84,30,100,54410,4.569694995880127,4.556778907775879,0.012916088104248047,0.012279033660888672,122.98046875,beta1
FedHST,FashionMNIST,0.5,0.5,0.999,4,1.4990818677902222,0.5270546300726631,60.83,23,100,54410,3.1116695404052734,3.101069688796997,0.010599851608276367,0.009922266006469727,122.98046875,beta1
FedHST,FashionMNIST,0.5,0.5,0.999,5,1.0077947516441346,0.6572117886370263,68.03,26,100,54410,3.571847438812256,3.561760902404785,0.010086536407470703,0.009585380554199219,122.98046875,beta1
FedHST,FashionMNIST,0.5,0.5,0.999,6,1.3811707523345946,0.5111702335911936,58.35,24,100,54410,4.261653184890747,4.25104022026062,0.010612964630126953,0.009973287582397461,122.98046875,beta1
FedHST,FashionMNIST,0.5,0.5,0.999,7,0.7410440459728241,0.6968524390691109,72.83,28,100,54410,4.318777322769165,4.306368827819824,0.01240849494934082,0.011797666549682617,122.98046875,beta1
FedHST,FashionMNIST,0.5,0.5,0.999,8,0.7773220719337464,0.6906077695370758,70.62,24,100,54410,3.5271215438842773,3.515961170196533,0.01116037368774414,0.010497331619262695,122.98046875,beta1
FedHST,FashionMNIST,0.5,0.5,0.999,9,0.6076326999664307,0.7673180451858556,78.23,25,100,54410,3.3822381496429443,3.370920181274414,0.011317968368530273,0.010675668716430664,122.98046875,beta1
FedHST,FashionMNIST,0.5,0.5,0.999,10,0.6596010175704956,0.7364377261271355,75.7,20,100,54410,2.639479398727417,2.6304569244384766,0.00902247428894043,0.008478879928588867,122.98046875,beta1
FedHST,FashionMNIST,0.5,0.5,0.999,11,0.6016486245155335,0.7582181720128508,78.28,20,100,54410,2.233687162399292,2.2244858741760254,0.009201288223266602,0.00860595703125,122.98046875,beta1
FedHST,FashionMNIST,0.5,0.5,0.999,12,0.5536591034412384,0.7802997195460861,79.6,30,100,54410,4.538161277770996,4.524964809417725,0.013196468353271484,0.012528181076049805,122.98046875,beta1
FedHST,FashionMNIST,0.5,0.5,0.999,13,0.5005412064552307,0.8154483009169129,81.72,29,100,54410,4.431215763092041,4.418385982513428,0.012829780578613281,0.012228250503540039,122.98046875,beta1
FedHST,FashionMNIST,0.5,0.5,0.999,14,0.5272919505119323,0.8040004966141154,81.37,22,100,54410,3.7540900707244873,3.7436323165893555,0.010457754135131836,0.009860992431640625,122.98046875,beta1
FedHST,FashionMNIST,0.5,0.5,0.999,15,0.654142934179306,0.7635367915946307,79.87,28,100,54410,4.170417785644531,4.158544063568115,0.011873722076416016,0.011279106140136719,122.98046875,beta1
FedHST,FashionMNIST,0.5,0.5,0.999,16,0.5709646426677704,0.7775289136826127,80.82,28,100,54410,5.006769418716431,4.994636297225952,0.012133121490478516,0.01149439811706543,122.98046875,beta1
FedHST,FashionMNIST,0.5,0.5,0.999,17,0.461482705450058,0.8350745620485498,83.61,26,100,54410,4.40418267250061,4.392174005508423,0.0120086669921875,0.011413335800170898,122.98046875,beta1
FedHST,FashionMNIST,0.5,0.5,0.999,18,0.5853080927371979,0.7810938395765167,77.36,21,100,54410,3.099893808364868,3.090543270111084,0.00935053825378418,0.008795499801635742,122.98046875,beta1
FedHST,FashionMNIST,0.5,0.5,0.999,19,0.4541415145874023,0.8410924967558838,84.18,28,100,54410,4.777482032775879,4.766209840774536,0.011272192001342773,0.010717391967773438,122.98046875,beta1
FedHST,FashionMNIST,0.5,0.5,0.999,20,0.6728214202880859,0.7272869931339053,76.59,28,100,54410,3.825640916824341,3.813443183898926,0.012197732925415039,0.011586666107177734,122.98046875,beta1
FedHST,FashionMNIST,0.5,0.5,0.999,21,0.5397105892181396,0.7910617511786376,80.9,24,100,54410,4.353288650512695,4.341941833496094,0.011346817016601562,0.010699033737182617,122.98046875,beta1
FedHST,FashionMNIST,0.5,0.5,0.999,22,0.5434914039611817,0.8028143701326561,80.74,26,100,54410,4.122294664382935,4.110985040664673,0.011309623718261719,0.010754585266113281,122.98046875,beta1
FedHST,FashionMNIST,0.5,0.5,0.999,23,0.46921779918670653,0.819763416090975,83.04,28,100,54410,4.822537660598755,4.809993743896484,0.012543916702270508,0.011900186538696289,122.98046875,beta1
FedHST,FashionMNIST,0.5,0.5,0.999,24,0.4718701054573059,0.8291602547919702,83.47,23,100,54410,3.3665566444396973,3.355883836746216,0.010672807693481445,0.010026693344116211,122.98046875,beta1
FedHST,FashionMNIST,0.5,0.5,0.999,25,0.7032819211483001,0.7316716848474832,73.41,29,100,54410,4.059685945510864,4.046954393386841,0.012731552124023438,0.01208806037902832,122.98046875,beta1
FedHST,FashionMNIST,0.5,0.5,0.999,26,0.5941410610675811,0.7598070975520538,78.65,26,100,54410,4.678760290145874,4.667189359664917,0.011570930480957031,0.010954856872558594,122.98046875,beta1
FedHST,FashionMNIST,0.5,0.5,0.999,27,0.4612212613105774,0.8181129472747027,83.22,27,100,54410,4.432824611663818,4.42085862159729,0.01196599006652832,0.011340141296386719,122.98046875,beta1
FedHST,FashionMNIST,0.5,0.5,0.999,28,0.4359462819099426,0.8431539586550809,84.24,30,100,54410,5.30211067199707,5.288766860961914,0.01334381103515625,0.012651920318603516,122.98095703125,beta1
FedHST,FashionMNIST,0.5,0.5,0.999,29,0.4740729128599167,0.8262895058722955,82.75,25,100,54410,3.2098774909973145,3.199610710144043,0.010266780853271484,0.009727954864501953,122.98095703125,beta1
FedHST,FashionMNIST,0.5,0.5,0.999,30,0.4930633062839508,0.8094885698980703,82.91,28,100,54410,4.010516405105591,3.999030113220215,0.011486291885375977,0.010897636413574219,122.98095703125,beta1
FedHST,FashionMNIST,0.5,0.5,0.999,31,0.47476821165084837,0.8193666978504422,81.99,25,100,54410,3.307831048965454,3.296794891357422,0.011036157608032227,0.010419845581054688,122.98095703125,beta1
FedHST,FashionMNIST,0.5,0.5,0.999,32,0.5726869833946228,0.7768286811618608,77.6,25,100,54410,3.13297963142395,3.1214942932128906,0.01148533821105957,0.010786294937133789,122.98095703125,beta1
FedHST,FashionMNIST,0.5,0.5,0.999,33,0.438513817691803,0.8363834561876056,84.31,27,100,54410,4.424052000045776,4.412112236022949,0.011939764022827148,0.01134037971496582,122.98095703125,beta1
FedHST,FashionMNIST,0.5,0.5,0.999,34,0.7866772381782532,0.7548785539895072,79.2,29,100,54410,4.941832780838013,4.9293646812438965,0.012468099594116211,0.011896610260009766,122.98095703125,beta1
FedHST,FashionMNIST,0.5,0.5,0.999,35,0.5541634427070617,0.7907264290705935,82.34,27,100,54410,4.265656232833862,4.25250506401062,0.013151168823242188,0.012471914291381836,122.98095703125,beta1
FedHST,FashionMNIST,0.5,0.5,0.999,36,0.45344669461250303,0.8341704972628923,83.61,26,100,54410,4.731489181518555,4.7198731899261475,0.011615991592407227,0.011005640029907227,122.98095703125,beta1
FedHST,FashionMNIST,0.5,0.5,0.999,37,0.5477416472434997,0.7822820456047455,78.11,22,100,54410,4.023516893386841,4.012933254241943,0.010583639144897461,0.009904861450195312,122.98095703125,beta1
FedHST,FashionMNIST,0.5,0.5,0.999,38,0.4375812108516693,0.8435258423130685,85.03,25,100,54410,3.3002262115478516,3.28839373588562,0.011832475662231445,0.011183500289916992,122.98095703125,beta1
FedHST,FashionMNIST,0.5,0.5,0.999,39,0.5455182252407074,0.7963905400038579,82.11,27,100,54410,4.34171199798584,4.329418182373047,0.012293815612792969,0.011679887771606445,122.98095703125,beta1
FedHST,FashionMNIST,0.5,0.5,0.999,40,0.39827251176834105,0.8583967696440741,86.39,27,100,54410,4.682814598083496,4.6704325675964355,0.012382030487060547,0.01169133186340332,122.98095703125,beta1
FedHST,FashionMNIST,0.5,0.5,0.999,41,0.4674488554954529,0.8267840613655354,82.15,26,100,54410,4.6317665576934814,4.619812965393066,0.011953592300415039,0.011311769485473633,122.98095703125,beta1
FedHST,FashionMNIST,0.5,0.5,0.999,42,0.39494395074844363,0.860747474259042,86.09,28,100,54410,4.687930107116699,4.675462961196899,0.012467145919799805,0.011790752410888672,122.98095703125,beta1
FedHST,FashionMNIST,0.5,0.5,0.999,43,0.42295449602603913,0.8415373049186352,85.1,26,100,54410,3.6484158039093018,3.63669753074646,0.011718273162841797,0.01105356216430664,122.98095703125,beta1
FedHST,FashionMNIST,0.5,0.5,0.999,44,0.49857212104797366,0.8100193143434653,82.5,29,100,54410,5.38327169418335,5.370757102966309,0.012514591217041016,0.011899232864379883,122.98095703125,beta1
FedHST,FashionMNIST,0.5,0.5,0.999,45,0.3869894957065582,0.8633844083506867,86.45,26,100,54410,3.001152515411377,2.9882071018218994,0.012945413589477539,0.012215852737426758,122.98095703125,beta1
FedHST,FashionMNIST,0.5,0.5,0.999,46,0.39086553807258606,0.859475822119397,85.97,30,100,54410,4.717352628707886,4.704305171966553,0.013047456741333008,0.012411832809448242,122.98095703125,beta1
FedHST,FashionMNIST,0.5,0.5,0.999,47,0.3808538617134094,0.8642399298854123,86.62,27,100,54410,4.010432720184326,3.9986257553100586,0.011806964874267578,0.011177778244018555,122.98095703125,beta1
FedHST,FashionMNIST,0.5,0.5,0.999,48,0.46927742867469785,0.8215526019067365,83.34,27,100,54410,5.254585266113281,5.242644309997559,0.011940956115722656,0.01130533218383789,122.98095703125,beta1
FedHST,FashionMNIST,0.5,0.5,0.999,49,0.4520836492300034,0.8295735135550288,83.3,25,100,54410,3.4679043292999268,3.456836223602295,0.011068105697631836,0.010487556457519531,122.98095703125,beta1
FedHST,FashionMNIST,0.5,0.5,0.999,50,0.38632567365169523,0.8586043323196547,85.9,30,100,54410,4.200928449630737,4.188318490982056,0.01260995864868164,0.011968612670898438,122.98095703125,beta1
FedHST,FashionMNIST,0.5,0.7,0.999,1,2.2208024307250978,0.17866502411995958,27.14,30,100,54410,5.198171854019165,5.184548377990723,0.013623476028442383,0.012991666793823242,122.7568359375,beta1
FedHST,FashionMNIST,0.5,0.7,0.999,2,1.4821529500961304,0.4474168248819165,50.62,26,100,54410,3.9066271781921387,3.8944852352142334,0.012141942977905273,0.01145029067993164,122.7568359375,beta1
FedHST,FashionMNIST,0.5,0.7,0.999,3,1.4249584451675414,0.5857916415826736,63.39,30,100,54410,4.735332012176514,4.721611261367798,0.01372075080871582,0.013153076171875,122.98046875,beta1
FedHST,FashionMNIST,0.5,0.7,0.999,4,1.3707729972839355,0.5355016913015289,62.16,23,100,54410,3.2448368072509766,3.234360933303833,0.010475873947143555,0.00980067253112793,122.98046875,beta1
FedHST,FashionMNIST,0.5,0.7,0.999,5,0.8860914845466614,0.6588850917557095,68.1,26,100,54410,3.9702632427215576,3.9596285820007324,0.010634660720825195,0.009998798370361328,122.98046875,beta1
FedHST,FashionMNIST,0.5,0.7,0.999,6,0.9732214714050293,0.608248992707734,65.66,24,100,54410,4.839541435241699,4.82895827293396,0.010583162307739258,0.009935855865478516,122.98046875,beta1
FedHST,FashionMNIST,0.5,0.7,0.999,7,0.9554953830718994,0.5771715316202117,63.92,28,100,54410,4.924198865890503,4.911808013916016,0.012390851974487305,0.011798620223999023,122.98046875,beta1
FedHST,FashionMNIST,0.5,0.7,0.999,8,0.767274188041687,0.68867834103702,69.93,24,100,54410,3.8997750282287598,3.888906717300415,0.010868310928344727,0.010219812393188477,122.98046875,beta1
FedHST,FashionMNIST,0.5,0.7,0.999,9,0.719841425704956,0.7213279122721259,73.28,25,100,54410,3.520510196685791,3.5100371837615967,0.010473012924194336,0.009883880615234375,122.98046875,beta1
FedHST,FashionMNIST,0.5,0.7,0.999,10,0.6524576774597168,0.7492563269293141,76.64,20,100,54410,2.661076784133911,2.65230393409729,0.008772850036621094,0.008214950561523438,122.98046875,beta1
FedHST,FashionMNIST,0.5,0.7,0.999,11,0.569766208410263,0.7699587080134018,79.12,20,100,54410,2.1789212226867676,2.1692817211151123,0.009639501571655273,0.008968353271484375,122.98046875,beta1
FedHST,FashionMNIST,0.5,0.7,0.999,12,0.5536278840065002,0.779357908977477,80.21,30,100,54410,4.456502914428711,4.443507432937622,0.012995481491088867,0.012412786483764648,122.98046875,beta1
FedHST,FashionMNIST,0.5,0.7,0.999,13,0.5708148189544677,0.7845383070323677,79.47,29,100,54410,4.14499306678772,4.132612943649292,0.012380123138427734,0.011764764785766602,122.98046875,beta1
FedHST,FashionMNIST,0.5,0.7,0.999,14,0.5695017230987549,0.7894844594634521,79.44,22,100,54410,3.638629674911499,3.628450632095337,0.01017904281616211,0.009583711624145508,122.98046875,beta1
FedHST,FashionMNIST,0.5,0.7,0.999,15,0.5530731345176697,0.784190662687175,80.21,28,100,54410,4.138027667999268,4.126634836196899,0.011392831802368164,0.01085209846496582,122.98046875,beta1
FedHST,FashionMNIST,0.5,0.7,0.999,16,0.560169240140915,0.7786960847296927,80.7,28,100,54410,4.687011957168579,4.675873517990112,0.011138439178466797,0.010551929473876953,122.98046875,beta1
FedHST,FashionMNIST,0.5,0.7,0.999,17,0.5384515782356262,0.7929092557563385,81.14,26,100,54410,4.4005067348480225,4.388840436935425,0.011666297912597656,0.011066675186157227,122.98046875,beta1
FedHST,FashionMNIST,0.5,0.7,0.999,18,0.5102350107192993,0.8151901176940244,81.43,21,100,54410,3.04827618598938,3.03847336769104,0.009802818298339844,0.009202957153320312,122.98046875,beta1
FedHST,FashionMNIST,0.5,0.7,0.999,19,0.49500059094429016,0.8196737072166795,81.39,28,100,54410,4.703567028045654,4.691136598587036,0.012430429458618164,0.011776447296142578,122.98046875,beta1
FedHST,FashionMNIST,0.5,0.7,0.999,20,0.5792917615413665,0.7783580528880114,77.75,28,100,54410,3.8280837535858154,3.816387414932251,0.011696338653564453,0.011100292205810547,122.98046875,beta1
FedHST,FashionMNIST,0.5,0.7,0.999,21,0.5034412940979004,0.8062707644757751,81.59,24,100,54410,4.9868505001068115,4.975998163223267,0.010852336883544922,0.010221481323242188,122.98046875,beta1
FedHST,FashionMNIST,0.5,0.7,0.999,22,0.5449057096004486,0.7808076290384843,80.6,26,100,54410,4.047430038452148,4.036129951477051,0.011300086975097656,0.0107269287109375,122.98046875,beta1
FedHST,FashionMNIST,0.5,0.7,0.999,23,0.5535071370601654,0.7840713743440679,81.04,28,100,54410,4.9423253536224365,4.930590629577637,0.011734724044799805,0.011207342147827148,122.98046875,beta1
FedHST,FashionMNIST,0.5,0.7,0.999,24,0.46105285358428955,0.8229208137957522,83.26,23,100,54410,2.850242853164673,2.8407204151153564,0.009522438049316406,0.008962869644165039,122.98046875,beta1
FedHST,FashionMNIST,0.5,0.7,0.999,25,0.44437728695869444,0.8384951391122023,83.52,29,100,54410,3.486288070678711,3.473348617553711,0.012939453125,0.012274980545043945,122.98046875,beta1
FedHST,FashionMNIST,0.5,0.7,0.999,26,0.49145247955322263,0.8222642807833094,82.1,26,100,54410,4.0795087814331055,4.068824291229248,0.010684490203857422,0.010128021240234375,122.98046875,beta1
FedHST,FashionMNIST,0.5,0.7,0.999,27,0.49441601576805116,0.8156116043575874,82.02,27,100,54410,3.823637008666992,3.8117640018463135,0.011873006820678711,0.011264324188232422,122.98046875,beta1
FedHST,FashionMNIST,0.5,0.7,0.999,28,0.44755409598350526,0.8262343904082726,83.55,30,100,54410,4.564991474151611,4.5522987842559814,0.012692689895629883,0.012095212936401367,122.98095703125,beta1
FedHST,FashionMNIST,0.5,0.7,0.999,29,0.46728890850543975,0.817953971003438,82.89,25,100,54410,2.7800371646881104,2.770102024078369,0.009935140609741211,0.00939488410949707,122.98095703125,beta1
FedHST,FashionMNIST,0.5,0.7,0.999,30,0.488705419254303,0.8134124573009303,82.41,28,100,54410,3.8268160820007324,3.81643009185791,0.010385990142822266,0.009775638580322266,122.98095703125,beta1
FedHST,FashionMNIST,0.5,0.7,0.999,31,0.4736014050960541,0.8254964088134302,82.51,25,100,54410,3.0834436416625977,3.0735888481140137,0.009854793548583984,0.009290218353271484,122.98095703125,beta1
FedHST,FashionMNIST,0.5,0.7,0.999,32,0.5298407303333282,0.795466097771261,79.08,25,100,54410,2.957937240600586,2.9478983879089355,0.01003885269165039,0.009438037872314453,122.98095703125,beta1
FedHST,FashionMNIST,0.5,0.7,0.999,33,0.4332180891990662,0.8411392330078806,83.9,27,100,54410,4.267827033996582,4.255751848220825,0.012075185775756836,0.011357784271240234,122.98095703125,beta1
FedHST,FashionMNIST,0.5,0.7,0.999,34,0.5027182121276855,0.7991908402027189,82.31,29,100,54410,4.948757648468018,4.935917854309082,0.012839794158935547,0.012277364730834961,122.98095703125,beta1
FedHST,FashionMNIST,0.5,0.7,0.999,35,0.5718362943649292,0.7872014898797123,81.99,27,100,54410,3.9908833503723145,3.9786887168884277,0.012194633483886719,0.011600494384765625,122.98095703125,beta1
FedHST,FashionMNIST,0.5,0.7,0.999,36,0.4830867063045502,0.8151959657189091,83.78,26,100,54410,4.322517156600952,4.311083793640137,0.01143336296081543,0.010821342468261719,122.98095703125,beta1
FedHST,FashionMNIST,0.5,0.7,0.999,37,0.37973556549549103,0.870175032017549,87.14,22,100,54410,3.982154607772827,3.972900152206421,0.00925445556640625,0.008739471435546875,122.98095703125,beta1
FedHST,FashionMNIST,0.5,0.7,0.999,38,0.4223885828256607,0.8441251079524535,84.06,25,100,54410,3.1226823329925537,3.111326217651367,0.011356115341186523,0.010748863220214844,122.98095703125,beta1
FedHST,FashionMNIST,0.5,0.7,0.999,39,0.3961701314687729,0.8552162195343271,85.66,27,100,54410,4.444429159164429,4.433176279067993,0.011252880096435547,0.01067972183227539,122.98095703125,beta1
FedHST,FashionMNIST,0.5,0.7,0.999,40,0.378787585067749,0.8646379141524381,86.77,27,100,54410,4.031953573226929,4.0208821296691895,0.011071443557739258,0.01049947738647461,122.98095703125,beta1
FedHST,FashionMNIST,0.5,0.7,0.999,41,0.3772026039838791,0.8654466513572598,86.93,26,100,54410,4.116795778274536,4.105078458786011,0.01171731948852539,0.011044979095458984,122.98095703125,beta1
FedHST,FashionMNIST,0.5,0.7,0.999,42,0.38852748079299926,0.860263981479066,86.38,28,100,54410,4.248658895492554,4.236435413360596,0.012223482131958008,0.011654138565063477,122.98095703125,beta1
FedHST,FashionMNIST,0.5,0.7,0.999,43,0.3845463006258011,0.8626654917896237,86.52,26,100,54410,3.5841567516326904,3.572040319442749,0.012116432189941406,0.011463165283203125,122.98095703125,beta1
FedHST,FashionMNIST,0.5,0.7,0.999,44,0.400733914065361,0.8538628368962247,85.91,29,100,54410,4.666337966918945,4.654170989990234,0.012166976928710938,0.01148676872253418,122.98095703125,beta1
FedHST,FashionMNIST,0.5,0.7,0.999,45,0.3873353794336319,0.859057056378037,86.28,26,100,54410,2.727992534637451,2.717576503753662,0.010416030883789062,0.009941816329956055,122.98095703125,beta1
FedHST,FashionMNIST,0.5,0.7,0.999,46,0.38239321660995484,0.8589627026564319,86.14,30,100,54410,4.449387073516846,4.437574863433838,0.011812210083007812,0.011193037033081055,122.98095703125,beta1
FedHST,FashionMNIST,0.5,0.7,0.999,47,0.360810355424881,0.8709767844553877,87.26,27,100,54410,3.4446215629577637,3.4329659938812256,0.011655569076538086,0.011062860488891602,122.98095703125,beta1
FedHST,FashionMNIST,0.5,0.7,0.999,48,0.3950759912967682,0.8586045089626287,86.11,27,100,54410,4.804911136627197,4.792845726013184,0.012065410614013672,0.01144552230834961,122.98095703125,beta1
FedHST,FashionMNIST,0.5,0.7,0.999,49,0.4185184777975082,0.8431514779792602,84.68,25,100,54410,3.5149121284484863,3.5042102336883545,0.010701894760131836,0.010043859481811523,122.98095703125,beta1
FedHST,FashionMNIST,0.5,0.7,0.999,50,0.37531456489562987,0.8621209174865957,86.24,30,100,54410,4.082915306091309,4.07092809677124,0.01198720932006836,0.01142120361328125,122.98095703125,beta1
FedHST,FashionMNIST,0.5,0.9,0.999,1,2.0543050369262694,0.17766728775076923,25.55,30,100,54410,4.914796829223633,4.90266227722168,0.012134552001953125,0.011638879776000977,122.7568359375,beta1
FedHST,FashionMNIST,0.5,0.9,0.999,2,1.6179615463256836,0.29421511668575795,40.48,26,100,54410,3.6938254833221436,3.6829001903533936,0.01092529296875,0.010359764099121094,122.7568359375,beta1
FedHST,FashionMNIST,0.5,0.9,0.999,3,1.2886125064849854,0.4411332889986964,51.78,30,100,54410,4.309414386749268,4.297254323959351,0.012160062789916992,0.011574745178222656,122.98046875,beta1
FedHST,FashionMNIST,0.5,0.9,0.999,4,1.0889477898597717,0.4884072632674723,54.93,23,100,54410,2.7137467861175537,2.7041056156158447,0.009641170501708984,0.00912165641784668,122.98046875,beta1
FedHST,FashionMNIST,0.5,0.9,0.999,5,0.894386956691742,0.6617474237343839,68.89,26,100,54410,3.33648681640625,3.325518846511841,0.01096796989440918,0.010417938232421875,122.98046875,beta1
FedHST,FashionMNIST,0.5,0.9,0.999,6,0.7609183052062988,0.7317264909606905,74.21,24,100,54410,4.332457542419434,4.321835994720459,0.01062154769897461,0.010049581527709961,122.98046875,beta1
FedHST,FashionMNIST,0.5,0.9,0.999,7,0.8002981030464172,0.6957793918050792,71.21,28,100,54410,4.0906360149383545,4.079298734664917,0.0113372802734375,0.010809898376464844,122.98046875,beta1
FedHST,FashionMNIST,0.5,0.9,0.999,8,0.8347495900154114,0.6619187845865934,69.54,24,100,54410,3.2929527759552,3.282794713973999,0.010158061981201172,0.009614706039428711,122.98046875,beta1
FedHST,FashionMNIST,0.5,0.9,0.999,9,0.8077207558631897,0.6581680698735044,69.49,25,100,54410,3.1248128414154053,3.1137728691101074,0.011039972305297852,0.01043558120727539,122.98046875,beta1
FedHST,FashionMNIST,0.5,0.9,0.999,10,0.7754443742752075,0.6588422120009255,68.58,20,100,54410,2.7088775634765625,2.7000296115875244,0.008847951889038086,0.00823211669921875,122.98046875,beta1
FedHST,FashionMNIST,0.5,0.9,0.999,11,0.7025494688034057,0.7188845456152464,72.87,20,100,54410,2.1471171379089355,2.1376428604125977,0.00947427749633789,0.008863449096679688,122.98046875,beta1
FedHST,FashionMNIST,0.5,0.9,0.999,12,0.6854553599357605,0.7293543841685249,74.27,30,100,54410,4.383165121078491,4.3706865310668945,0.01247859001159668,0.011870861053466797,122.98046875,beta1
FedHST,FashionMNIST,0.5,0.9,0.999,13,0.6874646472930909,0.7294525705711163,74.67,29,100,54410,4.019050598144531,4.006849527359009,0.012201070785522461,0.011646509170532227,122.98046875,beta1
FedHST,FashionMNIST,0.5,0.9,0.999,14,0.7049600583553314,0.7292319109444523,74.97,22,100,54410,3.57680344581604,3.567744016647339,0.009059429168701172,0.008503913879394531,122.98046875,beta1
FedHST,FashionMNIST,0.5,0.9,0.999,15,0.6780240052700043,0.7359219938964712,76.21,28,100,54410,4.349258899688721,4.337767601013184,0.01149129867553711,0.010968446731567383,122.98046875,beta1
FedHST,FashionMNIST,0.5,0.9,0.999,16,0.64457342877388,0.748545552326122,77.45,28,100,54410,5.09213662147522,5.080894470214844,0.011242151260375977,0.010591745376586914,122.98046875,beta1
FedHST,FashionMNIST,0.5,0.9,0.999,17,0.6185066715717316,0.7637300633914841,78.18,26,100,54410,4.101621150970459,4.089850425720215,0.01177072525024414,0.011172771453857422,122.98046875,beta1
FedHST,FashionMNIST,0.5,0.9,0.999,18,0.5820757942199707,0.780681777405862,79.1,21,100,54410,2.9891679286956787,2.978759527206421,0.010408401489257812,0.009770393371582031,122.98046875,beta1
FedHST,FashionMNIST,0.5,0.9,0.999,19,0.5529066819190979,0.7909152251330248,79.61,28,100,54410,4.539846658706665,4.527862548828125,0.011984109878540039,0.011437416076660156,122.98046875,beta1
FedHST,FashionMNIST,0.5,0.9,0.999,20,0.5176839891433715,0.8084350687789004,80.91,28,100,54410,3.6026525497436523,3.5919458866119385,0.010706663131713867,0.010207176208496094,122.98046875,beta1
FedHST,FashionMNIST,0.5,0.9,0.999,21,0.5066569754123688,0.8150518600541388,81.27,24,100,54410,4.186492204666138,4.176252841949463,0.010239362716674805,0.009671688079833984,122.98046875,beta1
FedHST,FashionMNIST,0.5,0.9,0.999,22,0.50655225481987,0.8138666252748052,81.04,26,100,54410,4.051769495010376,4.039886951446533,0.011882543563842773,0.011245250701904297,122.98046875,beta1
FedHST,FashionMNIST,0.5,0.9,0.999,23,0.5093752426624298,0.8151063398344235,81.54,28,100,54410,4.749584674835205,4.738542795181274,0.011041879653930664,0.010464668273925781,122.98046875,beta1
FedHST,FashionMNIST,0.5,0.9,0.999,24,0.5182035385131836,0.8037105021077989,80.93,23,100,54410,3.121976137161255,3.111910820007324,0.010065317153930664,0.00948190689086914,122.98046875,beta1
FedHST,FashionMNIST,0.5,0.9,0.999,25,0.5361487490653992,0.7938378973693394,80.32,29,100,54410,3.9629807472229004,3.9510891437530518,0.011891603469848633,0.011340141296386719,122.98046875,beta1
FedHST,FashionMNIST,0.5,0.9,0.999,26,0.5494209257125855,0.7815846287478531,80.17,26,100,54410,4.586916923522949,4.574566841125488,0.012350082397460938,0.011718034744262695,122.98046875,beta1
FedHST,FashionMNIST,0.5,0.9,0.999,27,0.5190411046028137,0.7890752110928277,81.23,27,100,54410,4.388433933258057,4.377762079238892,0.010671854019165039,0.010072946548461914,122.98046875,beta1
FedHST,FashionMNIST,0.5,0.9,0.999,28,0.4855683227300644,0.8083770979553624,82.73,30,100,54410,4.663968324661255,4.652188062667847,0.011780261993408203,0.011234045028686523,122.98095703125,beta1
FedHST,FashionMNIST,0.5,0.9,0.999,29,0.4545705709218979,0.8251337625825824,83.71,25,100,54410,2.8715567588806152,2.8605499267578125,0.011006832122802734,0.010442495346069336,122.98095703125,beta1
FedHST,FashionMNIST,0.5,0.9,0.999,30,0.44038991656303406,0.8375646912420519,84.49,28,100,54410,4.238823890686035,4.226881980895996,0.011941909790039062,0.011357545852661133,122.98095703125,beta1
FedHST,FashionMNIST,0.5,0.9,0.999,31,0.4283814289569855,0.8469777823208189,84.89,25,100,54410,3.0850448608398438,3.0737545490264893,0.011290311813354492,0.010680913925170898,122.98095703125,beta1
FedHST,FashionMNIST,0.5,0.9,0.999,32,0.4427565892219543,0.8417436877640576,83.88,25,100,54410,3.057443857192993,3.0476064682006836,0.00983738899230957,0.00924539566040039,122.98095703125,beta1
FedHST,FashionMNIST,0.5,0.9,0.999,33,0.4572959424972534,0.8332103972297095,82.9,27,100,54410,4.303490161895752,4.291739225387573,0.011750936508178711,0.011148929595947266,122.98095703125,beta1
FedHST,FashionMNIST,0.5,0.9,0.999,34,0.4381771983146667,0.8444976077450377,84.14,29,100,54410,4.807343482971191,4.794846773147583,0.012496709823608398,0.011872053146362305,122.98095703125,beta1
FedHST,FashionMNIST,0.5,0.9,0.999,35,0.42226391468048097,0.85202406350142,85.15,27,100,54410,3.9980409145355225,3.9869539737701416,0.01108694076538086,0.010511398315429688,122.98095703125,beta1
FedHST,FashionMNIST,0.5,0.9,0.999,36,0.4301086372852325,0.845027273282186,84.9,26,100,54410,4.470566987991333,4.459912061691284,0.010654926300048828,0.010093212127685547,122.98095703125,beta1
FedHST,FashionMNIST,0.5,0.9,0.999,37,0.44894379243850707,0.831820345259589,84.18,22,100,54410,3.757260322570801,3.747532367706299,0.009727954864501953,0.009122610092163086,122.98095703125,beta1
FedHST,FashionMNIST,0.5,0.9,0.999,38,0.4844544508934021,0.8109484756232128,82.98,25,100,54410,3.020458221435547,3.0086092948913574,0.011848926544189453,0.011242866516113281,122.98095703125,beta1
FedHST,FashionMNIST,0.5,0.9,0.999,39,0.5025978901863098,0.8005379327781613,82.22,27,100,54410,4.032871246337891,4.021153450012207,0.011717796325683594,0.011145830154418945,122.98095703125,beta1
FedHST,FashionMNIST,0.5,0.9,0.999,40,0.48065370309352873,0.8075637995317433,82.54,27,100,54410,3.999227523803711,3.986961603164673,0.012265920639038086,0.011617422103881836,122.98095703125,beta1
FedHST,FashionMNIST,0.5,0.9,0.999,41,0.43548375160694125,0.8315301921222046,84.13,26,100,54410,3.9630813598632812,3.9527831077575684,0.01029825210571289,0.009751081466674805,122.98095703125,beta1
FedHST,FashionMNIST,0.5,0.9,0.999,42,0.4009013214588165,0.8536764050242851,85.75,28,100,54410,4.025872707366943,4.014704704284668,0.01116800308227539,0.01056361198425293,122.98095703125,beta1
FedHST,FashionMNIST,0.5,0.9,0.999,43,0.3926986878156662,0.8598973621220825,85.91,26,100,54410,3.3954708576202393,3.3845431804656982,0.010927677154541016,0.010367631912231445,122.98095703125,beta1
FedHST,FashionMNIST,0.5,0.9,0.999,44,0.40343897631168363,0.8557407316062718,85.36,29,100,54410,4.718106985092163,4.705213785171509,0.012893199920654297,0.012265920639038086,122.98095703125,beta1
FedHST,FashionMNIST,0.5,0.9,0.999,45,0.4144025996208191,0.8515468149623009,84.91,26,100,54410,3.080601692199707,3.070284605026245,0.010317087173461914,0.00981450080871582,122.98095703125,beta1
FedHST,FashionMNIST,0.5,0.9,0.999,46,0.4049624097108841,0.8541322660694657,85.27,30,100,54410,5.0968968868255615,5.083601713180542,0.013295173645019531,0.01252293586730957,122.98095703125,beta1
FedHST,FashionMNIST,0.5,0.9,0.999,47,0.3932441867828369,0.8580294312168182,85.8,27,100,54410,3.326181650161743,3.3142008781433105,0.011980772018432617,0.011379241943359375,122.98095703125,beta1
FedHST,FashionMNIST,0.5,0.9,0.999,48,0.3881531877040863,0.8609852097058768,86.27,27,100,54410,4.632996082305908,4.621245622634888,0.011750459671020508,0.011075019836425781,122.98095703125,beta1
FedHST,FashionMNIST,0.5,0.9,0.999,49,0.39100050089359284,0.8577231275854496,86.08,25,100,54410,3.676607370376587,3.666069507598877,0.010537862777709961,0.009979724884033203,122.98095703125,beta1
FedHST,FashionMNIST,0.5,0.9,0.999,50,0.3870585387468338,0.8585578778122762,86.23,30,100,54410,4.388997793197632,4.3769917488098145,0.012006044387817383,0.011345624923706055,122.98095703125,beta1
FedHST,FashionMNIST,0.5,0.99,0.999,1,2.2959425468444823,0.04137674386879013,11.18,30,100,54410,5.11599063873291,5.102973222732544,0.013017416000366211,0.012398481369018555,122.7568359375,beta1
FedHST,FashionMNIST,0.5,0.99,0.999,2,2.212307068634033,0.0687217947353412,14.19,26,100,54410,4.222818374633789,4.211346387863159,0.011471986770629883,0.010785102844238281,122.7568359375,beta1
FedHST,FashionMNIST,0.5,0.99,0.999,3,2.1058447666168214,0.1657370307270018,22.04,30,100,54410,5.051408052444458,5.038592338562012,0.012815713882446289,0.012220621109008789,122.98046875,beta1
FedHST,FashionMNIST,0.5,0.99,0.999,4,1.9720214191436767,0.25789702278245763,34.56,23,100,54410,3.185511827468872,3.1749184131622314,0.010593414306640625,0.009968280792236328,122.98046875,beta1
FedHST,FashionMNIST,0.5,0.99,0.999,5,1.846306579399109,0.32364688945372877,41.88,26,100,54410,3.8491427898406982,3.837639093399048,0.01150369644165039,0.010875940322875977,122.98046875,beta1
FedHST,FashionMNIST,0.5,0.99,0.999,6,1.7267932804107666,0.3730365142688997,46.22,24,100,54410,4.315906524658203,4.305724620819092,0.010181903839111328,0.009624481201171875,122.98046875,beta1
FedHST,FashionMNIST,0.5,0.99,0.999,7,1.6032865043640137,0.4045878461354665,49.0,28,100,54410,4.3667919635772705,4.353933334350586,0.01285862922668457,0.01216888427734375,122.98046875,beta1
FedHST,FashionMNIST,0.5,0.99,0.999,8,1.497288228225708,0.41914965878373645,50.19,24,100,54410,3.6435155868530273,3.632758855819702,0.010756731033325195,0.0101470947265625,122.98046875,beta1
FedHST,FashionMNIST,0.5,0.99,0.999,9,1.420117363357544,0.4254537243317206,50.61,25,100,54410,3.540832757949829,3.529447555541992,0.011385202407836914,0.010782480239868164,122.98046875,beta1
FedHST,FashionMNIST,0.5,0.99,0.999,10,1.3526739088058473,0.4330952661322696,51.07,20,100,54410,2.9938161373138428,2.986018180847168,0.007797956466674805,0.007261991500854492,122.98046875,beta1
FedHST,FashionMNIST,0.5,0.99,0.999,11,1.2977466524124146,0.4401187677271873,51.55,20,100,54410,2.3989691734313965,2.3894810676574707,0.009488105773925781,0.008881807327270508,122.98046875,beta1
FedHST,FashionMNIST,0.5,0.99,0.999,12,1.2368098418235778,0.4541738325748296,53.12,30,100,54410,4.959179878234863,4.946741819381714,0.012438058853149414,0.011811971664428711,122.98046875,beta1
FedHST,FashionMNIST,0.5,0.99,0.999,13,1.1664440048217772,0.4681247280490276,54.67,29,100,54410,4.629265308380127,4.618463754653931,0.010801553726196289,0.010288238525390625,122.98046875,beta1
FedHST,FashionMNIST,0.5,0.99,0.999,14,1.0931743988990783,0.48329388234503645,56.26,22,100,54410,3.979827642440796,3.9713213443756104,0.008506298065185547,0.007954597473144531,122.98046875,beta1
FedHST,FashionMNIST,0.5,0.99,0.999,15,1.01637358045578,0.5094844630822768,58.37,28,100,54410,4.547274827957153,4.534992694854736,0.012282133102416992,0.01172947883605957,122.98046875,beta1
FedHST,FashionMNIST,0.5,0.99,0.999,16,0.9409932893753051,0.5443393165143513,61.02,28,100,54410,4.7663726806640625,4.753466367721558,0.012906312942504883,0.01228952407836914,122.98046875,beta1
FedHST,FashionMNIST,0.5,0.99,0.999,17,0.8799019429206848,0.5995613999531246,64.71,26,100,54410,4.105629205703735,4.093703985214233,0.011925220489501953,0.011238813400268555,122.98046875,beta1
FedHST,FashionMNIST,0.5,0.99,0.999,18,0.8241095410346985,0.6701530496084473,69.82,21,100,54410,3.017775774002075,3.0075888633728027,0.010186910629272461,0.009532690048217773,122.98046875,beta1
FedHST,FashionMNIST,0.5,0.99,0.999,19,0.7773690673828125,0.7110720843181519,72.99,28,100,54410,4.570547819137573,4.559463262557983,0.011084556579589844,0.010534524917602539,122.98046875,beta1
FedHST,FashionMNIST,0.5,0.99,0.999,20,0.7331141254425049,0.7365101993834285,74.95,28,100,54410,3.6211273670196533,3.608271837234497,0.01285552978515625,0.012172937393188477,122.98046875,beta1
FedHST,FashionMNIST,0.5,0.99,0.999,21,0.7152307266235352,0.7428526399490246,75.21,24,100,54410,4.3472161293029785,4.335501432418823,0.011714696884155273,0.010911703109741211,122.98046875,beta1
FedHST,FashionMNIST,0.5,0.99,0.999,22,0.7115987438201904,0.7415471700535607,74.89,26,100,54410,3.8640880584716797,3.8523526191711426,0.01173543930053711,0.011112451553344727,122.98046875,beta1
FedHST,FashionMNIST,0.5,0.99,0.999,23,0.7068180708885193,0.7405496643758614,74.64,28,100,54410,4.653271436691284,4.641160249710083,0.012111186981201172,0.011521339416503906,122.98046875,beta1
FedHST,FashionMNIST,0.5,0.99,0.999,24,0.7022044202804566,0.7404033228359399,74.53,23,100,54410,2.8468899726867676,2.8374502658843994,0.009439706802368164,0.008914709091186523,122.98046875,beta1
FedHST,FashionMNIST,0.5,0.99,0.999,25,0.6927227143287659,0.7436128805369958,74.75,29,100,54410,3.4318132400512695,3.419304132461548,0.01250910758972168,0.011905193328857422,122.98046875,beta1
FedHST,FashionMNIST,0.5,0.99,0.999,26,0.6802891953468323,0.7507954556393315,75.33,26,100,54410,3.967937469482422,3.9575092792510986,0.010428190231323242,0.009848356246948242,122.98046875,beta1
FedHST,FashionMNIST,0.5,0.99,0.999,27,0.6674639430522918,0.7580742838234007,75.95,27,100,54410,3.758397102355957,3.7468533515930176,0.011543750762939453,0.010964393615722656,122.98046875,beta1
FedHST,FashionMNIST,0.5,0.99,0.999,28,0.6556703918457031,0.7663122620410112,76.68,30,100,54410,4.3457043170928955,4.334381341934204,0.011322975158691406,0.01082611083984375,122.98095703125,beta1
FedHST,FashionMNIST,0.5,0.99,0.999,29,0.6499721471309662,0.7741107166840846,77.46,25,100,54410,2.653165102005005,2.643656015396118,0.009509086608886719,0.008996725082397461,122.98095703125,beta1
FedHST,FashionMNIST,0.5,0.99,0.999,30,0.6472176285266876,0.7748260306981194,77.68,28,100,54410,3.6461472511291504,3.6351773738861084,0.010969877243041992,0.010422468185424805,122.98095703125,beta1
FedHST,FashionMNIST,0.5,0.99,0.999,31,0.6420203175544739,0.7803732054166463,78.31,25,100,54410,3.0287718772888184,3.018331527709961,0.010440349578857422,0.009874820709228516,122.98095703125,beta1
FedHST,FashionMNIST,0.5,0.99,0.999,32,0.6465047461509704,0.7785550069888859,78.2,25,100,54410,2.946366786956787,2.9365077018737793,0.009859085083007812,0.009369850158691406,122.98095703125,beta1
FedHST,FashionMNIST,0.5,0.99,0.999,33,0.6661394473552704,0.7723436010046882,77.58,27,100,54410,4.212704420089722,4.200628757476807,0.012075662612915039,0.011472940444946289,122.98095703125,beta1
FedHST,FashionMNIST,0.5,0.99,0.999,34,0.6896046553134918,0.7570791790481092,76.24,29,100,54410,4.68446946144104,4.67291784286499,0.011551618576049805,0.010997772216796875,122.98095703125,beta1
FedHST,FashionMNIST,0.5,0.99,0.999,35,0.7157978772163391,0.7421092377461294,74.86,27,100,54410,4.006764650344849,3.9947123527526855,0.012052297592163086,0.011433601379394531,122.98095703125,beta1
FedHST,FashionMNIST,0.5,0.99,0.999,36,0.7479455019950867,0.7216588923780453,72.97,26,100,54410,4.262518882751465,4.251404523849487,0.011114358901977539,0.0106201171875,122.98095703125,beta1
FedHST,FashionMNIST,0.5,0.99,0.999,37,0.7714119080543518,0.7058571083355131,71.66,22,100,54410,3.790069818496704,3.7796242237091064,0.010445594787597656,0.00982213020324707,122.98095703125,beta1
FedHST,FashionMNIST,0.5,0.99,0.999,38,0.8167619191169738,0.6845455388317331,69.79,25,100,54410,3.060549259185791,3.0506019592285156,0.00994729995727539,0.009378194808959961,122.98095703125,beta1
FedHST,FashionMNIST,0.5,0.99,0.999,39,0.8398574582099915,0.6706678270515847,68.69,27,100,54410,4.035121917724609,4.025181531906128,0.009940385818481445,0.009403467178344727,122.98095703125,beta1
FedHST,FashionMNIST,0.5,0.99,0.999,40,0.843170460987091,0.6718652433944253,68.85,27,100,54410,3.9961159229278564,3.9844000339508057,0.011715888977050781,0.011081695556640625,122.98095703125,beta1
FedHST,FashionMNIST,0.5,0.99,0.999,41,0.8294558742523194,0.6788724645060559,69.42,26,100,54410,4.421729803085327,4.411221265792847,0.010508537292480469,0.009984731674194336,122.98095703125,beta1
FedHST,FashionMNIST,0.5,0.99,0.999,42,0.8043493197441101,0.6954284923947771,70.8,28,100,54410,4.179475784301758,4.167788028717041,0.011687755584716797,0.011092662811279297,122.98095703125,beta1
FedHST,FashionMNIST,0.5,0.99,0.999,43,0.7711287299156189,0.7113410466907909,72.22,26,100,54410,3.9911139011383057,3.9796559810638428,0.01145792007446289,0.010828971862792969,122.98095703125,beta1
FedHST,FashionMNIST,0.5,0.99,0.999,44,0.7347263773918152,0.7293120103262462,73.91,29,100,54410,4.818173885345459,4.804895639419556,0.01327824592590332,0.012544393539428711,122.98095703125,beta1
FedHST,FashionMNIST,0.5,0.99,0.999,45,0.6961705109596252,0.7462622751939477,75.51,26,100,54410,2.626997232437134,2.6147334575653076,0.012263774871826172,0.011595487594604492,122.98095703125,beta1
FedHST,FashionMNIST,0.5,0.99,0.999,46,0.6555498627662659,0.7623600215673918,77.11,30,100,54410,4.416076898574829,4.403401136398315,0.012675762176513672,0.012018680572509766,122.98095703125,beta1
FedHST,FashionMNIST,0.5,0.99,0.999,47,0.6178909545898438,0.775705569716924,78.43,27,100,54410,3.429658889770508,3.418910026550293,0.010748863220214844,0.01024770736694336,122.98095703125,beta1
FedHST,FashionMNIST,0.5,0.99,0.999,48,0.5892820343494415,0.7858311325054034,79.36,27,100,54410,4.4231109619140625,4.411688804626465,0.011422157287597656,0.010799884796142578,122.98095703125,beta1
FedHST,FashionMNIST,0.5,0.99,0.999,49,0.5651532816410064,0.7967476066404109,80.34,25,100,54410,3.1013035774230957,3.0920281410217285,0.009275436401367188,0.008798599243164062,122.98095703125,beta1
FedHST,FashionMNIST,0.5,0.99,0.999,50,0.5497908870220184,0.8011749946904068,80.72,30,100,54410,3.9857282638549805,3.972618341445923,0.013109922409057617,0.012494325637817383,122.98095703125,beta1
FedHST,FashionMNIST,0.5,0.9,0.9,1,2.060893410491943,0.17779410376368654,25.54,30,100,54410,4.8129963874816895,4.800928354263306,0.012068033218383789,0.011535406112670898,122.7568359375,beta2
FedHST,FashionMNIST,0.5,0.9,0.9,2,1.6562416702270508,0.27867047627103547,39.65,26,100,54410,3.7104854583740234,3.699927568435669,0.010557889938354492,0.009991645812988281,122.7568359375,beta2
FedHST,FashionMNIST,0.5,0.9,0.9,3,1.334010652732849,0.43211890455178326,51.14,30,100,54410,4.3364317417144775,4.324799299240112,0.011632442474365234,0.011122941970825195,122.98046875,beta2
FedHST,FashionMNIST,0.5,0.9,0.9,4,1.1196954093933105,0.45513157177387836,53.06,23,100,54410,2.74177622795105,2.7320806980133057,0.00969552993774414,0.009119749069213867,122.98046875,beta2
FedHST,FashionMNIST,0.5,0.9,0.9,5,0.9249212260246277,0.6431323922717954,67.57,26,100,54410,3.4540531635284424,3.4432473182678223,0.010805845260620117,0.010215044021606445,122.98046875,beta2
FedHST,FashionMNIST,0.5,0.9,0.9,6,0.7891842957496643,0.7199479468174969,73.27,24,100,54410,4.128357172012329,4.11742901802063,0.010928153991699219,0.010256052017211914,122.98046875,beta2
FedHST,FashionMNIST,0.5,0.9,0.9,7,0.8192326076507568,0.6992700932409032,71.52,28,100,54410,4.092751979827881,4.08048939704895,0.012262582778930664,0.011691570281982422,122.98046875,beta2
FedHST,FashionMNIST,0.5,0.9,0.9,8,0.8453275952339172,0.6727351531822979,70.35,24,100,54410,3.186978816986084,3.176170587539673,0.010808229446411133,0.010123729705810547,122.98046875,beta2
FedHST,FashionMNIST,0.5,0.9,0.9,9,0.8183694036483765,0.6764130224681727,70.82,25,100,54410,3.1913585662841797,3.1800968647003174,0.011261701583862305,0.010653018951416016,122.98046875,beta2
FedHST,FashionMNIST,0.5,0.9,0.9,10,0.784529668712616,0.6756480076667531,69.75,20,100,54410,2.620760679244995,2.611776828765869,0.008983850479125977,0.008353710174560547,122.98046875,beta2
FedHST,FashionMNIST,0.5,0.9,0.9,11,0.7222937168598175,0.7138008914611046,72.53,20,100,54410,2.1925082206726074,2.183485269546509,0.009022951126098633,0.008431196212768555,122.98046875,beta2
FedHST,FashionMNIST,0.5,0.9,0.9,12,0.7113314836502075,0.7220337137856314,73.78,30,100,54410,4.326099872589111,4.31361722946167,0.012482643127441406,0.011905193328857422,122.98046875,beta2
FedHST,FashionMNIST,0.5,0.9,0.9,13,0.7043476374149322,0.7270256211649666,74.58,29,100,54410,4.30455470085144,4.291498184204102,0.013056516647338867,0.012426137924194336,122.98046875,beta2
FedHST,FashionMNIST,0.5,0.9,0.9,14,0.6907994513034821,0.7370179872269462,75.83,22,100,54410,3.836169481277466,3.8268399238586426,0.009329557418823242,0.008777141571044922,122.98046875,beta2
FedHST,FashionMNIST,0.5,0.9,0.9,15,0.667235783815384,0.743390638851505,76.79,28,100,54410,4.247453689575195,4.236157417297363,0.011296272277832031,0.010746002197265625,122.98046875,beta2
FedHST,FashionMNIST,0.5,0.9,0.9,16,0.646084313583374,0.7543164696215855,77.7,28,100,54410,4.604305744171143,4.593447208404541,0.010858535766601562,0.010267257690429688,122.98046875,beta2
FedHST,FashionMNIST,0.5,0.9,0.9,17,0.6278202334880829,0.7673963514056392,78.25,26,100,54410,4.156298875808716,4.145676851272583,0.010622024536132812,0.010097265243530273,122.98046875,beta2
FedHST,FashionMNIST,0.5,0.9,0.9,18,0.5845078511238098,0.7818461877892795,79.07,21,100,54410,3.278923273086548,3.2693052291870117,0.009618043899536133,0.009013175964355469,122.98046875,beta2
FedHST,FashionMNIST,0.5,0.9,0.9,19,0.5494778473854065,0.7941629673100203,79.81,28,100,54410,5.146362066268921,5.1355204582214355,0.010841608047485352,0.010289192199707031,122.98046875,beta2
FedHST,FashionMNIST,0.5,0.9,0.9,20,0.5309711163043975,0.8078603964288897,80.75,28,100,54410,4.069077253341675,4.057772397994995,0.011304855346679688,0.010728597640991211,122.98046875,beta2
FedHST,FashionMNIST,0.5,0.9,0.9,21,0.526523807144165,0.8068095611932924,80.37,24,100,54410,4.5232110023498535,4.512711048126221,0.010499954223632812,0.009934663772583008,122.98046875,beta2
FedHST,FashionMNIST,0.5,0.9,0.9,22,0.5236919221401215,0.8070013854378406,80.39,26,100,54410,3.744866371154785,3.7331817150115967,0.011684656143188477,0.011066675186157227,122.98046875,beta2
FedHST,FashionMNIST,0.5,0.9,0.9,23,0.5291213210582734,0.8051573087476955,80.68,28,100,54410,4.687332630157471,4.674691915512085,0.012640714645385742,0.011997461318969727,122.98046875,beta2
FedHST,FashionMNIST,0.5,0.9,0.9,24,0.5406019902706146,0.7880037353963499,79.63,23,100,54410,2.8944921493530273,2.884341239929199,0.010150909423828125,0.009584665298461914,122.98046875,beta2
FedHST,FashionMNIST,0.5,0.9,0.9,25,0.5558087920188903,0.7784733736645281,79.29,29,100,54410,3.4319236278533936,3.4186618328094482,0.013261795043945312,0.012551307678222656,122.98046875,beta2
FedHST,FashionMNIST,0.5,0.9,0.9,26,0.562026279592514,0.768532470447763,79.37,26,100,54410,4.018744230270386,4.006805181503296,0.011939048767089844,0.011326313018798828,122.98046875,beta2
FedHST,FashionMNIST,0.5,0.9,0.9,27,0.5285627429008484,0.7822992929563471,80.99,27,100,54410,3.8054215908050537,3.7944817543029785,0.010939836502075195,0.010407686233520508,122.98046875,beta2
FedHST,FashionMNIST,0.5,0.9,0.9,28,0.49437728085517885,0.801567723967491,82.27,30,100,54410,4.382448196411133,4.3700315952301025,0.012416601181030273,0.011792659759521484,122.98095703125,beta2
FedHST,FashionMNIST,0.5,0.9,0.9,29,0.46304843873977664,0.8231137917108864,83.58,25,100,54410,2.7169055938720703,2.7053067684173584,0.011598825454711914,0.010963916778564453,122.98095703125,beta2
FedHST,FashionMNIST,0.5,0.9,0.9,30,0.44711144080162046,0.8348357658977736,84.27,28,100,54410,3.8008036613464355,3.790346384048462,0.010457277297973633,0.009950399398803711,122.98095703125,beta2
FedHST,FashionMNIST,0.5,0.9,0.9,31,0.43494392724037173,0.8448148087350787,84.66,25,100,54410,3.190849781036377,3.180584669113159,0.010265111923217773,0.009658575057983398,122.98095703125,beta2
FedHST,FashionMNIST,0.5,0.9,0.9,32,0.4501106997966766,0.8410940269700348,83.82,25,100,54410,3.1342780590057373,3.1238653659820557,0.01041269302368164,0.009838104248046875,122.98095703125,beta2
FedHST,FashionMNIST,0.5,0.9,0.9,33,0.4629018106460571,0.8321683430254936,82.87,27,100,54410,4.3031325340271,4.292937517166138,0.010195016860961914,0.009667158126831055,122.98095703125,beta2
FedHST,FashionMNIST,0.5,0.9,0.9,34,0.4371166750192642,0.8417622105945977,83.99,29,100,54410,4.738072633743286,4.725037097930908,0.01303553581237793,0.012410640716552734,122.98095703125,beta2
FedHST,FashionMNIST,0.5,0.9,0.9,35,0.4250091694355011,0.8452051663706825,84.7,27,100,54410,3.906806468963623,3.895542860031128,0.011263608932495117,0.010690450668334961,122.98095703125,beta2
FedHST,FashionMNIST,0.5,0.9,0.9,36,0.4457204504966736,0.8294277882492869,83.85,26,100,54410,4.300903081893921,4.289889097213745,0.011013984680175781,0.01045370101928711,122.98095703125,beta2
FedHST,FashionMNIST,0.5,0.9,0.9,37,0.47598756155967714,0.8123739364698596,82.98,22,100,54410,4.293314695358276,4.2822136878967285,0.011101007461547852,0.010473012924194336,122.98095703125,beta2
FedHST,FashionMNIST,0.5,0.9,0.9,38,0.519501738357544,0.7940438273498196,81.94,25,100,54410,3.1865527629852295,3.175252914428711,0.011299848556518555,0.010685920715332031,122.98095703125,beta2
FedHST,FashionMNIST,0.5,0.9,0.9,39,0.5376580976486206,0.7865715591907467,81.36,27,100,54410,4.042282342910767,4.031109571456909,0.011172771453857422,0.010596752166748047,122.98095703125,beta2
FedHST,FashionMNIST,0.5,0.9,0.9,40,0.4992670835018158,0.7984381313828488,82.01,27,100,54410,3.914965867996216,3.9039011001586914,0.011064767837524414,0.010496854782104492,122.98095703125,beta2
FedHST,FashionMNIST,0.5,0.9,0.9,41,0.4399377998352051,0.8300827100723709,84.14,26,100,54410,3.9557244777679443,3.9439334869384766,0.011790990829467773,0.011177778244018555,122.98095703125,beta2
FedHST,FashionMNIST,0.5,0.9,0.9,42,0.4057158166885376,0.8526046195313229,85.61,28,100,54410,4.055611610412598,4.045656442642212,0.009955167770385742,0.009447097778320312,122.98095703125,beta2
FedHST,FashionMNIST,0.5,0.9,0.9,43,0.4089472043514252,0.854644139836321,85.39,26,100,54410,3.3467371463775635,3.336686611175537,0.010050535202026367,0.009528398513793945,122.98095703125,beta2
FedHST,FashionMNIST,0.5,0.9,0.9,44,0.4260586190223694,0.8452242543286305,84.38,29,100,54410,4.609125852584839,4.5977559089660645,0.011369943618774414,0.01078939437866211,122.98095703125,beta2
FedHST,FashionMNIST,0.5,0.9,0.9,45,0.4377714653968811,0.8399608744188457,83.9,26,100,54410,2.6606879234313965,2.6506032943725586,0.01008462905883789,0.009540319442749023,122.98095703125,beta2
FedHST,FashionMNIST,0.5,0.9,0.9,46,0.4206897085905075,0.8485810413527135,84.8,30,100,54410,5.047182559967041,5.03445839881897,0.012724161148071289,0.012074708938598633,122.98095703125,beta2
FedHST,FashionMNIST,0.5,0.9,0.9,47,0.40211367173194884,0.8565200069993159,85.75,27,100,54410,3.484370231628418,3.474376678466797,0.009993553161621094,0.009452104568481445,122.98095703125,beta2
FedHST,FashionMNIST,0.5,0.9,0.9,48,0.39481633229255675,0.8573846978284723,86.03,27,100,54410,4.311988592147827,4.300180435180664,0.011808156967163086,0.011167764663696289,122.98095703125,beta2
FedHST,FashionMNIST,0.5,0.9,0.9,49,0.397113849067688,0.855225065244049,86.01,25,100,54410,3.116593360900879,3.106168270111084,0.010425090789794922,0.009804248809814453,122.98095703125,beta2
FedHST,FashionMNIST,0.5,0.9,0.9,50,0.39505261101722716,0.8543665816278679,86.02,30,100,54410,3.9403936862945557,3.928520917892456,0.01187276840209961,0.011335611343383789,122.98095703125,beta2
FedHST,FashionMNIST,0.5,0.9,0.99,1,2.0549357761383056,0.1776321333326664,25.54,30,100,54410,4.892254590988159,4.879674911499023,0.012579679489135742,0.011784553527832031,122.7568359375,beta2
FedHST,FashionMNIST,0.5,0.9,0.99,2,1.6226595123291017,0.29162799973501763,40.35,26,100,54410,3.903801441192627,3.8935482501983643,0.010253190994262695,0.00967097282409668,122.7568359375,beta2
FedHST,FashionMNIST,0.5,0.9,0.99,3,1.2941848049163818,0.44015764072207786,51.7,30,100,54410,4.534400939941406,4.52335524559021,0.011045694351196289,0.010547399520874023,122.98046875,beta2
FedHST,FashionMNIST,0.5,0.9,0.99,4,1.0917622610092164,0.485966458357238,54.82,23,100,54410,3.1627371311187744,3.152629852294922,0.010107278823852539,0.009492635726928711,122.98046875,beta2
FedHST,FashionMNIST,0.5,0.9,0.99,5,0.8978046328544617,0.6589625868988201,68.7,26,100,54410,3.854313611984253,3.8437652587890625,0.01054835319519043,0.009966135025024414,122.98046875,beta2
FedHST,FashionMNIST,0.5,0.9,0.99,6,0.765638315486908,0.7284014211015521,73.96,24,100,54410,4.748304843902588,4.738035202026367,0.010269641876220703,0.009668111801147461,122.98046875,beta2
FedHST,FashionMNIST,0.5,0.9,0.99,7,0.8082138747215271,0.6967697074052762,71.33,28,100,54410,4.651995420455933,4.639279365539551,0.012716054916381836,0.012082576751708984,122.98046875,beta2
FedHST,FashionMNIST,0.5,0.9,0.99,8,0.840177509021759,0.6645066007693441,69.72,24,100,54410,3.712151288986206,3.7028043270111084,0.009346961975097656,0.00877690315246582,122.98046875,beta2
FedHST,FashionMNIST,0.5,0.9,0.99,9,0.8092280586242676,0.6665373780229931,70.15,25,100,54410,3.5038564205169678,3.4943289756774902,0.009527444839477539,0.008904218673706055,122.98046875,beta2
FedHST,FashionMNIST,0.5,0.9,0.99,10,0.7718647215843201,0.6681096111666174,69.26,20,100,54410,2.943010091781616,2.933985710144043,0.009024381637573242,0.008360624313354492,122.98046875,beta2
FedHST,FashionMNIST,0.5,0.9,0.99,11,0.7003539449214935,0.7189247687981148,72.93,20,100,54410,2.3937783241271973,2.385105848312378,0.008672475814819336,0.008095741271972656,122.98046875,beta2
FedHST,FashionMNIST,0.5,0.9,0.99,12,0.6858149719715119,0.72925708335639,74.31,30,100,54410,4.4324235916137695,4.419900894165039,0.012522697448730469,0.01191568374633789,122.98046875,beta2
FedHST,FashionMNIST,0.5,0.9,0.99,13,0.6807332732200623,0.7334878279300995,75.11,29,100,54410,4.090903997421265,4.078668117523193,0.012235879898071289,0.01172018051147461,122.98046875,beta2
FedHST,FashionMNIST,0.5,0.9,0.99,14,0.6811308659553528,0.7350149797472816,75.7,22,100,54410,3.4706616401672363,3.4612009525299072,0.009460687637329102,0.008868694305419922,122.98046875,beta2
FedHST,FashionMNIST,0.5,0.9,0.99,15,0.6640762801170349,0.7416282242150644,76.77,28,100,54410,3.934648036956787,3.9218661785125732,0.012781858444213867,0.012178182601928711,122.98046875,beta2
FedHST,FashionMNIST,0.5,0.9,0.99,16,0.6422294870376587,0.7529626233559632,77.74,28,100,54410,4.4605913162231445,4.448765993118286,0.011825323104858398,0.011201620101928711,122.98046875,beta2
FedHST,FashionMNIST,0.5,0.9,0.99,17,0.6236849704742432,0.7671569499261601,78.33,26,100,54410,4.099318504333496,4.089107036590576,0.010211467742919922,0.009709358215332031,122.98046875,beta2
FedHST,FashionMNIST,0.5,0.9,0.99,18,0.5834603945732116,0.7818453374331205,79.08,21,100,54410,2.896235942840576,2.886915445327759,0.009320497512817383,0.008711814880371094,122.98046875,beta2
FedHST,FashionMNIST,0.5,0.9,0.99,19,0.5508327996730804,0.7939811661465819,79.86,28,100,54410,4.567779064178467,4.5559844970703125,0.011794567108154297,0.011209487915039062,122.98046875,beta2
FedHST,FashionMNIST,0.5,0.9,0.99,20,0.5257082327842713,0.8085410238487286,80.87,28,100,54410,3.6115574836730957,3.6010050773620605,0.010552406311035156,0.010065793991088867,122.98046875,beta2
FedHST,FashionMNIST,0.5,0.9,0.99,21,0.5142968551158905,0.8124479486268518,80.96,24,100,54410,4.1129310131073,4.103111743927002,0.009819269180297852,0.009248495101928711,122.98046875,beta2
FedHST,FashionMNIST,0.5,0.9,0.99,22,0.5077040066719055,0.8127249681604608,80.93,26,100,54410,3.733639717102051,3.7228381633758545,0.010801553726196289,0.010205507278442383,122.98046875,beta2
FedHST,FashionMNIST,0.5,0.9,0.99,23,0.5072244452476502,0.8160809917103139,81.67,28,100,54410,5.227405071258545,5.215620517730713,0.011784553527832031,0.01117706298828125,122.98046875,beta2
FedHST,FashionMNIST,0.5,0.9,0.99,24,0.5222782177925109,0.7993959665200248,80.62,23,100,54410,3.227053165435791,3.218229293823242,0.008823871612548828,0.008344411849975586,122.98046875,beta2
FedHST,FashionMNIST,0.5,0.9,0.99,25,0.546980502128601,0.7859064505549398,79.81,29,100,54410,3.831620216369629,3.819545269012451,0.012074947357177734,0.01152491569519043,122.98046875,beta2
FedHST,FashionMNIST,0.5,0.9,0.99,26,0.5635214332580566,0.7757612486593696,79.9,26,100,54410,4.59489893913269,4.583807945251465,0.011090993881225586,0.010491609573364258,122.98046875,beta2
FedHST,FashionMNIST,0.5,0.9,0.99,27,0.5320645154953003,0.7870803504275039,81.19,27,100,54410,4.22306227684021,4.211350679397583,0.011711597442626953,0.011059045791625977,122.98046875,beta2
FedHST,FashionMNIST,0.5,0.9,0.99,28,0.49594841911792753,0.8050782922057337,82.49,30,100,54410,5.050884962081909,5.03851318359375,0.01237177848815918,0.011782646179199219,122.98095703125,beta2
FedHST,FashionMNIST,0.5,0.9,0.99,29,0.45986381907463075,0.8253873130579039,83.73,25,100,54410,3.057701587677002,3.0469441413879395,0.0107574462890625,0.010204792022705078,122.98095703125,beta2
FedHST,FashionMNIST,0.5,0.9,0.99,30,0.44091196269989014,0.8369680780983229,84.4,28,100,54410,4.410673379898071,4.400155544281006,0.01051783561706543,0.009972572326660156,122.98095703125,beta2
FedHST,FashionMNIST,0.5,0.9,0.99,31,0.4251229805469513,0.8474496544646873,84.91,25,100,54410,3.55839467048645,3.5481483936309814,0.01024627685546875,0.009705305099487305,122.98095703125,beta2
FedHST,FashionMNIST,0.5,0.9,0.99,32,0.4422099417209625,0.8426670179042182,83.92,25,100,54410,3.4608426094055176,3.44954514503479,0.011297464370727539,0.010706186294555664,122.98095703125,beta2
FedHST,FashionMNIST,0.5,0.9,0.99,33,0.4594513213157654,0.8325629008760831,82.79,27,100,54410,4.931368827819824,4.919412851333618,0.011955976486206055,0.011345624923706055,122.98095703125,beta2
FedHST,FashionMNIST,0.5,0.9,0.99,34,0.4354537515640259,0.8446475867928711,84.14,29,100,54410,5.252395868301392,5.2412495613098145,0.011146306991577148,0.010656356811523438,122.98095703125,beta2
FedHST,FashionMNIST,0.5,0.9,0.99,35,0.4188332016468048,0.8513316857992048,85.14,27,100,54410,3.990032434463501,3.9786763191223145,0.011356115341186523,0.010801076889038086,122.98095703125,beta2
FedHST,FashionMNIST,0.5,0.9,0.99,36,0.4330077981948853,0.8409370970657047,84.68,26,100,54410,4.36737322807312,4.356449127197266,0.010924100875854492,0.010393857955932617,122.98095703125,beta2
FedHST,FashionMNIST,0.5,0.9,0.99,37,0.46115637192726133,0.8216194015762408,83.55,22,100,54410,3.756559133529663,3.7467257976531982,0.009833335876464844,0.009235858917236328,122.98095703125,beta2
FedHST,FashionMNIST,0.5,0.9,0.99,38,0.5030637323379517,0.7996438527313221,82.36,25,100,54410,2.9480063915252686,2.9367268085479736,0.011279582977294922,0.010683536529541016,122.98095703125,beta2
FedHST,FashionMNIST,0.5,0.9,0.99,39,0.5200305418968201,0.7940062474912927,82.01,27,100,54410,3.9732041358947754,3.9621362686157227,0.011067867279052734,0.010508537292480469,122.98095703125,beta2
FedHST,FashionMNIST,0.5,0.9,0.99,40,0.49070968971252443,0.8032482310283223,82.45,27,100,54410,3.9472336769104004,3.935157060623169,0.012076616287231445,0.011449098587036133,122.98095703125,beta2
FedHST,FashionMNIST,0.5,0.9,0.99,41,0.4382263650894165,0.8291780878714841,84.09,26,100,54410,3.9700305461883545,3.957221269607544,0.012809276580810547,0.012155771255493164,122.98095703125,beta2
FedHST,FashionMNIST,0.5,0.9,0.99,42,0.4020598038196564,0.8555286124045585,85.9,28,100,54410,4.0826661586761475,4.071829795837402,0.010836362838745117,0.010294914245605469,122.98095703125,beta2
FedHST,FashionMNIST,0.5,0.9,0.99,43,0.39847854132652283,0.8591769642045067,85.79,26,100,54410,3.6503801345825195,3.638882637023926,0.01149749755859375,0.010901212692260742,122.98095703125,beta2
FedHST,FashionMNIST,0.5,0.9,0.99,44,0.41298190774917604,0.8517044519414408,84.91,29,100,54410,4.846118688583374,4.831380367279053,0.014738321304321289,0.014095306396484375,122.98095703125,beta2
FedHST,FashionMNIST,0.5,0.9,0.99,45,0.42488145265579225,0.8456651345103449,84.27,26,100,54410,2.8133275508880615,2.802150011062622,0.011177539825439453,0.010558128356933594,122.98095703125,beta2
FedHST,FashionMNIST,0.5,0.9,0.99,46,0.41038336269855497,0.851440568968623,84.97,30,100,54410,4.816240310668945,4.802483320236206,0.013756990432739258,0.013014078140258789,122.98095703125,beta2
FedHST,FashionMNIST,0.5,0.9,0.99,47,0.3939814307928085,0.8606833144814935,86.07,27,100,54410,3.361815929412842,3.350811004638672,0.011004924774169922,0.010405302047729492,122.98095703125,beta2
FedHST,FashionMNIST,0.5,0.9,0.99,48,0.3873600775718689,0.8622257070142855,86.44,27,100,54410,4.323386907577515,4.311228513717651,0.012158393859863281,0.011500835418701172,122.98095703125,beta2
FedHST,FashionMNIST,0.5,0.9,0.99,49,0.3897076863527298,0.8574709312378331,86.16,25,100,54410,3.032813787460327,3.022736072540283,0.010077714920043945,0.009572505950927734,122.98095703125,beta2
FedHST,FashionMNIST,0.5,0.9,0.99,50,0.38731374957561493,0.8559912296002745,86.12,30,100,54410,3.897493362426758,3.8850321769714355,0.012461185455322266,0.01183938980102539,122.98095703125,beta2
FedHST,FashionMNIST,0.5,0.9,0.999,1,2.0543050369262694,0.17766728775076923,25.55,30,100,54410,4.735461235046387,4.723708868026733,0.01175236701965332,0.011215448379516602,122.7568359375,beta2
FedHST,FashionMNIST,0.5,0.9,0.999,2,1.6179615463256836,0.29421511668575795,40.48,26,100,54410,3.7607407569885254,3.7493906021118164,0.011350154876708984,0.010785818099975586,122.7568359375,beta2
FedHST,FashionMNIST,0.5,0.9,0.999,3,1.2886125064849854,0.4411332889986964,51.78,30,100,54410,4.314723968505859,4.301969289779663,0.012754678726196289,0.012138605117797852,122.98046875,beta2
FedHST,FashionMNIST,0.5,0.9,0.999,4,1.0889477898597717,0.4884072632674723,54.93,23,100,54410,3.1071979999542236,3.0964341163635254,0.010763883590698242,0.010127544403076172,122.98046875,beta2
FedHST,FashionMNIST,0.5,0.9,0.999,5,0.894386956691742,0.6617474237343839,68.89,26,100,54410,4.007308006286621,3.9955854415893555,0.011722564697265625,0.011100053787231445,122.98046875,beta2
FedHST,FashionMNIST,0.5,0.9,0.999,6,0.7609183052062988,0.7317264909606905,74.21,24,100,54410,4.326043367385864,4.314741134643555,0.01130223274230957,0.010634422302246094,122.98046875,beta2
FedHST,FashionMNIST,0.5,0.9,0.999,7,0.8002981030464172,0.6957793918050792,71.21,28,100,54410,4.416226148605347,4.4044718742370605,0.011754274368286133,0.011081933975219727,122.98046875,beta2
FedHST,FashionMNIST,0.5,0.9,0.999,8,0.8347495900154114,0.6619187845865934,69.54,24,100,54410,3.580207109451294,3.5691184997558594,0.01108860969543457,0.010453224182128906,122.98046875,beta2
FedHST,FashionMNIST,0.5,0.9,0.999,9,0.8077207558631897,0.6581680698735044,69.49,25,100,54410,3.405010461807251,3.3945791721343994,0.010431289672851562,0.009912252426147461,122.98046875,beta2
FedHST,FashionMNIST,0.5,0.9,0.999,10,0.7754443742752075,0.6588422120009255,68.58,20,100,54410,2.796550989151001,2.78800106048584,0.008549928665161133,0.008026361465454102,122.98046875,beta2
FedHST,FashionMNIST,0.5,0.9,0.999,11,0.7025494688034057,0.7188845456152464,72.87,20,100,54410,2.162691354751587,2.1532437801361084,0.009447574615478516,0.008846759796142578,122.98046875,beta2
FedHST,FashionMNIST,0.5,0.9,0.999,12,0.6854553599357605,0.7293543841685249,74.27,30,100,54410,4.369947195053101,4.35723352432251,0.01271367073059082,0.01208043098449707,122.98046875,beta2
FedHST,FashionMNIST,0.5,0.9,0.999,13,0.6874646472930909,0.7294525705711163,74.67,29,100,54410,4.044527292251587,4.031741142272949,0.012786149978637695,0.01217341423034668,122.98046875,beta2
FedHST,FashionMNIST,0.5,0.9,0.999,14,0.7049600583553314,0.7292319109444523,74.97,22,100,54410,3.5354301929473877,3.5265417098999023,0.008888483047485352,0.008325815200805664,122.98046875,beta2
FedHST,FashionMNIST,0.5,0.9,0.999,15,0.6780240052700043,0.7359219938964712,76.21,28,100,54410,3.9561305046081543,3.9448649883270264,0.01126551628112793,0.010649681091308594,122.98046875,beta2
FedHST,FashionMNIST,0.5,0.9,0.999,16,0.64457342877388,0.748545552326122,77.45,28,100,54410,4.734914302825928,4.724245309829712,0.01066899299621582,0.010160446166992188,122.98046875,beta2
FedHST,FashionMNIST,0.5,0.9,0.999,17,0.6185066715717316,0.7637300633914841,78.18,26,100,54410,4.326792240142822,4.315812349319458,0.010979890823364258,0.01042485237121582,122.98046875,beta2
FedHST,FashionMNIST,0.5,0.9,0.999,18,0.5820757942199707,0.780681777405862,79.1,21,100,54410,3.040088653564453,3.0303523540496826,0.009736299514770508,0.00910806655883789,122.98046875,beta2
FedHST,FashionMNIST,0.5,0.9,0.999,19,0.5529066819190979,0.7909152251330248,79.61,28,100,54410,4.5258753299713135,4.5138208866119385,0.012054443359375,0.011437654495239258,122.98046875,beta2
FedHST,FashionMNIST,0.5,0.9,0.999,20,0.5176839891433715,0.8084350687789004,80.91,28,100,54410,3.650993824005127,3.6404762268066406,0.010517597198486328,0.010007619857788086,122.98046875,beta2
FedHST,FashionMNIST,0.5,0.9,0.999,21,0.5066569754123688,0.8150518600541388,81.27,24,100,54410,4.177123546600342,4.166663408279419,0.010460138320922852,0.009822368621826172,122.98046875,beta2
FedHST,FashionMNIST,0.5,0.9,0.999,22,0.50655225481987,0.8138666252748052,81.04,26,100,54410,3.866748571395874,3.855070114135742,0.011678457260131836,0.011053800582885742,122.98046875,beta2
FedHST,FashionMNIST,0.5,0.9,0.999,23,0.5093752426624298,0.8151063398344235,81.54,28,100,54410,5.317558765411377,5.3069539070129395,0.0106048583984375,0.01003718376159668,122.98046875,beta2
FedHST,FashionMNIST,0.5,0.9,0.999,24,0.5182035385131836,0.8037105021077989,80.93,23,100,54410,3.0860633850097656,3.077049732208252,0.009013652801513672,0.008518457412719727,122.98046875,beta2
FedHST,FashionMNIST,0.5,0.9,0.999,25,0.5361487490653992,0.7938378973693394,80.32,29,100,54410,3.317351818084717,3.306166887283325,0.011184930801391602,0.010582923889160156,122.98046875,beta2
FedHST,FashionMNIST,0.5,0.9,0.999,26,0.5494209257125855,0.7815846287478531,80.17,26,100,54410,4.0314781665802,4.019871234893799,0.011606931686401367,0.01100921630859375,122.98046875,beta2
FedHST,FashionMNIST,0.5,0.9,0.999,27,0.5190411046028137,0.7890752110928277,81.23,27,100,54410,3.719895839691162,3.7099826335906982,0.009913206100463867,0.009426355361938477,122.98046875,beta2
FedHST,FashionMNIST,0.5,0.9,0.999,28,0.4855683227300644,0.8083770979553624,82.73,30,100,54410,4.736532688140869,4.7238287925720215,0.012703895568847656,0.012085676193237305,122.98095703125,beta2
FedHST,FashionMNIST,0.5,0.9,0.999,29,0.4545705709218979,0.8251337625825824,83.71,25,100,54410,3.1260149478912354,3.1142003536224365,0.011814594268798828,0.011132478713989258,122.98095703125,beta2
FedHST,FashionMNIST,0.5,0.9,0.999,30,0.44038991656303406,0.8375646912420519,84.49,28,100,54410,3.7266247272491455,3.7144863605499268,0.01213836669921875,0.011484861373901367,122.98095703125,beta2
FedHST,FashionMNIST,0.5,0.9,0.999,31,0.4283814289569855,0.8469777823208189,84.89,25,100,54410,3.0790958404541016,3.0684256553649902,0.010670185089111328,0.010094165802001953,122.98095703125,beta2
FedHST,FashionMNIST,0.5,0.9,0.999,32,0.4427565892219543,0.8417436877640576,83.88,25,100,54410,3.032918691635132,3.0224101543426514,0.010508537292480469,0.009909868240356445,122.98095703125,beta2
FedHST,FashionMNIST,0.5,0.9,0.999,33,0.4572959424972534,0.8332103972297095,82.9,27,100,54410,4.235944509506226,4.223749399185181,0.012195110321044922,0.011568307876586914,122.98095703125,beta2
FedHST,FashionMNIST,0.5,0.9,0.999,34,0.4381771983146667,0.8444976077450377,84.14,29,100,54410,4.687442064285278,4.673557758331299,0.013884305953979492,0.013297557830810547,122.98095703125,beta2
FedHST,FashionMNIST,0.5,0.9,0.999,35,0.42226391468048097,0.85202406350142,85.15,27,100,54410,3.9048798084259033,3.893726348876953,0.011153459548950195,0.010586738586425781,122.98095703125,beta2
FedHST,FashionMNIST,0.5,0.9,0.999,36,0.4301086372852325,0.845027273282186,84.9,26,100,54410,4.242770671844482,4.232065677642822,0.010704994201660156,0.010092973709106445,122.98095703125,beta2
FedHST,FashionMNIST,0.5,0.9,0.999,37,0.44894379243850707,0.831820345259589,84.18,22,100,54410,3.7475898265838623,3.738049268722534,0.009540557861328125,0.008939743041992188,122.98095703125,beta2
FedHST,FashionMNIST,0.5,0.9,0.999,38,0.4844544508934021,0.8109484756232128,82.98,25,100,54410,3.02089786529541,3.0100510120391846,0.010846853256225586,0.010271310806274414,122.98095703125,beta2
FedHST,FashionMNIST,0.5,0.9,0.999,39,0.5025978901863098,0.8005379327781613,82.22,27,100,54410,3.9641218185424805,3.9531033039093018,0.011018514633178711,0.010451555252075195,122.98095703125,beta2
FedHST,FashionMNIST,0.5,0.9,0.999,40,0.48065370309352873,0.8075637995317433,82.54,27,100,54410,4.0234949588775635,4.012547731399536,0.010947227478027344,0.010385513305664062,122.98095703125,beta2
FedHST,FashionMNIST,0.5,0.9,0.999,41,0.43548375160694125,0.8315301921222046,84.13,26,100,54410,4.609237909317017,4.598026990890503,0.011210918426513672,0.010532379150390625,122.98095703125,beta2
FedHST,FashionMNIST,0.5,0.9,0.999,42,0.4009013214588165,0.8536764050242851,85.75,28,100,54410,4.635214805603027,4.624963045120239,0.010251760482788086,0.009754657745361328,122.98095703125,beta2
FedHST,FashionMNIST,0.5,0.9,0.999,43,0.3926986878156662,0.8598973621220825,85.91,26,100,54410,3.7835521697998047,3.7712676525115967,0.012284517288208008,0.011676311492919922,122.98095703125,beta2
FedHST,FashionMNIST,0.5,0.9,0.999,44,0.40343897631168363,0.8557407316062718,85.36,29,100,54410,5.3647379875183105,5.353703737258911,0.011034250259399414,0.010430574417114258,122.98095703125,beta2
FedHST,FashionMNIST,0.5,0.9,0.999,45,0.4144025996208191,0.8515468149623009,84.91,26,100,54410,3.1530044078826904,3.1414735317230225,0.011530876159667969,0.010887622833251953,122.98095703125,beta2
FedHST,FashionMNIST,0.5,0.9,0.999,46,0.4049624097108841,0.8541322660694657,85.27,30,100,54410,5.065183401107788,5.053150653839111,0.012032747268676758,0.011433124542236328,122.98095703125,beta2
FedHST,FashionMNIST,0.5,0.9,0.999,47,0.3932441867828369,0.8580294312168182,85.8,27,100,54410,3.379329204559326,3.369264841079712,0.010064363479614258,0.00959634780883789,122.98095703125,beta2
FedHST,FashionMNIST,0.5,0.9,0.999,48,0.3881531877040863,0.8609852097058768,86.27,27,100,54410,4.7121312618255615,4.700296401977539,0.011834859848022461,0.011144876480102539,122.98095703125,beta2
FedHST,FashionMNIST,0.5,0.9,0.999,49,0.39100050089359284,0.8577231275854496,86.08,25,100,54410,3.620514154434204,3.6092700958251953,0.011244058609008789,0.01062917709350586,122.98095703125,beta2
FedHST,FashionMNIST,0.5,0.9,0.999,50,0.3870585387468338,0.8585578778122762,86.23,30,100,54410,4.597789525985718,4.587159633636475,0.010629892349243164,0.010133981704711914,122.98095703125,beta2
FedHST,FashionMNIST,0.5,0.9,0.9999,1,2.0542417602539063,0.17766728775076923,25.55,30,100,54410,5.093883991241455,5.080960035324097,0.012923955917358398,0.012335062026977539,122.7568359375,beta2
FedHST,FashionMNIST,0.5,0.9,0.9999,2,1.617465771484375,0.29439715941974204,40.49,26,100,54410,3.8041064739227295,3.7925450801849365,0.011561393737792969,0.010937929153442383,122.7568359375,beta2
FedHST,FashionMNIST,0.5,0.9,0.9999,3,1.2880254705429077,0.44112482111178525,51.78,30,100,54410,4.345983982086182,4.3329808712005615,0.013003110885620117,0.012348175048828125,122.98046875,beta2
FedHST,FashionMNIST,0.5,0.9,0.9999,4,1.0887615528106689,0.48847723880754,54.93,23,100,54410,2.7050931453704834,2.6944494247436523,0.010643720626831055,0.010033845901489258,122.98046875,beta2
FedHST,FashionMNIST,0.5,0.9,0.9999,5,0.8941270977020264,0.6613865363803605,68.85,26,100,54410,3.3091397285461426,3.2990965843200684,0.010043144226074219,0.009409189224243164,122.98046875,beta2
FedHST,FashionMNIST,0.5,0.9,0.9999,6,0.7606497819900513,0.7323988404937998,74.26,24,100,54410,4.0256524085998535,4.016257047653198,0.009395360946655273,0.008924722671508789,122.98046875,beta2
FedHST,FashionMNIST,0.5,0.9,0.9999,7,0.7986997805595398,0.6956813888057097,71.21,28,100,54410,4.0629563331604,4.050209045410156,0.01274728775024414,0.012165546417236328,122.98046875,beta2
FedHST,FashionMNIST,0.5,0.9,0.9999,8,0.8331033820152283,0.6622912396931772,69.59,24,100,54410,3.198787212371826,3.1884653568267822,0.010321855545043945,0.009774923324584961,122.98046875,beta2
FedHST,FashionMNIST,0.5,0.9,0.9999,9,0.8081871784210205,0.6556575654999648,69.27,25,100,54410,3.2128536701202393,3.2021219730377197,0.010731697082519531,0.010095357894897461,122.98046875,beta2
FedHST,FashionMNIST,0.5,0.9,0.9999,10,0.7764726894378662,0.6578430883415008,68.48,20,100,54410,2.496548652648926,2.4884207248687744,0.008127927780151367,0.007584571838378906,122.98046875,beta2
FedHST,FashionMNIST,0.5,0.9,0.9999,11,0.7023539301395416,0.7187542179995905,72.86,20,100,54410,2.157212734222412,2.148935317993164,0.008277416229248047,0.007688999176025391,122.98046875,beta2
FedHST,FashionMNIST,0.5,0.9,0.9999,12,0.6843168393135071,0.7284871368349952,74.2,30,100,54410,4.543471813201904,4.531920909881592,0.0115509033203125,0.01099705696105957,122.98046875,beta2
FedHST,FashionMNIST,0.5,0.9,0.9999,13,0.6935355335235596,0.727454688888627,74.46,29,100,54410,4.127771854400635,4.11568546295166,0.01208639144897461,0.01150822639465332,122.98046875,beta2
FedHST,FashionMNIST,0.5,0.9,0.9999,14,0.7116853212833405,0.7278308209122117,74.8,22,100,54410,3.420163869857788,3.411503553390503,0.008660316467285156,0.008101701736450195,122.98046875,beta2
FedHST,FashionMNIST,0.5,0.9,0.9999,15,0.6786983654022217,0.7355553713014793,76.21,28,100,54410,3.9966323375701904,3.9852638244628906,0.011368513107299805,0.010849237442016602,122.98046875,beta2
FedHST,FashionMNIST,0.5,0.9,0.9999,16,0.6404087055206299,0.7502025647264434,77.63,28,100,54410,4.712290287017822,4.700843095779419,0.01144719123840332,0.010895729064941406,122.98046875,beta2
FedHST,FashionMNIST,0.5,0.9,0.9999,17,0.6149282395839691,0.7651529152403833,78.36,26,100,54410,4.132529258728027,4.1202380657196045,0.012291193008422852,0.011579513549804688,122.98046875,beta2
FedHST,FashionMNIST,0.5,0.9,0.9999,18,0.5803372000217438,0.7807078046058924,79.12,21,100,54410,2.884295701980591,2.8749570846557617,0.009338617324829102,0.008723258972167969,122.98046875,beta2
FedHST,FashionMNIST,0.5,0.9,0.9999,19,0.552632195186615,0.7904375936959886,79.58,28,100,54410,4.5140221118927,4.502510070800781,0.011512041091918945,0.010922431945800781,122.98046875,beta2
FedHST,FashionMNIST,0.5,0.9,0.9999,20,0.5167665735244751,0.8087522604525516,80.96,28,100,54410,3.5734333992004395,3.5615992546081543,0.011834144592285156,0.011214017868041992,122.98046875,beta2
FedHST,FashionMNIST,0.5,0.9,0.9999,21,0.5061179642677307,0.8138120560967724,81.15,24,100,54410,4.090399980545044,4.079650402069092,0.010749578475952148,0.009864330291748047,122.98046875,beta2
FedHST,FashionMNIST,0.5,0.9,0.9999,22,0.5074157959461212,0.8135613993784832,81.01,26,100,54410,3.795271635055542,3.7849063873291016,0.01036524772644043,0.009871721267700195,122.98046875,beta2
FedHST,FashionMNIST,0.5,0.9,0.9999,23,0.5090635818958282,0.8157542369654168,81.59,28,100,54410,4.892436504364014,4.881727933883667,0.01070857048034668,0.010169267654418945,122.98046875,beta2
FedHST,FashionMNIST,0.5,0.9,0.9999,24,0.5151917701244354,0.8060031712238533,81.13,23,100,54410,2.9113898277282715,2.9013869762420654,0.010002851486206055,0.00942230224609375,122.98046875,beta2
FedHST,FashionMNIST,0.5,0.9,0.9999,25,0.5316655274868012,0.7962267103301367,80.52,29,100,54410,3.5384490489959717,3.5266239643096924,0.011825084686279297,0.011260509490966797,122.98046875,beta2
FedHST,FashionMNIST,0.5,0.9,0.9999,26,0.5451727416515351,0.7823710536184366,80.2,26,100,54410,4.058855772018433,4.04896879196167,0.009886980056762695,0.009361505508422852,122.98046875,beta2
FedHST,FashionMNIST,0.5,0.9,0.9999,27,0.5172826683521271,0.7896930415208044,81.23,27,100,54410,3.8113183975219727,3.7990329265594482,0.012285470962524414,0.011595726013183594,122.98046875,beta2
FedHST,FashionMNIST,0.5,0.9,0.9999,28,0.48635056359767914,0.8077118994518961,82.67,30,100,54410,4.776228189468384,4.762918949127197,0.013309240341186523,0.012679815292358398,122.98095703125,beta2
FedHST,FashionMNIST,0.5,0.9,0.9999,29,0.45731389801502226,0.8234187269737783,83.62,25,100,54410,2.7300660610198975,2.719707489013672,0.010358572006225586,0.00979757308959961,122.98095703125,beta2
FedHST,FashionMNIST,0.5,0.9,0.9999,30,0.44272277407646177,0.8344631681194856,84.27,28,100,54410,3.7592296600341797,3.7475881576538086,0.011641502380371094,0.011096477508544922,122.98095703125,beta2
FedHST,FashionMNIST,0.5,0.9,0.9999,31,0.42921849279403684,0.8460075642985647,84.84,25,100,54410,3.1419644355773926,3.1320977210998535,0.009866714477539062,0.009339094161987305,122.98095703125,beta2
FedHST,FashionMNIST,0.5,0.9,0.9999,32,0.44108811922073365,0.8416002345987195,83.89,25,100,54410,2.973690986633301,2.9634366035461426,0.010254383087158203,0.0097503662109375,122.98095703125,beta2
FedHST,FashionMNIST,0.5,0.9,0.9999,33,0.45545221304893496,0.8329121045401724,82.87,27,100,54410,4.241011619567871,4.230486631393433,0.010524988174438477,0.010024309158325195,122.98095703125,beta2
FedHST,FashionMNIST,0.5,0.9,0.9999,34,0.43746833329200746,0.8449998053317709,84.18,29,100,54410,4.771200656890869,4.759873390197754,0.011327266693115234,0.01080179214477539,122.98095703125,beta2
FedHST,FashionMNIST,0.5,0.9,0.9999,35,0.41999947233200075,0.8530633206666554,85.22,27,100,54410,3.9614357948303223,3.9505341053009033,0.010901689529418945,0.010355710983276367,122.98095703125,beta2
FedHST,FashionMNIST,0.5,0.9,0.9999,36,0.42466289625167847,0.8474415595589644,85.09,26,100,54410,4.24685525894165,4.235232353210449,0.011622905731201172,0.01099538803100586,122.98095703125,beta2
FedHST,FashionMNIST,0.5,0.9,0.9999,37,0.4421470288276672,0.833948314116195,84.28,22,100,54410,3.713756799697876,3.704704761505127,0.009052038192749023,0.008495807647705078,122.98095703125,beta2
FedHST,FashionMNIST,0.5,0.9,0.9999,38,0.4782435676574707,0.8144814653711364,83.24,25,100,54410,3.02912974357605,3.0178167819976807,0.01131296157836914,0.010713815689086914,122.98095703125,beta2
FedHST,FashionMNIST,0.5,0.9,0.9999,39,0.4989078893184662,0.801821933749161,82.29,27,100,54410,4.031836032867432,4.019335508346558,0.012500524520874023,0.011827945709228516,122.98095703125,beta2
FedHST,FashionMNIST,0.5,0.9,0.9999,40,0.47946973700523376,0.8075060868922147,82.53,27,100,54410,4.031392812728882,4.019037246704102,0.012355566024780273,0.011744022369384766,122.98095703125,beta2
FedHST,FashionMNIST,0.5,0.9,0.9999,41,0.43619999005794524,0.8310924900591037,84.12,26,100,54410,3.9758381843566895,3.964613199234009,0.011224985122680664,0.01065206527709961,122.98095703125,beta2
FedHST,FashionMNIST,0.5,0.9,0.9999,42,0.4019911388397217,0.853210252723905,85.74,28,100,54410,4.049349546432495,4.037216901779175,0.012132644653320312,0.011533021926879883,122.98095703125,beta2
FedHST,FashionMNIST,0.5,0.9,0.9999,43,0.39162293004989623,0.8610965517711147,86.06,26,100,54410,3.589938163757324,3.5792434215545654,0.010694742202758789,0.010120153427124023,122.98095703125,beta2
FedHST,FashionMNIST,0.5,0.9,0.9999,44,0.40102832567691804,0.8573186136845669,85.54,29,100,54410,5.220903158187866,5.208525896072388,0.012377262115478516,0.011709213256835938,122.98095703125,beta2
FedHST,FashionMNIST,0.5,0.9,0.9999,45,0.41110868678092954,0.8524625975247307,85.01,26,100,54410,2.781216621398926,2.7709767818450928,0.010239839553833008,0.009683609008789062,122.98095703125,beta2
FedHST,FashionMNIST,0.5,0.9,0.9999,46,0.40253979518413546,0.8553793656544846,85.38,30,100,54410,4.311271667480469,4.300396203994751,0.010875463485717773,0.010321855545043945,122.98095703125,beta2
FedHST,FashionMNIST,0.5,0.9,0.9999,47,0.390963307261467,0.8592895304433916,85.9,27,100,54410,3.3355093002319336,3.3240513801574707,0.01145792007446289,0.010871171951293945,122.98095703125,beta2
FedHST,FashionMNIST,0.5,0.9,0.9999,48,0.38532096819877626,0.8623915365625727,86.37,27,100,54410,4.422922372817993,4.411520957946777,0.01140141487121582,0.010801315307617188,122.98095703125,beta2
FedHST,FashionMNIST,0.5,0.9,0.9999,49,0.3882621740102768,0.858549914421069,86.13,25,100,54410,3.131032705307007,3.1206979751586914,0.01033473014831543,0.009802103042602539,122.98095703125,beta2
FedHST,FashionMNIST,0.5,0.9,0.9999,50,0.38557301099300384,0.8589793908964353,86.24,30,100,54410,3.8796637058258057,3.8655624389648438,0.014101266860961914,0.013375520706176758,122.98095703125,beta2
