Algorithm,Dataset,Gamma,Beta1,Beta2,Round,Global_Validation_Loss,F1_Score,Top1_Accuracy_Percent,Num_Selected_Clients,Num_Total_Clients,Num_Model_Params,Round_Time_Sec,Client_Time_Sec,Server_Time_Sec,Spatial_Var_Time_Sec,Peak_Memory_MB,Participation_Frac
FedAdam,FashionMNIST,,0.9,0.999,1,5.208389055633545,0.01818181818181818,10.0,10,100,54410,1.339925765991211,1.3360345363616943,0.0038912296295166016,,118.5771484375,0.05-0.10
FedAdam,FashionMNIST,,0.9,0.999,2,4.947144580841065,0.11498421590784771,20.59,5,100,54410,0.6297237873077393,0.6271488666534424,0.002574920654296875,,118.5771484375,0.05-0.10
FedAdam,FashionMNIST,,0.9,0.999,3,5.024257365417481,0.01818181818181818,10.0,6,100,54410,1.4474575519561768,1.4444305896759033,0.0030269622802734375,,118.5771484375,0.05-0.10
FedAdam,FashionMNIST,,0.9,0.999,4,2.226221222114563,0.31603116941230774,38.68,10,100,54410,1.5728256702423096,1.5689027309417725,0.003922939300537109,,118.787109375,0.05-0.10
FedAdam,FashionMNIST,,0.9,0.999,5,2.53650382270813,0.38808636124737106,46.41,6,100,54410,0.36241936683654785,0.3594479560852051,0.0029714107513427734,,118.787109375,0.05-0.10
FedAdam,FashionMNIST,,0.9,0.999,6,2.1306435358047486,0.5524642440421667,61.89,7,100,54410,1.2945361137390137,1.2912933826446533,0.0032427310943603516,,118.787109375,0.05-0.10
FedAdam,FashionMNIST,,0.9,0.999,7,0.9872421868324279,0.6815033819581802,70.26,7,100,54410,1.779209852218628,1.7760217189788818,0.0031881332397460938,,118.787109375,0.05-0.10
FedAdam,FashionMNIST,,0.9,0.999,8,1.016765045261383,0.7009179580965649,71.44,9,100,54410,1.1498162746429443,1.145782232284546,0.0040340423583984375,,118.787109375,0.05-0.10
FedAdam,FashionMNIST,,0.9,0.999,9,1.2985227904319763,0.6692515414000142,69.0,10,100,54410,1.6578950881958008,1.6540226936340332,0.003872394561767578,,118.787109375,0.05-0.10
FedAdam,FashionMNIST,,0.9,0.999,10,1.315672156715393,0.6073763950549284,62.97,6,100,54410,0.5643925666809082,0.561640739440918,0.0027518272399902344,,118.787109375,0.05-0.10
FedAdam,FashionMNIST,,0.9,0.999,11,1.4014609102249145,0.6006592359655265,65.27,10,100,54410,1.729299783706665,1.7257070541381836,0.0035927295684814453,,118.787109375,0.05-0.10
FedAdam,FashionMNIST,,0.9,0.999,12,2.1578109516143797,0.5210860226739011,59.63,8,100,54410,1.434152364730835,1.4306950569152832,0.003457307815551758,,118.787109375,0.05-0.10
FedAdam,FashionMNIST,,0.9,0.999,13,1.4006773832321167,0.6381115797039271,67.15,5,100,54410,0.48535704612731934,0.4826490879058838,0.002707958221435547,,118.787109375,0.05-0.10
FedAdam,FashionMNIST,,0.9,0.999,14,1.8790956101417542,0.4919770203744456,53.63,5,100,54410,0.3907735347747803,0.3880760669708252,0.002697467803955078,,118.787109375,0.05-0.10
FedAdam,FashionMNIST,,0.9,0.999,15,1.5337666259765625,0.5454314682928384,57.9,8,100,54410,1.2596650123596191,1.2562322616577148,0.003432750701904297,,118.787109375,0.05-0.10
FedAdam,FashionMNIST,,0.9,0.999,16,0.8373960611343384,0.7071172591804832,71.55,9,100,54410,0.9243507385253906,0.9207322597503662,0.003618478775024414,,118.787109375,0.05-0.10
FedAdam,FashionMNIST,,0.9,0.999,17,0.8831222529888153,0.7345578203515502,74.73,9,100,54410,1.5723624229431152,1.568507432937622,0.003854990005493164,,118.787109375,0.05-0.10
FedAdam,FashionMNIST,,0.9,0.999,18,1.053788885831833,0.6846558238950873,70.3,8,100,54410,1.0361614227294922,1.0331406593322754,0.003020763397216797,,118.787109375,0.05-0.10
FedAdam,FashionMNIST,,0.9,0.999,19,0.9075758247375488,0.7028826762599636,71.32,5,100,54410,0.8764247894287109,0.8739769458770752,0.002447843551635742,,118.787109375,0.05-0.10
FedAdam,FashionMNIST,,0.9,0.999,20,0.8556593194961548,0.7231128326395019,72.7,7,100,54410,1.1828155517578125,1.1798045635223389,0.003010988235473633,,118.787109375,0.05-0.10
FedAdam,FashionMNIST,,0.9,0.999,21,0.6336985648155212,0.7891483381367635,78.53,8,100,54410,1.5001182556152344,1.49656081199646,0.003557443618774414,,118.787109375,0.05-0.10
FedAdam,FashionMNIST,,0.9,0.999,22,0.904237579870224,0.7312900655265332,74.19,7,100,54410,1.2783780097961426,1.275296688079834,0.0030813217163085938,,118.787109375,0.05-0.10
FedAdam,FashionMNIST,,0.9,0.999,23,1.442379314136505,0.6647384762959917,68.39,6,100,54410,0.996269702911377,0.9931979179382324,0.0030717849731445312,,118.787109375,0.05-0.10
FedAdam,FashionMNIST,,0.9,0.999,24,1.4846484274864198,0.6606624798236915,68.54,8,100,54410,1.478346347808838,1.4749295711517334,0.003416776657104492,,118.787109375,0.05-0.10
FedAdam,FashionMNIST,,0.9,0.999,25,0.9035133515357971,0.7283964612673006,73.48,5,100,54410,0.40255308151245117,0.40007781982421875,0.002475261688232422,,118.787109375,0.05-0.10
FedAdam,FashionMNIST,,0.9,0.999,26,0.6795489771366119,0.783548450677327,78.54,6,100,54410,1.0342655181884766,1.031125545501709,0.003139972686767578,,118.787109375,0.05-0.10
FedAdam,FashionMNIST,,0.9,0.999,27,0.6876859445333481,0.7785321958819218,77.99,9,100,54410,1.3748760223388672,1.3713364601135254,0.003539562225341797,,118.787109375,0.05-0.10
FedAdam,FashionMNIST,,0.9,0.999,28,0.677411482667923,0.7771170286884627,77.94,7,100,54410,1.0819833278656006,1.0791051387786865,0.0028781890869140625,,118.787109375,0.05-0.10
FedAdam,FashionMNIST,,0.9,0.999,29,0.7152906704425812,0.7499167178376931,76.34,5,100,54410,0.5331406593322754,0.5303244590759277,0.0028162002563476562,,118.787109375,0.05-0.10
FedAdam,FashionMNIST,,0.9,0.999,30,0.8056433827400208,0.719258658800635,74.33,9,100,54410,1.6991963386535645,1.6955273151397705,0.0036690235137939453,,118.787109375,0.05-0.10
FedAdam,FashionMNIST,,0.9,0.999,31,0.746179796743393,0.7472551595783645,76.41,6,100,54410,1.0264596939086914,1.0235381126403809,0.002921581268310547,,118.787109375,0.05-0.10
FedAdam,FashionMNIST,,0.9,0.999,32,0.6390885513305664,0.7778943359319342,78.18,7,100,54410,1.0960047245025635,1.0931415557861328,0.002863168716430664,,118.787109375,0.05-0.10
FedAdam,FashionMNIST,,0.9,0.999,33,0.7123215322494507,0.7589486772000514,76.27,9,100,54410,1.537485122680664,1.5337886810302734,0.003696441650390625,,118.787109375,0.05-0.10
FedAdam,FashionMNIST,,0.9,0.999,34,0.7469967980384826,0.7526442340715509,75.48,8,100,54410,1.215104579925537,1.211099624633789,0.004004955291748047,,118.787109375,0.05-0.10
FedAdam,FashionMNIST,,0.9,0.999,35,0.6961270998477935,0.7712903668299892,76.96,8,100,54410,1.252054214477539,1.248560905456543,0.0034933090209960938,,118.787109375,0.05-0.10
FedAdam,FashionMNIST,,0.9,0.999,36,0.5781190472126007,0.8084137513693319,80.65,8,100,54410,1.0364511013031006,1.0333771705627441,0.0030739307403564453,,118.787109375,0.05-0.10
FedAdam,FashionMNIST,,0.9,0.999,37,0.5502329182386398,0.8163447573455338,81.82,5,100,54410,0.5944280624389648,0.5917773246765137,0.002650737762451172,,118.787109375,0.05-0.10
FedAdam,FashionMNIST,,0.9,0.999,38,0.55641452460289,0.80117138072841,81.04,6,100,54410,0.45546770095825195,0.45258021354675293,0.0028874874114990234,,118.787109375,0.05-0.10
FedAdam,FashionMNIST,,0.9,0.999,39,0.615569107055664,0.7815927768813867,79.53,5,100,54410,0.5986843109130859,0.5960841178894043,0.0026001930236816406,,118.787109375,0.05-0.10
FedAdam,FashionMNIST,,0.9,0.999,40,0.7274479729652404,0.7378627326998503,75.79,8,100,54410,0.7172553539276123,0.7143700122833252,0.0028853416442871094,,118.787109375,0.05-0.10
FedAdam,FashionMNIST,,0.9,0.999,41,0.7811435338497161,0.7297688219844022,75.63,6,100,54410,0.4560353755950928,0.4530928134918213,0.0029425621032714844,,118.787109375,0.05-0.10
FedAdam,FashionMNIST,,0.9,0.999,42,0.7591810888290406,0.739978263214917,77.33,9,100,54410,1.6847519874572754,1.6809773445129395,0.0037746429443359375,,118.787109375,0.05-0.10
FedAdam,FashionMNIST,,0.9,0.999,43,0.7690003035068512,0.7467507857084466,77.95,5,100,54410,0.7398650646209717,0.7370398044586182,0.0028252601623535156,,118.787109375,0.05-0.10
FedAdam,FashionMNIST,,0.9,0.999,44,0.5552094149589538,0.8037113957365095,80.87,5,100,54410,0.6682026386260986,0.6653475761413574,0.002855062484741211,,118.787109375,0.05-0.10
FedAdam,FashionMNIST,,0.9,0.999,45,0.6055818954944611,0.7900532495988533,79.04,6,100,54410,1.6302709579467773,1.627434492111206,0.002836465835571289,,118.787109375,0.05-0.10
FedAdam,FashionMNIST,,0.9,0.999,46,0.6810404495716095,0.75243464446702,75.98,10,100,54410,1.070998191833496,1.0673584938049316,0.003639698028564453,,118.787109375,0.05-0.10
FedAdam,FashionMNIST,,0.9,0.999,47,0.7394428046226501,0.729088641425259,74.28,6,100,54410,0.9783282279968262,0.9754855632781982,0.0028426647186279297,,118.787109375,0.05-0.10
FedAdam,FashionMNIST,,0.9,0.999,48,0.7374880120277405,0.7341386479188443,75.01,5,100,54410,0.9577934741973877,0.955174446105957,0.002619028091430664,,118.787109375,0.05-0.10
FedAdam,FashionMNIST,,0.9,0.999,49,0.5912081283330918,0.7835402517910113,78.38,5,100,54410,0.8321793079376221,0.829277753829956,0.0029015541076660156,,118.787109375,0.05-0.10
FedAdam,FashionMNIST,,0.9,0.999,50,0.5470234669685364,0.8088928115596763,80.83,7,100,54410,1.1209540367126465,1.1176798343658447,0.003274202346801758,,118.787109375,0.05-0.10
FedHST,FashionMNIST,0.5,0.9,0.999,1,2.3896687534332277,0.20989688519730101,25.44,10,100,54410,1.4172399044036865,1.4116172790527344,0.0056226253509521484,0.0050258636474609375,118.5771484375,0.05-0.10
FedHST,FashionMNIST,0.5,0.9,0.999,2,2.9555042236328126,0.24276177269173288,33.34,5,100,54410,0.6420507431030273,0.6384332180023193,0.003617525100708008,0.0030333995819091797,118.5771484375,0.05-0.10
FedHST,FashionMNIST,0.5,0.9,0.999,3,2.723968886566162,0.23609707220276901,32.57,6,100,54410,1.4347541332244873,1.4307012557983398,0.004052877426147461,0.0034406185150146484,118.5771484375,0.05-0.10
FedHST,FashionMNIST,0.5,0.9,0.999,4,2.698288671875,0.17378837521690732,28.29,10,100,54410,1.656146764755249,1.6507816314697266,0.005365133285522461,0.004694700241088867,118.791015625,0.05-0.10
FedHST,FashionMNIST,0.5,0.9,0.999,5,2.610173948287964,0.2618015015613219,36.62,6,100,54410,0.3345661163330078,0.33063483238220215,0.003931283950805664,0.003312826156616211,118.791015625,0.05-0.10
FedHST,FashionMNIST,0.5,0.9,0.999,6,2.195197940254211,0.36736254407672175,48.1,7,100,54410,1.1763947010040283,1.1718330383300781,0.004561662673950195,0.003960371017456055,118.791015625,0.05-0.10
FedHST,FashionMNIST,0.5,0.9,0.999,7,1.541952932548523,0.594975703153996,64.94,7,100,54410,1.588578462600708,1.5839488506317139,0.004629611968994141,0.004034996032714844,118.791015625,0.05-0.10
FedHST,FashionMNIST,0.5,0.9,0.999,8,1.2153170637130737,0.6026407056506,65.1,9,100,54410,1.090707540512085,1.0853674411773682,0.005340099334716797,0.00468897819519043,118.791015625,0.05-0.10
FedHST,FashionMNIST,0.5,0.9,0.999,9,1.3628149486541747,0.5739837744518973,60.85,10,100,54410,1.6633663177490234,1.6579947471618652,0.005371570587158203,0.004790782928466797,118.79248046875,0.05-0.10
FedHST,FashionMNIST,0.5,0.9,0.999,10,2.0185611909866332,0.4197334499667555,49.91,6,100,54410,0.5733072757720947,0.5691273212432861,0.004179954528808594,0.0035533905029296875,118.79248046875,0.05-0.10
FedHST,FashionMNIST,0.5,0.9,0.999,11,2.456875849533081,0.3596903078834857,45.13,10,100,54410,1.8405647277832031,1.8352723121643066,0.005292415618896484,0.0046122074127197266,118.79248046875,0.05-0.10
FedHST,FashionMNIST,0.5,0.9,0.999,12,2.212630542564392,0.4227180784824083,50.58,8,100,54410,1.4621055126190186,1.4579193592071533,0.004186153411865234,0.0035398006439208984,118.79248046875,0.05-0.10
FedHST,FashionMNIST,0.5,0.9,0.999,13,1.7912197256088256,0.49595096454136367,56.46,5,100,54410,0.45874643325805664,0.4550631046295166,0.003683328628540039,0.0030655860900878906,118.79248046875,0.05-0.10
FedHST,FashionMNIST,0.5,0.9,0.999,14,1.6044697923660278,0.5270863104308984,57.78,5,100,54410,0.39004015922546387,0.3863673210144043,0.0036728382110595703,0.0030782222747802734,118.79248046875,0.05-0.10
FedHST,FashionMNIST,0.5,0.9,0.999,15,1.4653832250595094,0.5718450807648534,61.55,8,100,54410,1.3032758235931396,1.2983453273773193,0.0049304962158203125,0.00431513786315918,118.79248046875,0.05-0.10
FedHST,FashionMNIST,0.5,0.9,0.999,16,1.5742481170654297,0.5659116122151568,62.48,9,100,54410,0.9525392055511475,0.9472370147705078,0.0053021907806396484,0.004676342010498047,118.79248046875,0.05-0.10
FedHST,FashionMNIST,0.5,0.9,0.999,17,1.5850946632385254,0.5665749579188893,62.36,9,100,54410,1.6072497367858887,1.6019117832183838,0.005337953567504883,0.004711151123046875,118.79248046875,0.05-0.10
FedHST,FashionMNIST,0.5,0.9,0.999,18,1.479465386581421,0.5812017221222714,63.62,8,100,54410,1.045353889465332,1.0403218269348145,0.005032062530517578,0.0044171810150146484,118.79248046875,0.05-0.10
FedHST,FashionMNIST,0.5,0.9,0.999,19,1.1354027465820313,0.6355767685669035,68.41,5,100,54410,0.8893568515777588,0.8856282234191895,0.003728628158569336,0.0031278133392333984,118.79248046875,0.05-0.10
FedHST,FashionMNIST,0.5,0.9,0.999,20,0.8526639304161072,0.7053863354541184,70.96,7,100,54410,1.1998417377471924,1.195265769958496,0.004575967788696289,0.0038967132568359375,118.79248046875,0.05-0.10
FedHST,FashionMNIST,0.5,0.9,0.999,21,0.7961509031295776,0.7168000652102855,71.72,8,100,54410,1.5178275108337402,1.512925148010254,0.004902362823486328,0.004273891448974609,118.79248046875,0.05-0.10
FedHST,FashionMNIST,0.5,0.9,0.999,22,0.8516106240272522,0.7120498096557359,71.14,7,100,54410,1.283073902130127,1.2785236835479736,0.00455021858215332,0.003929853439331055,118.79248046875,0.05-0.10
FedHST,FashionMNIST,0.5,0.9,0.999,23,0.8161164001464843,0.7464087309370561,74.08,6,100,54410,0.9918239116668701,0.9876060485839844,0.004217863082885742,0.0035674571990966797,118.79248046875,0.05-0.10
FedHST,FashionMNIST,0.5,0.9,0.999,24,0.8081962964534759,0.7525428240162664,75.3,8,100,54410,1.4957077503204346,1.4908511638641357,0.004856586456298828,0.004243612289428711,118.79248046875,0.05-0.10
FedHST,FashionMNIST,0.5,0.9,0.999,25,0.709495163822174,0.7662738679644582,77.2,5,100,54410,0.39788341522216797,0.3941776752471924,0.003705739974975586,0.003080606460571289,118.79248046875,0.05-0.10
FedHST,FashionMNIST,0.5,0.9,0.999,26,0.6540740863800049,0.7741767441091627,78.04,6,100,54410,0.9920229911804199,0.9880287647247314,0.0039942264556884766,0.003392457962036133,118.79248046875,0.05-0.10
FedHST,FashionMNIST,0.5,0.9,0.999,27,0.6747609597206116,0.7618577566900766,76.59,9,100,54410,1.3502967357635498,1.3451390266418457,0.0051577091217041016,0.004536867141723633,118.79248046875,0.05-0.10
FedHST,FashionMNIST,0.5,0.9,0.999,28,0.7249955064296723,0.7467928285709886,74.91,7,100,54410,0.9885756969451904,0.9842865467071533,0.004289150238037109,0.0036971569061279297,118.79248046875,0.05-0.10
FedHST,FashionMNIST,0.5,0.9,0.999,29,0.7611450005531311,0.7420634400021909,74.46,5,100,54410,0.5064961910247803,0.5026834011077881,0.0038127899169921875,0.003152132034301758,118.79248046875,0.05-0.10
FedHST,FashionMNIST,0.5,0.9,0.999,30,0.7605500879764557,0.741306122602851,74.33,9,100,54410,1.5450201034545898,1.5397403240203857,0.0052797794342041016,0.004668235778808594,118.79248046875,0.05-0.10
FedHST,FashionMNIST,0.5,0.9,0.999,31,0.7067805307865143,0.7612842862077307,76.63,6,100,54410,0.9395928382873535,0.9351696968078613,0.0044231414794921875,0.0038390159606933594,118.79248046875,0.05-0.10
FedHST,FashionMNIST,0.5,0.9,0.999,32,0.6514671923160553,0.7735505277324843,77.66,7,100,54410,1.013951301574707,1.0093464851379395,0.004604816436767578,0.003952980041503906,118.79248046875,0.05-0.10
FedHST,FashionMNIST,0.5,0.9,0.999,33,0.6389902647972107,0.7766244520164495,77.59,9,100,54410,1.3814365863800049,1.3764338493347168,0.005002737045288086,0.004464626312255859,118.79248046875,0.05-0.10
FedHST,FashionMNIST,0.5,0.9,0.999,34,0.664985895061493,0.7649902181926445,76.71,8,100,54410,1.067044734954834,1.0622992515563965,0.0047454833984375,0.0041768550872802734,118.79248046875,0.05-0.10
FedHST,FashionMNIST,0.5,0.9,0.999,35,0.7383652032852173,0.7373831670157711,75.18,8,100,54410,1.2088367938995361,1.2043542861938477,0.0044825077056884766,0.003903627395629883,118.79248046875,0.05-0.10
FedHST,FashionMNIST,0.5,0.9,0.999,36,0.7553794258117675,0.7331213560769354,75.18,8,100,54410,1.0961644649505615,1.0915093421936035,0.004655122756958008,0.0040628910064697266,118.79248046875,0.05-0.10
FedHST,FashionMNIST,0.5,0.9,0.999,37,0.7383392330169678,0.7332675083743193,75.26,5,100,54410,0.6096422672271729,0.605851411819458,0.0037908554077148438,0.0031332969665527344,118.79248046875,0.05-0.10
FedHST,FashionMNIST,0.5,0.9,0.999,38,0.6931994089126587,0.7463117361665483,76.21,6,100,54410,0.43592214584350586,0.4318230152130127,0.004099130630493164,0.0035200119018554688,118.79248046875,0.05-0.10
FedHST,FashionMNIST,0.5,0.9,0.999,39,0.7070758807182312,0.7341076603481901,75.06,5,100,54410,0.5948219299316406,0.5910623073577881,0.003759622573852539,0.0031251907348632812,118.79248046875,0.05-0.10
FedHST,FashionMNIST,0.5,0.9,0.999,40,0.6759075852394104,0.7546550232962125,76.56,8,100,54410,0.7155513763427734,0.7111201286315918,0.004431247711181641,0.003885030746459961,118.79248046875,0.05-0.10
FedHST,FashionMNIST,0.5,0.9,0.999,41,0.6708667546749115,0.765835715855048,77.74,6,100,54410,0.4479389190673828,0.4439074993133545,0.00403141975402832,0.003423452377319336,118.79248046875,0.05-0.10
FedHST,FashionMNIST,0.5,0.9,0.999,42,0.6979734592914582,0.7620468739843191,77.82,9,100,54410,1.595015048980713,1.5901076793670654,0.004907369613647461,0.004387855529785156,118.79248046875,0.05-0.10
FedHST,FashionMNIST,0.5,0.9,0.999,43,0.7902344581127166,0.7324843679803658,75.92,5,100,54410,0.6849608421325684,0.6815872192382812,0.0033736228942871094,0.002835988998413086,118.79248046875,0.05-0.10
FedHST,FashionMNIST,0.5,0.9,0.999,44,0.7226635871887207,0.7505117601185776,77.13,5,100,54410,0.5634398460388184,0.5597527027130127,0.003687143325805664,0.0030748844146728516,118.79248046875,0.05-0.10
FedHST,FashionMNIST,0.5,0.9,0.999,45,0.6143680144071579,0.7827718652592585,79.4,6,100,54410,1.4345283508300781,1.4303219318389893,0.004206418991088867,0.003543376922607422,118.79248046875,0.05-0.10
FedHST,FashionMNIST,0.5,0.9,0.999,46,0.5290701489925385,0.8129613763292165,81.79,10,100,54410,0.8986999988555908,0.893460750579834,0.005239248275756836,0.004656553268432617,118.79248046875,0.05-0.10
FedHST,FashionMNIST,0.5,0.9,0.999,47,0.45658794622421267,0.8415070518314952,84.02,6,100,54410,0.9421615600585938,0.9382567405700684,0.0039048194885253906,0.003302335739135742,118.79248046875,0.05-0.10
FedHST,FashionMNIST,0.5,0.9,0.999,48,0.4866121278762817,0.8267392386174442,82.22,5,100,54410,0.9198579788208008,0.9160242080688477,0.003833770751953125,0.003238677978515625,118.79248046875,0.05-0.10
FedHST,FashionMNIST,0.5,0.9,0.999,49,0.5927003771781921,0.7905782236889487,78.52,5,100,54410,0.780968427658081,0.7773573398590088,0.0036110877990722656,0.0030412673950195312,118.79248046875,0.05-0.10
FedHST,FashionMNIST,0.5,0.9,0.999,50,0.7771731750488281,0.7464846824082205,74.23,7,100,54410,1.0883593559265137,1.0836825370788574,0.00467681884765625,0.004042148590087891,118.79248046875,0.05-0.10
FedAdam,FashionMNIST,,0.9,0.999,1,3.832808969497681,0.16520001201763906,25.01,30,100,54410,5.030354261398315,5.022412538528442,0.007941722869873047,,122.7568359375,0.20-0.30
FedAdam,FashionMNIST,,0.9,0.999,2,2.224024892807007,0.3007757017149165,38.47,26,100,54410,4.380691051483154,4.372758150100708,0.007932901382446289,,122.7568359375,0.20-0.30
FedAdam,FashionMNIST,,0.9,0.999,3,1.7567244785308838,0.47758562927216913,51.59,30,100,54410,4.976024866104126,4.967567205429077,0.008457660675048828,,122.966796875,0.20-0.30
FedAdam,FashionMNIST,,0.9,0.999,4,1.7536198490142823,0.429045874747451,47.5,23,100,54410,2.940270185470581,2.933342456817627,0.0069277286529541016,,122.966796875,0.20-0.30
FedAdam,FashionMNIST,,0.9,0.999,5,1.1471710628509522,0.5828107069751234,62.12,26,100,54410,3.5486772060394287,3.540879249572754,0.007797956466674805,,122.966796875,0.20-0.30
FedAdam,FashionMNIST,,0.9,0.999,6,1.2489497984886169,0.5980170933897396,64.82,24,100,54410,4.23607873916626,4.228936195373535,0.007142543792724609,,122.966796875,0.20-0.30
FedAdam,FashionMNIST,,0.9,0.999,7,1.238066039466858,0.643503434041704,68.35,28,100,54410,4.264589786529541,4.2567291259765625,0.007860660552978516,,122.966796875,0.20-0.30
FedAdam,FashionMNIST,,0.9,0.999,8,0.773702658033371,0.7284640307391168,73.39,24,100,54410,3.3952393531799316,3.3885903358459473,0.006649017333984375,,122.966796875,0.20-0.30
FedAdam,FashionMNIST,,0.9,0.999,9,1.0238666430473327,0.7098508815344039,71.38,25,100,54410,3.2690131664276123,3.261615037918091,0.007398128509521484,,122.966796875,0.20-0.30
FedAdam,FashionMNIST,,0.9,0.999,10,1.0015854453086852,0.720782060892156,73.37,20,100,54410,2.686933755874634,2.681687355041504,0.005246400833129883,,122.966796875,0.20-0.30
FedAdam,FashionMNIST,,0.9,0.999,11,0.7484519824028015,0.7678934989563375,77.91,20,100,54410,2.5910680294036865,2.58443021774292,0.0066378116607666016,,122.966796875,0.20-0.30
FedAdam,FashionMNIST,,0.9,0.999,12,0.6195007627487182,0.7839333643093482,79.94,30,100,54410,5.0657525062561035,5.057032108306885,0.00872039794921875,,122.966796875,0.20-0.30
FedAdam,FashionMNIST,,0.9,0.999,13,0.5889428948879242,0.7929943100472363,79.99,29,100,54410,4.678465127944946,4.670996189117432,0.0074689388275146484,,122.966796875,0.20-0.30
FedAdam,FashionMNIST,,0.9,0.999,14,0.5852538819789886,0.7884944881387264,79.24,22,100,54410,3.807600736618042,3.8010261058807373,0.0065746307373046875,,122.966796875,0.20-0.30
FedAdam,FashionMNIST,,0.9,0.999,15,0.5825831146240235,0.7857082754073899,79.15,28,100,54410,4.774938106536865,4.767367124557495,0.007570981979370117,,122.966796875,0.20-0.30
FedAdam,FashionMNIST,,0.9,0.999,16,0.5724360960960388,0.7995222029678957,80.72,28,100,54410,5.384325981140137,5.37630820274353,0.008017778396606445,,122.966796875,0.20-0.30
FedAdam,FashionMNIST,,0.9,0.999,17,0.5690204051017761,0.798676529844409,80.76,26,100,54410,4.410722494125366,4.4037394523620605,0.006983041763305664,,122.966796875,0.20-0.30
FedAdam,FashionMNIST,,0.9,0.999,18,0.5675409595012665,0.7968099919610834,79.69,21,100,54410,3.082794666290283,3.0768778324127197,0.0059168338775634766,,122.966796875,0.20-0.30
FedAdam,FashionMNIST,,0.9,0.999,19,0.5943888290882111,0.7830252445100773,77.91,28,100,54410,4.658029079437256,4.650701284408569,0.0073277950286865234,,122.966796875,0.20-0.30
FedAdam,FashionMNIST,,0.9,0.999,20,0.5770949923992157,0.7876016179866254,78.37,28,100,54410,3.780118465423584,3.772292137145996,0.00782632827758789,,122.966796875,0.20-0.30
FedAdam,FashionMNIST,,0.9,0.999,21,0.4845778194904327,0.8206092708630498,82.19,24,100,54410,4.287389278411865,4.280110120773315,0.007279157638549805,,122.966796875,0.20-0.30
FedAdam,FashionMNIST,,0.9,0.999,22,0.5011556785821915,0.8105074984313745,82.08,26,100,54410,3.9446702003479004,3.936945676803589,0.0077245235443115234,,122.966796875,0.20-0.30
FedAdam,FashionMNIST,,0.9,0.999,23,0.5661304898738861,0.7857509547854853,80.96,28,100,54410,4.820655822753906,4.813944339752197,0.006711483001708984,,122.966796875,0.20-0.30
FedAdam,FashionMNIST,,0.9,0.999,24,0.5166094083547592,0.8110752242729488,82.54,23,100,54410,3.0128414630889893,3.0059726238250732,0.006868839263916016,,122.966796875,0.20-0.30
FedAdam,FashionMNIST,,0.9,0.999,25,0.4787626515388489,0.8227241194160448,82.28,29,100,54410,3.535573720932007,3.527273654937744,0.008300065994262695,,122.966796875,0.20-0.30
FedAdam,FashionMNIST,,0.9,0.999,26,0.49147541666030886,0.8194995705307685,81.72,26,100,54410,4.134323835372925,4.12723445892334,0.007089376449584961,,122.966796875,0.20-0.30
FedAdam,FashionMNIST,,0.9,0.999,27,0.4381077780723572,0.8419948651460063,84.15,27,100,54410,3.866830348968506,3.8590750694274902,0.007755279541015625,,122.966796875,0.20-0.30
FedAdam,FashionMNIST,,0.9,0.999,28,0.41333065662384033,0.8518245644238036,85.22,30,100,54410,4.581897258758545,4.573720693588257,0.008176565170288086,,122.966796875,0.20-0.30
FedAdam,FashionMNIST,,0.9,0.999,29,0.43632921981811523,0.8412512536055615,84.44,25,100,54410,2.845431089401245,2.838322639465332,0.007108449935913086,,122.966796875,0.20-0.30
FedAdam,FashionMNIST,,0.9,0.999,30,0.49679515280723574,0.8217631489683148,83.05,28,100,54410,3.8503847122192383,3.8425920009613037,0.00779271125793457,,122.966796875,0.20-0.30
FedAdam,FashionMNIST,,0.9,0.999,31,0.4802283306360245,0.8313149794560977,83.39,25,100,54410,3.3065574169158936,3.2996349334716797,0.006922483444213867,,122.966796875,0.20-0.30
FedAdam,FashionMNIST,,0.9,0.999,32,0.47445841381549836,0.826942163975745,82.55,25,100,54410,3.1214118003845215,3.11393666267395,0.007475137710571289,,122.966796875,0.20-0.30
FedAdam,FashionMNIST,,0.9,0.999,33,0.4814020111083984,0.8251102658441143,82.22,27,100,54410,4.256407260894775,4.24873161315918,0.007675647735595703,,122.966796875,0.20-0.30
FedAdam,FashionMNIST,,0.9,0.999,34,0.436985261964798,0.8446703521936904,84.79,29,100,54410,5.1414642333984375,5.133297443389893,0.008166790008544922,,122.966796875,0.20-0.30
FedAdam,FashionMNIST,,0.9,0.999,35,0.5016018880844116,0.8132893165405181,82.95,27,100,54410,4.635405540466309,4.628152370452881,0.007253170013427734,,122.966796875,0.20-0.30
FedAdam,FashionMNIST,,0.9,0.999,36,0.5309196515560151,0.8000627241511122,82.33,26,100,54410,4.775232791900635,4.768570899963379,0.006661891937255859,,122.966796875,0.20-0.30
FedAdam,FashionMNIST,,0.9,0.999,37,0.45792024850845336,0.8262070677352543,84.18,22,100,54410,3.7818384170532227,3.775933027267456,0.0059053897857666016,,122.966796875,0.20-0.30
FedAdam,FashionMNIST,,0.9,0.999,38,0.40700555148124695,0.8508778040075529,85.63,25,100,54410,3.038573980331421,3.0314717292785645,0.007102251052856445,,122.966796875,0.20-0.30
FedAdam,FashionMNIST,,0.9,0.999,39,0.39670042667388916,0.855670279127364,85.7,27,100,54410,4.157320022583008,4.149137258529663,0.008182764053344727,,122.966796875,0.20-0.30
FedAdam,FashionMNIST,,0.9,0.999,40,0.4058324212551117,0.8486903975971304,84.58,27,100,54410,4.028619766235352,4.0210957527160645,0.007524013519287109,,122.966796875,0.20-0.30
FedAdam,FashionMNIST,,0.9,0.999,41,0.42146879048347474,0.8426006876080677,83.85,26,100,54410,4.189184188842773,4.182579517364502,0.006604671478271484,,122.966796875,0.20-0.30
FedAdam,FashionMNIST,,0.9,0.999,42,0.4127809402704239,0.8507303159353178,84.84,28,100,54410,4.287055969238281,4.279340028762817,0.007715940475463867,,122.966796875,0.20-0.30
FedAdam,FashionMNIST,,0.9,0.999,43,0.4014323299884796,0.8566710802739774,85.79,26,100,54410,3.524966239929199,3.5178000926971436,0.007166147232055664,,122.966796875,0.20-0.30
FedAdam,FashionMNIST,,0.9,0.999,44,0.43820868980884553,0.8417565022495588,84.99,29,100,54410,4.90429162979126,4.896346807479858,0.007944822311401367,,122.966796875,0.20-0.30
FedAdam,FashionMNIST,,0.9,0.999,45,0.4521956150531769,0.8344434957695481,84.53,26,100,54410,2.8087055683135986,2.8012073040008545,0.007498264312744141,,122.966796875,0.20-0.30
FedAdam,FashionMNIST,,0.9,0.999,46,0.45887479107379914,0.8286606886673503,83.73,30,100,54410,4.852629899978638,4.84410834312439,0.008521556854248047,,122.966796875,0.20-0.30
FedAdam,FashionMNIST,,0.9,0.999,47,0.41193770047426226,0.8459774003889388,85.01,27,100,54410,3.9208385944366455,3.9136760234832764,0.007162570953369141,,122.966796875,0.20-0.30
FedAdam,FashionMNIST,,0.9,0.999,48,0.41141708694696427,0.8486274174807719,84.8,27,100,54410,4.653193473815918,4.645609617233276,0.0075838565826416016,,122.966796875,0.20-0.30
FedAdam,FashionMNIST,,0.9,0.999,49,0.491277218079567,0.8137845359401752,81.52,25,100,54410,3.385831832885742,3.3782618045806885,0.007570028305053711,,122.966796875,0.20-0.30
FedAdam,FashionMNIST,,0.9,0.999,50,0.4547274294614792,0.8348885769317157,83.42,30,100,54410,4.054816722869873,4.046859979629517,0.007956743240356445,,122.966796875,0.20-0.30
FedHST,FashionMNIST,0.5,0.9,0.999,1,2.0543050369262694,0.17766728775076923,25.55,30,100,54410,5.232505559921265,5.219524383544922,0.012981176376342773,0.01235198974609375,122.7568359375,0.20-0.30
FedHST,FashionMNIST,0.5,0.9,0.999,2,1.6179615463256836,0.29421511668575795,40.48,26,100,54410,3.947486400604248,3.936192035675049,0.011294364929199219,0.010715484619140625,122.7568359375,0.20-0.30
FedHST,FashionMNIST,0.5,0.9,0.999,3,1.2886125064849854,0.4411332889986964,51.78,30,100,54410,4.6850175857543945,4.67162823677063,0.013389348983764648,0.01278066635131836,122.98046875,0.20-0.30
FedHST,FashionMNIST,0.5,0.9,0.999,4,1.0889477898597717,0.4884072632674723,54.93,23,100,54410,3.0387120246887207,3.028200387954712,0.010511636734008789,0.00990438461303711,122.98046875,0.20-0.30
FedHST,FashionMNIST,0.5,0.9,0.999,5,0.894386956691742,0.6617474237343839,68.89,26,100,54410,3.557657241821289,3.5455799102783203,0.01207733154296875,0.01146841049194336,122.98046875,0.20-0.30
FedHST,FashionMNIST,0.5,0.9,0.999,6,0.7609183052062988,0.7317264909606905,74.21,24,100,54410,4.377140760421753,4.366924285888672,0.010216474533081055,0.00961756706237793,122.98046875,0.20-0.30
FedHST,FashionMNIST,0.5,0.9,0.999,7,0.8002981030464172,0.6957793918050792,71.21,28,100,54410,4.409476041793823,4.397409200668335,0.012066841125488281,0.0114898681640625,122.98046875,0.20-0.30
FedHST,FashionMNIST,0.5,0.9,0.999,8,0.8347495900154114,0.6619187845865934,69.54,24,100,54410,3.492579460144043,3.4815495014190674,0.011029958724975586,0.01039433479309082,122.98046875,0.20-0.30
FedHST,FashionMNIST,0.5,0.9,0.999,9,0.8077207558631897,0.6581680698735044,69.49,25,100,54410,3.336379051208496,3.3250341415405273,0.01134490966796875,0.010745763778686523,122.98046875,0.20-0.30
FedHST,FashionMNIST,0.5,0.9,0.999,10,0.7754443742752075,0.6588422120009255,68.58,20,100,54410,2.7831313610076904,2.7735538482666016,0.009577512741088867,0.008957386016845703,122.98046875,0.20-0.30
FedHST,FashionMNIST,0.5,0.9,0.999,11,0.7025494688034057,0.7188845456152464,72.87,20,100,54410,2.5243399143218994,2.514648914337158,0.009690999984741211,0.009043693542480469,122.98046875,0.20-0.30
FedHST,FashionMNIST,0.5,0.9,0.999,12,0.6854553599357605,0.7293543841685249,74.27,30,100,54410,4.792890310287476,4.778950214385986,0.013940095901489258,0.013279914855957031,122.98046875,0.20-0.30
FedHST,FashionMNIST,0.5,0.9,0.999,13,0.6874646472930909,0.7294525705711163,74.67,29,100,54410,4.370218992233276,4.357087850570679,0.013131141662597656,0.012504339218139648,122.98046875,0.20-0.30
FedHST,FashionMNIST,0.5,0.9,0.999,14,0.7049600583553314,0.7292319109444523,74.97,22,100,54410,3.707045078277588,3.6973018646240234,0.009743213653564453,0.009142398834228516,122.98046875,0.20-0.30
FedHST,FashionMNIST,0.5,0.9,0.999,15,0.6780240052700043,0.7359219938964712,76.21,28,100,54410,4.173022031784058,4.160970211029053,0.012051820755004883,0.01149749755859375,122.98046875,0.20-0.30
FedHST,FashionMNIST,0.5,0.9,0.999,16,0.64457342877388,0.748545552326122,77.45,28,100,54410,4.740484714508057,4.727864503860474,0.012620210647583008,0.011945009231567383,122.98046875,0.20-0.30
FedHST,FashionMNIST,0.5,0.9,0.999,17,0.6185066715717316,0.7637300633914841,78.18,26,100,54410,4.319849491119385,4.309063196182251,0.010786294937133789,0.010208368301391602,122.98046875,0.20-0.30
FedHST,FashionMNIST,0.5,0.9,0.999,18,0.5820757942199707,0.780681777405862,79.1,21,100,54410,3.0791690349578857,3.0693063735961914,0.009862661361694336,0.009252309799194336,122.98046875,0.20-0.30
FedHST,FashionMNIST,0.5,0.9,0.999,19,0.5529066819190979,0.7909152251330248,79.61,28,100,54410,4.749231815338135,4.7366943359375,0.012537479400634766,0.011864423751831055,122.98046875,0.20-0.30
FedHST,FashionMNIST,0.5,0.9,0.999,20,0.5176839891433715,0.8084350687789004,80.91,28,100,54410,3.6700222492218018,3.65865421295166,0.011368036270141602,0.010755300521850586,122.98046875,0.20-0.30
FedHST,FashionMNIST,0.5,0.9,0.999,21,0.5066569754123688,0.8150518600541388,81.27,24,100,54410,4.22739839553833,4.216553211212158,0.010845184326171875,0.010274410247802734,122.98046875,0.20-0.30
FedHST,FashionMNIST,0.5,0.9,0.999,22,0.50655225481987,0.8138666252748052,81.04,26,100,54410,3.8274245262145996,3.8173696994781494,0.010054826736450195,0.00950479507446289,122.98046875,0.20-0.30
FedHST,FashionMNIST,0.5,0.9,0.999,23,0.5093752426624298,0.8151063398344235,81.54,28,100,54410,4.806258201599121,4.793776273727417,0.012481927871704102,0.011854887008666992,122.98046875,0.20-0.30
FedHST,FashionMNIST,0.5,0.9,0.999,24,0.5182035385131836,0.8037105021077989,80.93,23,100,54410,3.0132710933685303,3.0021374225616455,0.011133670806884766,0.0105133056640625,122.98046875,0.20-0.30
FedHST,FashionMNIST,0.5,0.9,0.999,25,0.5361487490653992,0.7938378973693394,80.32,29,100,54410,3.9813461303710938,3.9687445163726807,0.012601613998413086,0.011960983276367188,122.98046875,0.20-0.30
FedHST,FashionMNIST,0.5,0.9,0.999,26,0.5494209257125855,0.7815846287478531,80.17,26,100,54410,4.227438449859619,4.216357231140137,0.011081218719482422,0.010445594787597656,122.98046875,0.20-0.30
FedHST,FashionMNIST,0.5,0.9,0.999,27,0.5190411046028137,0.7890752110928277,81.23,27,100,54410,3.9733498096466064,3.9604594707489014,0.012890338897705078,0.012212753295898438,122.98046875,0.20-0.30
FedHST,FashionMNIST,0.5,0.9,0.999,28,0.4855683227300644,0.8083770979553624,82.73,30,100,54410,4.731334924697876,4.718920707702637,0.012414216995239258,0.011830806732177734,122.98095703125,0.20-0.30
FedHST,FashionMNIST,0.5,0.9,0.999,29,0.4545705709218979,0.8251337625825824,83.71,25,100,54410,2.7892637252807617,2.7792909145355225,0.009972810745239258,0.009465694427490234,122.98095703125,0.20-0.30
FedHST,FashionMNIST,0.5,0.9,0.999,30,0.44038991656303406,0.8375646912420519,84.49,28,100,54410,3.9271812438964844,3.915139675140381,0.012041568756103516,0.011441230773925781,122.98095703125,0.20-0.30
FedHST,FashionMNIST,0.5,0.9,0.999,31,0.4283814289569855,0.8469777823208189,84.89,25,100,54410,3.241535186767578,3.230449914932251,0.011085271835327148,0.01049351692199707,122.98095703125,0.20-0.30
FedHST,FashionMNIST,0.5,0.9,0.999,32,0.4427565892219543,0.8417436877640576,83.88,25,100,54410,3.1257216930389404,3.114494562149048,0.011227130889892578,0.010645627975463867,122.98095703125,0.20-0.30
FedHST,FashionMNIST,0.5,0.9,0.999,33,0.4572959424972534,0.8332103972297095,82.9,27,100,54410,4.374699592590332,4.364243030548096,0.010456562042236328,0.00988912582397461,122.98095703125,0.20-0.30
FedHST,FashionMNIST,0.5,0.9,0.999,34,0.4381771983146667,0.8444976077450377,84.14,29,100,54410,4.877084016799927,4.866199016571045,0.010885000228881836,0.010329723358154297,122.98095703125,0.20-0.30
FedHST,FashionMNIST,0.5,0.9,0.999,35,0.42226391468048097,0.85202406350142,85.15,27,100,54410,4.429798603057861,4.418444871902466,0.011353731155395508,0.010832786560058594,122.98095703125,0.20-0.30
FedHST,FashionMNIST,0.5,0.9,0.999,36,0.4301086372852325,0.845027273282186,84.9,26,100,54410,4.995097637176514,4.983755826950073,0.01134181022644043,0.010755777359008789,122.98095703125,0.20-0.30
FedHST,FashionMNIST,0.5,0.9,0.999,37,0.44894379243850707,0.831820345259589,84.18,22,100,54410,4.320389747619629,4.310781240463257,0.00960850715637207,0.009058475494384766,122.98095703125,0.20-0.30
FedHST,FashionMNIST,0.5,0.9,0.999,38,0.4844544508934021,0.8109484756232128,82.98,25,100,54410,3.556105375289917,3.5449979305267334,0.011107444763183594,0.010473966598510742,122.98095703125,0.20-0.30
FedHST,FashionMNIST,0.5,0.9,0.999,39,0.5025978901863098,0.8005379327781613,82.22,27,100,54410,4.377533674240112,4.365798234939575,0.01173543930053711,0.011066913604736328,122.98095703125,0.20-0.30
FedHST,FashionMNIST,0.5,0.9,0.999,40,0.48065370309352873,0.8075637995317433,82.54,27,100,54410,4.089356899261475,4.0792059898376465,0.010150909423828125,0.009621381759643555,122.98095703125,0.20-0.30
FedHST,FashionMNIST,0.5,0.9,0.999,41,0.43548375160694125,0.8315301921222046,84.13,26,100,54410,4.1403350830078125,4.129598379135132,0.010736703872680664,0.010142326354980469,122.98095703125,0.20-0.30
FedHST,FashionMNIST,0.5,0.9,0.999,42,0.4009013214588165,0.8536764050242851,85.75,28,100,54410,4.713202953338623,4.7009055614471436,0.012297391891479492,0.011597394943237305,122.98095703125,0.20-0.30
FedHST,FashionMNIST,0.5,0.9,0.999,43,0.3926986878156662,0.8598973621220825,85.91,26,100,54410,3.580159902572632,3.5688366889953613,0.011323213577270508,0.010739564895629883,122.98095703125,0.20-0.30
FedHST,FashionMNIST,0.5,0.9,0.999,44,0.40343897631168363,0.8557407316062718,85.36,29,100,54410,5.394913673400879,5.382205247879028,0.012708425521850586,0.012128829956054688,122.98095703125,0.20-0.30
FedHST,FashionMNIST,0.5,0.9,0.999,45,0.4144025996208191,0.8515468149623009,84.91,26,100,54410,2.7167224884033203,2.7055771350860596,0.011145353317260742,0.01056671142578125,122.98095703125,0.20-0.30
FedHST,FashionMNIST,0.5,0.9,0.999,46,0.4049624097108841,0.8541322660694657,85.27,30,100,54410,4.467959880828857,4.455708742141724,0.012251138687133789,0.01171731948852539,122.98095703125,0.20-0.30
FedHST,FashionMNIST,0.5,0.9,0.999,47,0.3932441867828369,0.8580294312168182,85.8,27,100,54410,3.475431203842163,3.464369535446167,0.011061668395996094,0.010520696640014648,122.98095703125,0.20-0.30
FedHST,FashionMNIST,0.5,0.9,0.999,48,0.3881531877040863,0.8609852097058768,86.27,27,100,54410,4.54265832901001,4.530924081802368,0.011734247207641602,0.011109590530395508,122.98095703125,0.20-0.30
FedHST,FashionMNIST,0.5,0.9,0.999,49,0.39100050089359284,0.8577231275854496,86.08,25,100,54410,3.185412883758545,3.175417900085449,0.009994983673095703,0.009451627731323242,122.98095703125,0.20-0.30
FedHST,FashionMNIST,0.5,0.9,0.999,50,0.3870585387468338,0.8585578778122762,86.23,30,100,54410,3.9164669513702393,3.903982162475586,0.01248478889465332,0.011927604675292969,122.98095703125,0.20-0.30
FedAdam,FashionMNIST,,0.9,0.999,1,2.760692408370972,0.1436249298061647,24.6,60,100,54410,8.89666748046875,8.883168458938599,0.013499021530151367,,129.0263671875,0.50-0.60
FedAdam,FashionMNIST,,0.9,0.999,2,1.9239094604492188,0.2554840516432407,37.2,51,100,54410,7.471823453903198,7.45869255065918,0.013130903244018555,,129.0263671875,0.50-0.60
FedAdam,FashionMNIST,,0.9,0.999,3,1.1039463497161865,0.5618337626484146,57.95,54,100,54410,7.744425535202026,7.729999303817749,0.014426231384277344,,129.0263671875,0.50-0.60
FedAdam,FashionMNIST,,0.9,0.999,4,1.1065014992713929,0.588712955178548,63.29,53,100,54410,7.9254045486450195,7.912286281585693,0.013118267059326172,,129.0263671875,0.50-0.60
FedAdam,FashionMNIST,,0.9,0.999,5,0.8480629943847656,0.6973277349104904,73.03,60,100,54410,8.907384157180786,8.891696691513062,0.01568746566772461,,129.236328125,0.50-0.60
FedAdam,FashionMNIST,,0.9,0.999,6,0.7789860354423523,0.7077618189903151,73.89,53,100,54410,7.8185224533081055,7.8054821491241455,0.013040304183959961,,129.236328125,0.50-0.60
FedAdam,FashionMNIST,,0.9,0.999,7,0.7153022364616394,0.7397674423416073,75.47,55,100,54410,7.186625003814697,7.173649311065674,0.012975692749023438,,129.236328125,0.50-0.60
FedAdam,FashionMNIST,,0.9,0.999,8,0.6271833444595337,0.7694368017742095,77.57,60,100,54410,8.910084962844849,8.894647359848022,0.015437602996826172,,129.236328125,0.50-0.60
FedAdam,FashionMNIST,,0.9,0.999,9,0.5389440690994263,0.8042849518140069,80.65,52,100,54410,7.180942535400391,7.1678807735443115,0.013061761856079102,,129.236328125,0.50-0.60
FedAdam,FashionMNIST,,0.9,0.999,10,0.600111057806015,0.7754450141134953,78.78,60,100,54410,8.816433191299438,8.800748109817505,0.015685081481933594,,129.236328125,0.50-0.60
FedAdam,FashionMNIST,,0.9,0.999,11,0.5672598960399627,0.7931212622568367,80.23,52,100,54410,8.936429500579834,8.92268967628479,0.013739824295043945,,129.236328125,0.50-0.60
FedAdam,FashionMNIST,,0.9,0.999,12,0.5898257548332214,0.7806951119149895,79.16,57,100,54410,9.220619440078735,9.20753002166748,0.013089418411254883,,129.236328125,0.50-0.60
FedAdam,FashionMNIST,,0.9,0.999,13,0.5019737706184387,0.8200932111321236,82.29,60,100,54410,9.810721635818481,9.794608116149902,0.0161135196685791,,129.236328125,0.50-0.60
FedAdam,FashionMNIST,,0.9,0.999,14,0.47963983249664305,0.8270153372535696,82.75,52,100,54410,7.542258024215698,7.528632164001465,0.013625860214233398,,129.236328125,0.50-0.60
FedAdam,FashionMNIST,,0.9,0.999,15,0.49114297156333925,0.8179102808409171,82.21,59,100,54410,9.741082906723022,9.725465059280396,0.015617847442626953,,129.236328125,0.50-0.60
FedAdam,FashionMNIST,,0.9,0.999,16,0.45506668729782107,0.83771928124371,83.86,56,100,54410,9.418985605239868,9.405029058456421,0.013956546783447266,,129.236328125,0.50-0.60
FedAdam,FashionMNIST,,0.9,0.999,17,0.4910186939716339,0.8175103576575727,82.73,51,100,54410,8.775668382644653,8.763186931610107,0.012481451034545898,,129.236328125,0.50-0.60
FedAdam,FashionMNIST,,0.9,0.999,18,0.5296830176353454,0.7967447691010202,81.54,54,100,54410,9.032599210739136,9.0187406539917,0.013858556747436523,,129.236328125,0.50-0.60
FedAdam,FashionMNIST,,0.9,0.999,19,0.4753113956928253,0.818466810014215,83.26,52,100,54410,8.13258981704712,8.118783235549927,0.013806581497192383,,129.236328125,0.50-0.60
FedAdam,FashionMNIST,,0.9,0.999,20,0.4290270285129547,0.8419638916947958,84.57,57,100,54410,9.322405815124512,9.308199882507324,0.0142059326171875,,129.236328125,0.50-0.60
FedAdam,FashionMNIST,,0.9,0.999,21,0.44667314641475675,0.8333599055908844,83.49,57,100,54410,9.808311700820923,9.794407367706299,0.013904333114624023,,129.236328125,0.50-0.60
FedAdam,FashionMNIST,,0.9,0.999,22,0.45013103952407835,0.8297750365194372,83.24,51,100,54410,7.485245943069458,7.4735636711120605,0.011682271957397461,,129.236328125,0.50-0.60
FedAdam,FashionMNIST,,0.9,0.999,23,0.40817637190818784,0.8487690977759881,84.99,55,100,54410,8.691421270370483,8.67676568031311,0.014655590057373047,,129.236328125,0.50-0.60
FedAdam,FashionMNIST,,0.9,0.999,24,0.4212671003341675,0.8483124980973695,85.26,52,100,54410,7.644275665283203,7.630634784698486,0.013640880584716797,,129.236328125,0.50-0.60
FedAdam,FashionMNIST,,0.9,0.999,25,0.49291184701919555,0.826488336189116,83.09,58,100,54410,8.257099151611328,8.24209475517273,0.015004396438598633,,129.236328125,0.50-0.60
FedAdam,FashionMNIST,,0.9,0.999,26,0.4520498786449432,0.8411465716536842,84.62,51,100,54410,8.01410722732544,8.003354787826538,0.010752439498901367,,129.236328125,0.50-0.60
FedAdam,FashionMNIST,,0.9,0.999,27,0.39772793068885803,0.8605520442587979,86.35,59,100,54410,8.293869733810425,8.279658794403076,0.014210939407348633,,129.236328125,0.50-0.60
FedAdam,FashionMNIST,,0.9,0.999,28,0.4174351430892944,0.8481047328216105,85.11,54,100,54410,7.776610374450684,7.763912677764893,0.012697696685791016,,129.236328125,0.50-0.60
FedAdam,FashionMNIST,,0.9,0.999,29,0.40931607484817506,0.8514970309487897,85.39,50,100,54410,7.377452850341797,7.364416599273682,0.013036251068115234,,129.236328125,0.50-0.60
FedAdam,FashionMNIST,,0.9,0.999,30,0.39937682802677155,0.856397611500908,85.88,58,100,54410,9.347836256027222,9.3340003490448,0.013835906982421875,,129.236328125,0.50-0.60
FedAdam,FashionMNIST,,0.9,0.999,31,0.43122540583610536,0.840979529500007,84.73,53,100,54410,7.205766677856445,7.192747592926025,0.013019084930419922,,129.236328125,0.50-0.60
FedAdam,FashionMNIST,,0.9,0.999,32,0.4442108492612839,0.8363878242445841,84.73,57,100,54410,9.242183685302734,9.227705478668213,0.014478206634521484,,129.236328125,0.50-0.60
FedAdam,FashionMNIST,,0.9,0.999,33,0.41413193514347074,0.8521561957797908,85.84,51,100,54410,6.979958772659302,6.967329740524292,0.012629032135009766,,129.236328125,0.50-0.60
FedAdam,FashionMNIST,,0.9,0.999,34,0.38557895247936247,0.8647296655474428,86.79,53,100,54410,8.267922163009644,8.25432538986206,0.013596773147583008,,129.236328125,0.50-0.60
FedAdam,FashionMNIST,,0.9,0.999,35,0.3823628983736038,0.864405343898083,86.52,55,100,54410,8.771591424942017,8.758153676986694,0.013437747955322266,,129.236328125,0.50-0.60
FedAdam,FashionMNIST,,0.9,0.999,36,0.3862254242181778,0.8607424719007899,86.14,56,100,54410,8.42581582069397,8.41132140159607,0.01449441909790039,,129.236328125,0.50-0.60
FedAdam,FashionMNIST,,0.9,0.999,37,0.3906001403808594,0.8615164804832883,86.18,50,100,54410,7.67897891998291,7.666000843048096,0.012978076934814453,,129.236328125,0.50-0.60
FedAdam,FashionMNIST,,0.9,0.999,38,0.39383919169902804,0.861995958044278,86.39,57,100,54410,8.663291454315186,8.6486496925354,0.014641761779785156,,129.236328125,0.50-0.60
FedAdam,FashionMNIST,,0.9,0.999,39,0.40118565645217896,0.8536676025271899,85.74,57,100,54410,8.29145359992981,8.278956174850464,0.012497425079345703,,129.236328125,0.50-0.60
FedAdam,FashionMNIST,,0.9,0.999,40,0.4199252170085907,0.8470826544135385,85.17,58,100,54410,8.76204800605774,8.747601509094238,0.014446496963500977,,129.236328125,0.50-0.60
FedAdam,FashionMNIST,,0.9,0.999,41,0.43099624016284943,0.8424174111106606,84.81,50,100,54410,8.049951314926147,8.037221908569336,0.012729406356811523,,129.236328125,0.50-0.60
FedAdam,FashionMNIST,,0.9,0.999,42,0.40640847880840303,0.8479111350418537,85.26,53,100,54410,8.46286916732788,8.449821472167969,0.01304769515991211,,129.236328125,0.50-0.60
FedAdam,FashionMNIST,,0.9,0.999,43,0.3631574682712555,0.8703589794795373,87.22,52,100,54410,9.865729331970215,9.852813959121704,0.012915372848510742,,129.236328125,0.50-0.60
FedAdam,FashionMNIST,,0.9,0.999,44,0.3692472073316574,0.8689728897581122,87.08,51,100,54410,8.86871337890625,8.855501890182495,0.013211488723754883,,129.236328125,0.50-0.60
FedAdam,FashionMNIST,,0.9,0.999,45,0.41534467680454257,0.8521367576647968,85.57,54,100,54410,9.157440185546875,9.143532991409302,0.013907194137573242,,129.236328125,0.50-0.60
FedAdam,FashionMNIST,,0.9,0.999,46,0.39726859612464904,0.8582357155630291,86.16,50,100,54410,7.486532926559448,7.473684787750244,0.012848138809204102,,129.236328125,0.50-0.60
FedAdam,FashionMNIST,,0.9,0.999,47,0.35196637778282164,0.8723392838630917,87.51,52,100,54410,8.724775314331055,8.711770057678223,0.013005256652832031,,129.236328125,0.50-0.60
FedAdam,FashionMNIST,,0.9,0.999,48,0.3857693553090096,0.8586492031600198,86.12,55,100,54410,7.862579584121704,7.850045442581177,0.012534141540527344,,129.236328125,0.50-0.60
FedAdam,FashionMNIST,,0.9,0.999,49,0.4577738049983978,0.8377709946502367,84.07,51,100,54410,7.3145153522491455,7.302561283111572,0.011954069137573242,,129.236328125,0.50-0.60
FedAdam,FashionMNIST,,0.9,0.999,50,0.4602813049077988,0.8335622456412303,83.75,51,100,54410,6.52280068397522,6.50923228263855,0.013568401336669922,,129.236328125,0.50-0.60
FedHST,FashionMNIST,0.5,0.9,0.999,1,2.0441011989593507,0.2352287300255238,32.54,60,100,54410,9.807905197143555,9.782140493392944,0.02576470375061035,0.02515697479248047,135.0869140625,0.50-0.60
FedHST,FashionMNIST,0.5,0.9,0.999,2,1.702263563156128,0.272056007141443,39.81,51,100,54410,8.728941202163696,8.710078716278076,0.018862485885620117,0.018213272094726562,135.0869140625,0.50-0.60
FedHST,FashionMNIST,0.5,0.9,0.999,3,1.4343624225616456,0.3549950568761072,44.89,54,100,54410,7.2895002365112305,7.267283916473389,0.022216320037841797,0.021569013595581055,135.0869140625,0.50-0.60
FedHST,FashionMNIST,0.5,0.9,0.999,4,1.1480369194030762,0.4608127684331498,53.89,53,100,54410,7.951635360717773,7.930483341217041,0.021152019500732422,0.020460128784179688,135.0869140625,0.50-0.60
FedHST,FashionMNIST,0.5,0.9,0.999,5,0.8918418592453002,0.615985262390152,65.96,60,100,54410,8.995134592056274,8.97300672531128,0.022127866744995117,0.021519184112548828,135.1171875,0.50-0.60
FedHST,FashionMNIST,0.5,0.9,0.999,6,0.7531683731079102,0.7265969033669722,74.67,53,100,54410,8.254195928573608,8.232694149017334,0.021501779556274414,0.020889997482299805,135.1171875,0.50-0.60
FedHST,FashionMNIST,0.5,0.9,0.999,7,0.7445170848846435,0.7170981274754669,73.46,55,100,54410,7.614148139953613,7.592071056365967,0.022077083587646484,0.021452665328979492,135.1171875,0.50-0.60
FedHST,FashionMNIST,0.5,0.9,0.999,8,0.7135014661788941,0.7348879358539545,74.57,60,100,54410,9.05531358718872,9.034148454666138,0.021165132522583008,0.02065277099609375,135.1171875,0.50-0.60
FedHST,FashionMNIST,0.5,0.9,0.999,9,0.6593552320957183,0.7589171878155627,76.4,52,100,54410,7.834724187850952,7.813823461532593,0.020900726318359375,0.020260334014892578,135.1171875,0.50-0.60
FedHST,FashionMNIST,0.5,0.9,0.999,10,0.6313655442237854,0.7691237254836853,77.43,60,100,54410,9.0615975856781,9.037380456924438,0.02421712875366211,0.023578643798828125,135.1171875,0.50-0.60
FedHST,FashionMNIST,0.5,0.9,0.999,11,0.6750129971027374,0.7357137366092752,74.48,52,100,54410,8.58034610748291,8.559778213500977,0.020567893981933594,0.020000934600830078,135.1171875,0.50-0.60
FedHST,FashionMNIST,0.5,0.9,0.999,12,0.7463791063308716,0.6727934656885755,70.42,57,100,54410,8.213231563568115,8.191972255706787,0.021259307861328125,0.020589351654052734,135.1171875,0.50-0.60
FedHST,FashionMNIST,0.5,0.9,0.999,13,0.7289674714565277,0.6758745570000753,70.94,60,100,54410,8.627333164215088,8.604282140731812,0.023051023483276367,0.02255558967590332,135.1171875,0.50-0.60
FedHST,FashionMNIST,0.5,0.9,0.999,14,0.6553400669574737,0.7226011500302294,74.61,52,100,54410,7.559593915939331,7.538855075836182,0.020738840103149414,0.02009105682373047,135.1171875,0.50-0.60
FedHST,FashionMNIST,0.5,0.9,0.999,15,0.5823913361549378,0.7688709827862651,78.51,59,100,54410,8.965537071228027,8.943658351898193,0.021878719329833984,0.021279573440551758,135.1171875,0.50-0.60
FedHST,FashionMNIST,0.5,0.9,0.999,16,0.5331670069217682,0.8001646461713918,80.97,56,100,54410,8.210725545883179,8.188231945037842,0.022493600845336914,0.02185368537902832,135.1171875,0.50-0.60
FedHST,FashionMNIST,0.5,0.9,0.999,17,0.5248046143054962,0.8022766049086616,81.19,51,100,54410,7.796268939971924,7.775558948516846,0.020709991455078125,0.020064830780029297,135.1171875,0.50-0.60
FedHST,FashionMNIST,0.5,0.9,0.999,18,0.5350370022296905,0.7909997477976798,80.33,54,100,54410,9.125136137008667,9.102755308151245,0.022380828857421875,0.02173328399658203,135.1171875,0.50-0.60
FedHST,FashionMNIST,0.5,0.9,0.999,19,0.5396936618328094,0.7887436798515322,80.2,52,100,54410,7.419840335845947,7.397800445556641,0.02203989028930664,0.021363019943237305,135.1171875,0.50-0.60
FedHST,FashionMNIST,0.5,0.9,0.999,20,0.5355528406620026,0.7906035251930591,80.45,57,100,54410,8.03619933128357,8.014337062835693,0.021862268447875977,0.021236658096313477,135.1171875,0.50-0.60
FedHST,FashionMNIST,0.5,0.9,0.999,21,0.5222737290859223,0.7964959782081585,80.96,57,100,54410,9.89688754081726,9.874326467514038,0.022561073303222656,0.021889686584472656,135.1171875,0.50-0.60
FedHST,FashionMNIST,0.5,0.9,0.999,22,0.49713208751678467,0.8116347948220504,82.15,51,100,54410,7.378068923950195,7.35758113861084,0.02048778533935547,0.019852161407470703,135.1171875,0.50-0.60
FedHST,FashionMNIST,0.5,0.9,0.999,23,0.474940426158905,0.8205466921058004,82.79,55,100,54410,7.60956335067749,7.58674168586731,0.022821664810180664,0.02218031883239746,135.1171875,0.50-0.60
FedHST,FashionMNIST,0.5,0.9,0.999,24,0.4613918333053589,0.828828481094552,83.39,52,100,54410,7.576279878616333,7.555166244506836,0.02111363410949707,0.020441532135009766,135.1171875,0.50-0.60
FedHST,FashionMNIST,0.5,0.9,0.999,25,0.45649527194499967,0.8304787415398707,83.38,58,100,54410,8.902431964874268,8.879470586776733,0.02296137809753418,0.02226877212524414,135.1171875,0.50-0.60
FedHST,FashionMNIST,0.5,0.9,0.999,26,0.4548286813259125,0.8304411328077317,83.41,51,100,54410,8.743101119995117,8.7246732711792,0.01842784881591797,0.017946720123291016,135.1171875,0.50-0.60
FedHST,FashionMNIST,0.5,0.9,0.999,27,0.44880098872184754,0.8345672759145281,83.85,59,100,54410,8.24872374534607,8.225051879882812,0.023671865463256836,0.022995948791503906,135.1171875,0.50-0.60
FedHST,FashionMNIST,0.5,0.9,0.999,28,0.44328933000564574,0.8350521062167523,84.05,54,100,54410,7.967923402786255,7.947873830795288,0.020049571990966797,0.019385337829589844,135.1171875,0.50-0.60
FedHST,FashionMNIST,0.5,0.9,0.999,29,0.4479248783349991,0.8322123539240842,83.97,50,100,54410,8.465364217758179,8.445921659469604,0.01944255828857422,0.018738746643066406,135.1171875,0.50-0.60
FedHST,FashionMNIST,0.5,0.9,0.999,30,0.45432694952487945,0.8287753252569597,83.84,58,100,54410,9.391043901443481,9.368151664733887,0.022892236709594727,0.022282838821411133,135.1171875,0.50-0.60
FedHST,FashionMNIST,0.5,0.9,0.999,31,0.45915037677288056,0.8235689661507756,83.52,53,100,54410,8.195601463317871,8.17590856552124,0.01969289779663086,0.019109249114990234,135.1171875,0.50-0.60
FedHST,FashionMNIST,0.5,0.9,0.999,32,0.4599361366271973,0.8227475134909465,83.53,57,100,54410,10.550706386566162,10.528494119644165,0.02221226692199707,0.021634817123413086,135.1171875,0.50-0.60
FedHST,FashionMNIST,0.5,0.9,0.999,33,0.45490320463180545,0.8271864665518909,83.79,51,100,54410,8.083994388580322,8.063488483428955,0.020505905151367188,0.019814252853393555,135.1171875,0.50-0.60
FedHST,FashionMNIST,0.5,0.9,0.999,34,0.4440014704704285,0.8322025174154636,84.12,53,100,54410,9.498179912567139,9.477033376693726,0.021146535873413086,0.020491838455200195,135.1171875,0.50-0.60
FedHST,FashionMNIST,0.5,0.9,0.999,35,0.4283391456127167,0.8425157518752806,84.85,55,100,54410,9.40356731414795,9.382825136184692,0.020742177963256836,0.020180225372314453,135.1171875,0.50-0.60
FedHST,FashionMNIST,0.5,0.9,0.999,36,0.4128560297489166,0.8517844238888788,85.49,56,100,54410,8.621405363082886,8.59798264503479,0.023422718048095703,0.022740840911865234,135.1171875,0.50-0.60
FedHST,FashionMNIST,0.5,0.9,0.999,37,0.4023988948345184,0.8586869265317689,85.94,50,100,54410,7.851858854293823,7.831537246704102,0.02032160758972168,0.01968216896057129,135.1171875,0.50-0.60
FedHST,FashionMNIST,0.5,0.9,0.999,38,0.3997431966781616,0.8601851469725428,85.93,57,100,54410,8.635774850845337,8.615116834640503,0.020658016204833984,0.020086288452148438,135.1171875,0.50-0.60
FedHST,FashionMNIST,0.5,0.9,0.999,39,0.3981386910915375,0.8591015806115301,85.8,57,100,54410,8.37595248222351,8.353962421417236,0.021990060806274414,0.02144765853881836,135.1171875,0.50-0.60
FedHST,FashionMNIST,0.5,0.9,0.999,40,0.39852274377346036,0.8592699266426577,85.89,58,100,54410,9.051344394683838,9.027695894241333,0.023648500442504883,0.022972822189331055,135.1171875,0.50-0.60
FedHST,FashionMNIST,0.5,0.9,0.999,41,0.4019591735601425,0.8555302260397835,85.72,50,100,54410,8.060236930847168,8.03963303565979,0.02060389518737793,0.01999497413635254,135.1171875,0.50-0.60
FedHST,FashionMNIST,0.5,0.9,0.999,42,0.40443347625732423,0.8512733556404959,85.53,53,100,54410,7.515397310256958,7.494925022125244,0.020472288131713867,0.01983332633972168,135.1171875,0.50-0.60
FedHST,FashionMNIST,0.5,0.9,0.999,43,0.40751154510974885,0.8487553359089528,85.49,52,100,54410,8.781862735748291,8.759886264801025,0.021976470947265625,0.021338701248168945,135.1171875,0.50-0.60
FedHST,FashionMNIST,0.5,0.9,0.999,44,0.4136654694080353,0.8432258557633867,85.24,51,100,54410,7.748394966125488,7.726594924926758,0.02180004119873047,0.02118659019470215,135.1171875,0.50-0.60
FedHST,FashionMNIST,0.5,0.9,0.999,45,0.41409391794204714,0.8456665876839804,85.56,54,100,54410,8.487319231033325,8.465502500534058,0.021816730499267578,0.021211862564086914,135.1171875,0.50-0.60
FedHST,FashionMNIST,0.5,0.9,0.999,46,0.4039376497745514,0.8484818824238921,85.69,50,100,54410,7.623398065567017,7.6053242683410645,0.01807379722595215,0.017530202865600586,135.1171875,0.50-0.60
FedHST,FashionMNIST,0.5,0.9,0.999,47,0.3949919490098953,0.8545096423175587,86.06,52,100,54410,8.804778099060059,8.783829689025879,0.020948410034179688,0.020322561264038086,135.1171875,0.50-0.60
FedHST,FashionMNIST,0.5,0.9,0.999,48,0.38611404917240144,0.8602775419170312,86.37,55,100,54410,7.891234874725342,7.868506908416748,0.02272796630859375,0.02207779884338379,135.1171875,0.50-0.60
FedHST,FashionMNIST,0.5,0.9,0.999,49,0.38087417380809785,0.8651556841199977,86.65,51,100,54410,7.568642616271973,7.549813747406006,0.018828868865966797,0.018237590789794922,135.1171875,0.50-0.60
FedHST,FashionMNIST,0.5,0.9,0.999,50,0.37469934277534483,0.8661116567054382,86.7,51,100,54410,7.620499134063721,7.598889589309692,0.02160954475402832,0.020946025848388672,135.1171875,0.50-0.60
