Algorithm,Dataset,Gamma,Beta1,Beta2,Round,Global_Validation_Loss,F1_Score,Top1_Accuracy_Percent,Num_Selected_Clients,Num_Total_Clients,Num_Model_Params,Round_Time_Sec,Client_Time_Sec,Server_Time_Sec,Spatial_Var_Time_Sec,Peak_Memory_MB,Alpha_Config
FedAdam,FashionMNIST,,0.9,0.999,1,0.7098329283714294,0.742634759168615,74.89,30,100,54410,5.200900077819824,5.192898750305176,0.008001327514648438,,122.7568359375,100.0
FedAdam,FashionMNIST,,0.9,0.999,2,0.6810413146018982,0.7518473958888849,76.44,26,100,54410,4.500381708145142,4.49350905418396,0.006872653961181641,,122.7568359375,100.0
FedAdam,FashionMNIST,,0.9,0.999,3,0.6173088999271393,0.7794821729576007,78.97,30,100,54410,5.045618772506714,5.036970138549805,0.00864863395690918,,122.966796875,100.0
FedAdam,FashionMNIST,,0.9,0.999,4,0.5255529436826706,0.8085845639988335,81.1,23,100,54410,3.7415995597839355,3.7345638275146484,0.007035732269287109,,122.966796875,100.0
FedAdam,FashionMNIST,,0.9,0.999,5,0.7175121276855468,0.7431095584317441,74.14,26,100,54410,3.925410032272339,3.9180996417999268,0.007310390472412109,,122.966796875,100.0
FedAdam,FashionMNIST,,0.9,0.999,6,0.8996337385177612,0.6751448334370675,67.96,24,100,54410,3.5549099445343018,3.5489652156829834,0.005944728851318359,,122.966796875,100.0
FedAdam,FashionMNIST,,0.9,0.999,7,0.6269111237049103,0.7829504279737475,78.19,28,100,54410,4.067416667938232,4.059227466583252,0.008189201354980469,,122.966796875,100.0
FedAdam,FashionMNIST,,0.9,0.999,8,0.5066450963497162,0.8165484342048732,81.78,24,100,54410,3.540540933609009,3.5334460735321045,0.007094860076904297,,122.966796875,100.0
FedAdam,FashionMNIST,,0.9,0.999,9,0.4769709547519684,0.8355652977585022,83.78,25,100,54410,3.6543385982513428,3.6468470096588135,0.007491588592529297,,122.966796875,100.0
FedAdam,FashionMNIST,,0.9,0.999,10,0.4550296768426895,0.8465386222843276,84.94,20,100,54410,3.2032735347747803,3.1970930099487305,0.006180524826049805,,122.966796875,100.0
FedAdam,FashionMNIST,,0.9,0.999,11,0.4477659621238709,0.8452318599999418,85.04,20,100,54410,3.453000068664551,3.4463727474212646,0.006627321243286133,,122.966796875,100.0
FedAdam,FashionMNIST,,0.9,0.999,12,0.43605064151287076,0.8448127742292927,84.89,30,100,54410,5.140733003616333,5.132242441177368,0.008490562438964844,,122.966796875,100.0
FedAdam,FashionMNIST,,0.9,0.999,13,0.4078555779695511,0.8570860508496372,85.84,29,100,54410,4.887648344039917,4.879226207733154,0.008422136306762695,,122.966796875,100.0
FedAdam,FashionMNIST,,0.9,0.999,14,0.39173085691928866,0.8623978860506926,86.14,22,100,54410,3.7109503746032715,3.704456090927124,0.006494283676147461,,122.966796875,100.0
FedAdam,FashionMNIST,,0.9,0.999,15,0.3999464681148529,0.8508644937873251,85.09,28,100,54410,4.759602069854736,4.7520060539245605,0.007596015930175781,,122.966796875,100.0
FedAdam,FashionMNIST,,0.9,0.999,16,0.3890880035877228,0.856466376172126,85.72,28,100,54410,4.724796772003174,4.716861724853516,0.007935047149658203,,122.966796875,100.0
FedAdam,FashionMNIST,,0.9,0.999,17,0.3736602919101715,0.8673260448542457,86.87,26,100,54410,4.489741086959839,4.482424736022949,0.0073163509368896484,,122.966796875,100.0
FedAdam,FashionMNIST,,0.9,0.999,18,0.38025750257968904,0.8650665974175287,86.79,21,100,54410,3.5028188228607178,3.496393918991089,0.006424903869628906,,122.966796875,100.0
FedAdam,FashionMNIST,,0.9,0.999,19,0.37257425220012663,0.8711953801470086,87.32,28,100,54410,4.7506866455078125,4.742511987686157,0.008174657821655273,,122.966796875,100.0
FedAdam,FashionMNIST,,0.9,0.999,20,0.355948357129097,0.8760728139674759,87.67,28,100,54410,4.678678750991821,4.671113967895508,0.0075647830963134766,,122.966796875,100.0
FedAdam,FashionMNIST,,0.9,0.999,21,0.3581490812778473,0.8715460959158774,87.17,24,100,54410,4.083191394805908,4.076038360595703,0.007153034210205078,,122.966796875,100.0
FedAdam,FashionMNIST,,0.9,0.999,22,0.35452094395160677,0.8715940189982392,87.23,26,100,54410,4.537620306015015,4.529597043991089,0.008023262023925781,,122.966796875,100.0
FedAdam,FashionMNIST,,0.9,0.999,23,0.3428024181127548,0.8766799390500278,87.8,28,100,54410,4.60031795501709,4.591806411743164,0.008511543273925781,,122.966796875,100.0
FedAdam,FashionMNIST,,0.9,0.999,24,0.3445011877298355,0.8784702298870734,88.04,23,100,54410,3.974287271499634,3.9672303199768066,0.0070569515228271484,,122.966796875,100.0
FedAdam,FashionMNIST,,0.9,0.999,25,0.3433419318795204,0.8799435464626262,88.16,29,100,54410,4.975940942764282,4.967725515365601,0.00821542739868164,,122.966796875,100.0
FedAdam,FashionMNIST,,0.9,0.999,26,0.33785017430782316,0.8817446504964366,88.3,26,100,54410,4.429295301437378,4.421970367431641,0.007324934005737305,,122.966796875,100.0
FedAdam,FashionMNIST,,0.9,0.999,27,0.33539479377269743,0.8812827592580097,88.22,27,100,54410,4.52471137046814,4.5174901485443115,0.007221221923828125,,122.966796875,100.0
FedAdam,FashionMNIST,,0.9,0.999,28,0.3335186238050461,0.8792072396074261,88.0,30,100,54410,5.172187328338623,5.1638829708099365,0.008304357528686523,,122.966796875,100.0
FedAdam,FashionMNIST,,0.9,0.999,29,0.32755212481021884,0.8818852525257068,88.26,25,100,54410,3.93044114112854,3.922969341278076,0.007471799850463867,,122.966796875,100.0
FedAdam,FashionMNIST,,0.9,0.999,30,0.3230941801548004,0.885062906661126,88.6,28,100,54410,4.627236843109131,4.618652820587158,0.008584022521972656,,122.966796875,100.0
FedAdam,FashionMNIST,,0.9,0.999,31,0.31975542002916335,0.8854729910598429,88.66,25,100,54410,4.333292245864868,4.326252698898315,0.007039546966552734,,122.966796875,100.0
FedAdam,FashionMNIST,,0.9,0.999,32,0.31877255209684374,0.8842115793438067,88.53,25,100,54410,4.206679105758667,4.199333906173706,0.0073451995849609375,,122.966796875,100.0
FedAdam,FashionMNIST,,0.9,0.999,33,0.3210113330364227,0.8835757192724767,88.51,27,100,54410,4.704610109329224,4.697370529174805,0.007239580154418945,,122.966796875,100.0
FedAdam,FashionMNIST,,0.9,0.999,34,0.3222312364339828,0.8845055748822789,88.63,29,100,54410,4.413065671920776,4.4045233726501465,0.008542299270629883,,122.966796875,100.0
FedAdam,FashionMNIST,,0.9,0.999,35,0.31765033476352694,0.8868807737843696,88.85,27,100,54410,3.999721050262451,3.9933018684387207,0.006419181823730469,,122.966796875,100.0
FedAdam,FashionMNIST,,0.9,0.999,36,0.3138196689486504,0.8875572547002812,88.89,26,100,54410,3.833505630493164,3.8257224559783936,0.007783174514770508,,122.966796875,100.0
FedAdam,FashionMNIST,,0.9,0.999,37,0.3112031559467316,0.8880708489720736,88.88,22,100,54410,3.173708438873291,3.1674070358276367,0.006301403045654297,,122.966796875,100.0
FedAdam,FashionMNIST,,0.9,0.999,38,0.3079513882279396,0.8901302234477668,89.06,25,100,54410,3.7795467376708984,3.7719905376434326,0.00755620002746582,,122.966796875,100.0
FedAdam,FashionMNIST,,0.9,0.999,39,0.3048103633522987,0.8910808308665435,89.18,27,100,54410,4.606170177459717,4.597894191741943,0.008275985717773438,,122.966796875,100.0
FedAdam,FashionMNIST,,0.9,0.999,40,0.3054730406522751,0.890310191814794,89.19,27,100,54410,4.615027904510498,4.6074910163879395,0.007536888122558594,,122.966796875,100.0
FedAdam,FashionMNIST,,0.9,0.999,41,0.30714998116493225,0.8875511769384961,88.97,26,100,54410,3.917665719985962,3.9099414348602295,0.007724285125732422,,122.966796875,100.0
FedAdam,FashionMNIST,,0.9,0.999,42,0.3069573818564415,0.8878420028016052,88.98,28,100,54410,4.120660781860352,4.112819671630859,0.007841110229492188,,122.966796875,100.0
FedAdam,FashionMNIST,,0.9,0.999,43,0.3046045723080635,0.8896231507017971,89.07,26,100,54410,3.8108551502227783,3.804119110107422,0.006736040115356445,,122.966796875,100.0
FedAdam,FashionMNIST,,0.9,0.999,44,0.3033877277255058,0.892030504452306,89.26,29,100,54410,4.265891790390015,4.258021593093872,0.007870197296142578,,122.966796875,100.0
FedAdam,FashionMNIST,,0.9,0.999,45,0.3011131104230881,0.89309510634493,89.37,26,100,54410,3.78765869140625,3.780048131942749,0.0076105594635009766,,122.966796875,100.0
FedAdam,FashionMNIST,,0.9,0.999,46,0.2990573790192604,0.893993819264626,89.47,30,100,54410,4.57850193977356,4.5700154304504395,0.008486509323120117,,122.966796875,100.0
FedAdam,FashionMNIST,,0.9,0.999,47,0.2981453934431076,0.8926933264925594,89.38,27,100,54410,4.356299161911011,4.3485329151153564,0.007766246795654297,,122.966796875,100.0
FedAdam,FashionMNIST,,0.9,0.999,48,0.2966763002157211,0.8934880622910647,89.48,27,100,54410,4.341961860656738,4.333934783935547,0.008027076721191406,,122.966796875,100.0
FedAdam,FashionMNIST,,0.9,0.999,49,0.294701957321167,0.8939232396632051,89.51,25,100,54410,3.9759178161621094,3.9689300060272217,0.006987810134887695,,122.966796875,100.0
FedAdam,FashionMNIST,,0.9,0.999,50,0.29560441689491274,0.893168813015999,89.43,30,100,54410,4.962381601333618,4.954102039337158,0.008279561996459961,,122.966796875,100.0
FedHST,FashionMNIST,0.5,0.9,0.999,1,1.021610256099701,0.7175223658013119,73.31,30,100,54410,5.056742429733276,5.043914556503296,0.012827873229980469,0.012260198593139648,122.7568359375,100.0
FedHST,FashionMNIST,0.5,0.9,0.999,2,0.6954149236679077,0.7222530747204803,74.6,26,100,54410,4.004624128341675,3.9936890602111816,0.010935068130493164,0.010400533676147461,122.7568359375,100.0
FedHST,FashionMNIST,0.5,0.9,0.999,3,0.6913607905864716,0.747729664373208,76.43,30,100,54410,4.511247396469116,4.498211860656738,0.01303553581237793,0.012380599975585938,122.98046875,100.0
FedHST,FashionMNIST,0.5,0.9,0.999,4,0.6978931563854217,0.7674704417943404,78.22,23,100,54410,3.3938891887664795,3.3847568035125732,0.00913238525390625,0.008610963821411133,122.98046875,100.0
FedHST,FashionMNIST,0.5,0.9,0.999,5,0.6460539701461792,0.7863361324452073,79.62,26,100,54410,3.9364781379699707,3.9256677627563477,0.010810375213623047,0.010244131088256836,122.98046875,100.0
FedHST,FashionMNIST,0.5,0.9,0.999,6,0.5758549766778946,0.8051655030037839,80.94,24,100,54410,3.630728244781494,3.6199228763580322,0.010805368423461914,0.010161399841308594,122.98046875,100.0
FedHST,FashionMNIST,0.5,0.9,0.999,7,0.5065959919452667,0.8254618261294786,82.48,28,100,54410,4.207667112350464,4.195616006851196,0.012051105499267578,0.011444091796875,122.98046875,100.0
FedHST,FashionMNIST,0.5,0.9,0.999,8,0.5019073471069336,0.8231082789832194,81.85,24,100,54410,3.673046112060547,3.662801742553711,0.010244369506835938,0.00959324836730957,122.98046875,100.0
FedHST,FashionMNIST,0.5,0.9,0.999,9,0.5956798323631287,0.7879852593482,78.13,25,100,54410,3.7968945503234863,3.7855958938598633,0.011298656463623047,0.010653257369995117,122.98046875,100.0
FedHST,FashionMNIST,0.5,0.9,0.999,10,0.765152994441986,0.7238553233119004,72.35,20,100,54410,3.0437116622924805,3.0345547199249268,0.009156942367553711,0.00852513313293457,122.98046875,100.0
FedHST,FashionMNIST,0.5,0.9,0.999,11,0.8385055159568786,0.6997675836587167,70.78,20,100,54410,3.0985140800476074,3.088865041732788,0.009649038314819336,0.009027242660522461,122.98046875,100.0
FedHST,FashionMNIST,0.5,0.9,0.999,12,0.7622890882968902,0.7278819888577673,73.71,30,100,54410,4.419069290161133,4.405988931655884,0.013080358505249023,0.012434244155883789,122.98046875,100.0
FedHST,FashionMNIST,0.5,0.9,0.999,13,0.608086775970459,0.7827760111833951,78.74,29,100,54410,4.4562156200408936,4.442927837371826,0.013287782669067383,0.012641429901123047,122.98046875,100.0
FedHST,FashionMNIST,0.5,0.9,0.999,14,0.4807227121353149,0.8275221622101043,83.01,22,100,54410,3.3148539066314697,3.3050851821899414,0.00976872444152832,0.009184837341308594,122.98046875,100.0
FedHST,FashionMNIST,0.5,0.9,0.999,15,0.44081471128463745,0.8470658721381479,84.8,28,100,54410,4.298063278198242,4.2857825756073,0.012280702590942383,0.01163935661315918,122.98046875,100.0
FedHST,FashionMNIST,0.5,0.9,0.999,16,0.43954974172115324,0.8522585916879846,85.25,28,100,54410,4.346305847167969,4.333644390106201,0.012661457061767578,0.012037992477416992,122.98046875,100.0
FedHST,FashionMNIST,0.5,0.9,0.999,17,0.4362436496853828,0.8568610387002517,85.69,26,100,54410,4.278653383255005,4.266481637954712,0.012171745300292969,0.01154637336730957,122.98046875,100.0
FedHST,FashionMNIST,0.5,0.9,0.999,18,0.42636689758300783,0.8591465738216355,86.0,21,100,54410,3.1946163177490234,3.1853058338165283,0.009310483932495117,0.008724212646484375,122.98046875,100.0
FedHST,FashionMNIST,0.5,0.9,0.999,19,0.41751718406677246,0.8595104720571015,86.18,28,100,54410,4.361546754837036,4.3482372760772705,0.013309478759765625,0.012641191482543945,122.98046875,100.0
FedHST,FashionMNIST,0.5,0.9,0.999,20,0.40934323217868807,0.8578254786313714,86.13,28,100,54410,4.0919508934021,4.08043646812439,0.011514425277709961,0.010961532592773438,122.98046875,100.0
FedHST,FashionMNIST,0.5,0.9,0.999,21,0.4076692082166672,0.8532061294548574,85.78,24,100,54410,3.6579389572143555,3.647273540496826,0.010665416717529297,0.010074377059936523,122.98046875,100.0
FedHST,FashionMNIST,0.5,0.9,0.999,22,0.3981672469139099,0.8533370327407651,85.78,26,100,54410,3.852574586868286,3.8414719104766846,0.011102676391601562,0.010491132736206055,122.98046875,100.0
FedHST,FashionMNIST,0.5,0.9,0.999,23,0.38017415549755096,0.860462110598385,86.39,28,100,54410,4.077797889709473,4.0652101039886475,0.012587785720825195,0.011995792388916016,122.98046875,100.0
FedHST,FashionMNIST,0.5,0.9,0.999,24,0.36837453529834746,0.867130448587711,86.91,23,100,54410,3.314687728881836,3.3049747943878174,0.009712934494018555,0.009116649627685547,122.98046875,100.0
FedHST,FashionMNIST,0.5,0.9,0.999,25,0.36590853106975557,0.8694536760292275,87.03,29,100,54410,4.370486497879028,4.357615232467651,0.012871265411376953,0.012232780456542969,122.98046875,100.0
FedHST,FashionMNIST,0.5,0.9,0.999,26,0.3687805646419525,0.8698133299547708,87.01,26,100,54410,4.029763460159302,4.018829107284546,0.01093435287475586,0.010406970977783203,122.98046875,100.0
FedHST,FashionMNIST,0.5,0.9,0.999,27,0.3697326159238815,0.8681901894789845,86.84,27,100,54410,4.166579484939575,4.154449462890625,0.012130022048950195,0.011510610580444336,122.98046875,100.0
FedHST,FashionMNIST,0.5,0.9,0.999,28,0.3660834956645966,0.8699314086535216,87.04,30,100,54410,4.642611980438232,4.629521131515503,0.013090848922729492,0.012471437454223633,122.98095703125,100.0
FedHST,FashionMNIST,0.5,0.9,0.999,29,0.35922432827949524,0.8729284716088671,87.42,25,100,54410,3.945955753326416,3.934286594390869,0.011669158935546875,0.011053323745727539,122.98095703125,100.0
FedHST,FashionMNIST,0.5,0.9,0.999,30,0.3514878372907639,0.8767770804504782,87.87,28,100,54410,4.178343772888184,4.166985988616943,0.011357784271240234,0.010744333267211914,122.98095703125,100.0
FedHST,FashionMNIST,0.5,0.9,0.999,31,0.34562658226490023,0.8786879469317675,88.08,25,100,54410,3.72607159614563,3.714810609817505,0.011260986328125,0.010654211044311523,122.98095703125,100.0
FedHST,FashionMNIST,0.5,0.9,0.999,32,0.3478790405988693,0.8764667687399287,87.85,25,100,54410,3.6842567920684814,3.6737382411956787,0.010518550872802734,0.009936809539794922,122.98095703125,100.0
FedHST,FashionMNIST,0.5,0.9,0.999,33,0.3548713267445564,0.873109398276901,87.49,27,100,54410,4.197951555252075,4.185976505279541,0.01197504997253418,0.011352062225341797,122.98095703125,100.0
FedHST,FashionMNIST,0.5,0.9,0.999,34,0.35654742538928985,0.8715718651748968,87.29,29,100,54410,4.2754247188568115,4.262796640396118,0.01262807846069336,0.012033224105834961,122.98095703125,100.0
FedHST,FashionMNIST,0.5,0.9,0.999,35,0.34950157347917554,0.8751966119792616,87.58,27,100,54410,3.9967997074127197,3.9853391647338867,0.011460542678833008,0.0108642578125,122.98095703125,100.0
FedHST,FashionMNIST,0.5,0.9,0.999,36,0.33771168384552,0.880429020329687,88.07,26,100,54410,3.8493125438690186,3.837495803833008,0.011816740036010742,0.011201620101928711,122.98095703125,100.0
FedHST,FashionMNIST,0.5,0.9,0.999,37,0.3293297661662102,0.8839923218112025,88.43,22,100,54410,3.299463987350464,3.2896151542663574,0.009848833084106445,0.009308338165283203,122.98095703125,100.0
FedHST,FashionMNIST,0.5,0.9,0.999,38,0.3257986123919487,0.8849276049426672,88.56,25,100,54410,3.9625518321990967,3.952117919921875,0.01043391227722168,0.009836673736572266,122.98095703125,100.0
FedHST,FashionMNIST,0.5,0.9,0.999,39,0.32523245635032655,0.8852035323233831,88.64,27,100,54410,4.340415000915527,4.328181743621826,0.012233257293701172,0.011527776718139648,122.98095703125,100.0
FedHST,FashionMNIST,0.5,0.9,0.999,40,0.32434218757152555,0.8856539528942344,88.74,27,100,54410,4.037410736083984,4.025448322296143,0.011962413787841797,0.01134181022644043,122.98095703125,100.0
FedHST,FashionMNIST,0.5,0.9,0.999,41,0.32175194826126097,0.885899496127216,88.79,26,100,54410,3.9494802951812744,3.938565731048584,0.01091456413269043,0.010343790054321289,122.98095703125,100.0
FedHST,FashionMNIST,0.5,0.9,0.999,42,0.3189192248225212,0.8861930990664337,88.82,28,100,54410,4.628827810287476,4.616281509399414,0.012546300888061523,0.01189422607421875,122.98095703125,100.0
FedHST,FashionMNIST,0.5,0.9,0.999,43,0.3156474054932594,0.8876277935558328,88.92,26,100,54410,4.474998950958252,4.463222026824951,0.011776924133300781,0.011155128479003906,122.98095703125,100.0
FedHST,FashionMNIST,0.5,0.9,0.999,44,0.31349213598966597,0.8888509219337074,88.99,29,100,54410,5.042704105377197,5.029851675033569,0.01285243034362793,0.012221336364746094,122.98095703125,100.0
FedHST,FashionMNIST,0.5,0.9,0.999,45,0.3123734755396843,0.8902522562059481,89.11,26,100,54410,4.557546138763428,4.545863628387451,0.011682510375976562,0.011070013046264648,122.98095703125,100.0
FedHST,FashionMNIST,0.5,0.9,0.999,46,0.311511350607872,0.890738631416203,89.15,30,100,54410,5.264475107192993,5.250668048858643,0.013807058334350586,0.013170003890991211,122.98095703125,100.0
FedHST,FashionMNIST,0.5,0.9,0.999,47,0.31031438114643095,0.8901322228179149,89.1,27,100,54410,4.690461158752441,4.677225351333618,0.013235807418823242,0.012477397918701172,122.98095703125,100.0
FedHST,FashionMNIST,0.5,0.9,0.999,48,0.30916676082611083,0.8900015053041385,89.1,27,100,54410,4.567150354385376,4.554595232009888,0.012555122375488281,0.01190948486328125,122.98095703125,100.0
FedHST,FashionMNIST,0.5,0.9,0.999,49,0.3077882176399231,0.8910514014066916,89.21,25,100,54410,4.21015477180481,4.1989850997924805,0.011169672012329102,0.010470867156982422,122.98095703125,100.0
FedHST,FashionMNIST,0.5,0.9,0.999,50,0.30634368451833727,0.8907924123742973,89.19,30,100,54410,5.056360483169556,5.043771266937256,0.012589216232299805,0.01200723648071289,122.98095703125,100.0
FedAdam,FashionMNIST,,0.9,0.999,1,0.9251340383529663,0.6719229169420171,67.95,30,100,54410,4.444025039672852,4.435118913650513,0.008906126022338867,,122.7568359375,1.0
FedAdam,FashionMNIST,,0.9,0.999,2,0.7086198215484619,0.7431724504213373,74.18,26,100,54410,3.7599074840545654,3.7519259452819824,0.007981538772583008,,122.7568359375,1.0
FedAdam,FashionMNIST,,0.9,0.999,3,0.6217688730239869,0.7761025814333571,77.14,30,100,54410,4.643132448196411,4.63529372215271,0.007838726043701172,,122.966796875,1.0
FedAdam,FashionMNIST,,0.9,0.999,4,0.5919819395065308,0.7873566122241351,78.61,23,100,54410,3.596156120300293,3.589216709136963,0.006939411163330078,,122.966796875,1.0
FedAdam,FashionMNIST,,0.9,0.999,5,0.6947789934158325,0.7511002940079138,75.47,26,100,54410,4.232985973358154,4.224772930145264,0.008213043212890625,,122.966796875,1.0
FedAdam,FashionMNIST,,0.9,0.999,6,0.6081376509666443,0.7836425807635806,78.73,24,100,54410,3.3687586784362793,3.362114906311035,0.006643772125244141,,122.966796875,1.0
FedAdam,FashionMNIST,,0.9,0.999,7,0.47140057039260863,0.8341197969945415,83.56,28,100,54410,4.337085008621216,4.328593969345093,0.008491039276123047,,122.966796875,1.0
FedAdam,FashionMNIST,,0.9,0.999,8,0.47066637308597564,0.8378384424756007,83.81,24,100,54410,3.7403717041015625,3.7337982654571533,0.00657343864440918,,122.966796875,1.0
FedAdam,FashionMNIST,,0.9,0.999,9,0.47546703279018404,0.8353995119779205,83.97,25,100,54410,3.6309738159179688,3.6241238117218018,0.006850004196166992,,122.966796875,1.0
FedAdam,FashionMNIST,,0.9,0.999,10,0.521325447845459,0.8193803652680789,83.17,20,100,54410,3.0664923191070557,3.0598068237304688,0.006685495376586914,,122.966796875,1.0
FedAdam,FashionMNIST,,0.9,0.999,11,0.5168866806983948,0.8161948158431611,82.8,20,100,54410,3.0871453285217285,3.0807487964630127,0.00639653205871582,,122.966796875,1.0
FedAdam,FashionMNIST,,0.9,0.999,12,0.4351690831184387,0.8408236330083143,84.58,30,100,54410,4.311023235321045,4.302833795547485,0.00818943977355957,,122.966796875,1.0
FedAdam,FashionMNIST,,0.9,0.999,13,0.39592709045410157,0.8600726446744413,85.99,29,100,54410,4.530332803726196,4.521958827972412,0.00837397575378418,,122.966796875,1.0
FedAdam,FashionMNIST,,0.9,0.999,14,0.41644442760944367,0.8493987829312287,84.7,22,100,54410,3.2410271167755127,3.2347867488861084,0.006240367889404297,,122.966796875,1.0
FedAdam,FashionMNIST,,0.9,0.999,15,0.4056165615081787,0.8566760419563126,85.67,28,100,54410,4.25667929649353,4.248072624206543,0.008606672286987305,,122.966796875,1.0
FedAdam,FashionMNIST,,0.9,0.999,16,0.3867319693088532,0.8581804772370095,86.26,28,100,54410,4.810558080673218,4.802265644073486,0.008292436599731445,,122.966796875,1.0
FedAdam,FashionMNIST,,0.9,0.999,17,0.3968797572612762,0.8549765373700566,86.06,26,100,54410,4.349725008010864,4.342000961303711,0.00772404670715332,,122.966796875,1.0
FedAdam,FashionMNIST,,0.9,0.999,18,0.39884008009433747,0.8546776643338234,85.72,21,100,54410,3.437756299972534,3.431915521621704,0.005840778350830078,,122.966796875,1.0
FedAdam,FashionMNIST,,0.9,0.999,19,0.38152728967666627,0.8661092168603503,86.56,28,100,54410,4.178542137145996,4.170875787734985,0.007666349411010742,,122.966796875,1.0
FedAdam,FashionMNIST,,0.9,0.999,20,0.369780671787262,0.8719433670286885,87.09,28,100,54410,4.835259675979614,4.826568126678467,0.008691549301147461,,122.966796875,1.0
FedAdam,FashionMNIST,,0.9,0.999,21,0.37061612637043,0.8697253444031745,87.12,24,100,54410,3.6462085247039795,3.6392245292663574,0.00698399543762207,,122.966796875,1.0
FedAdam,FashionMNIST,,0.9,0.999,22,0.36886931064128875,0.8691389665714547,87.24,26,100,54410,4.458180904388428,4.451171398162842,0.0070095062255859375,,122.966796875,1.0
FedAdam,FashionMNIST,,0.9,0.999,23,0.3694570193052292,0.8681591880887994,87.1,28,100,54410,5.092804908752441,5.084680080413818,0.008124828338623047,,122.966796875,1.0
FedAdam,FashionMNIST,,0.9,0.999,24,0.3714716907978058,0.8654932639108978,86.79,23,100,54410,4.122540712356567,4.115732669830322,0.006808042526245117,,122.966796875,1.0
FedAdam,FashionMNIST,,0.9,0.999,25,0.3560906211256981,0.8712266235780473,87.29,29,100,54410,4.495454788208008,4.486836910247803,0.008617877960205078,,122.966796875,1.0
FedAdam,FashionMNIST,,0.9,0.999,26,0.3498502317905426,0.876967895158726,87.83,26,100,54410,3.8958802223205566,3.8882148265838623,0.007665395736694336,,122.966796875,1.0
FedAdam,FashionMNIST,,0.9,0.999,27,0.35391840183734896,0.8748344647150521,87.6,27,100,54410,3.9166526794433594,3.9088478088378906,0.00780487060546875,,122.966796875,1.0
FedAdam,FashionMNIST,,0.9,0.999,28,0.3427507381916046,0.8775473134998384,87.82,30,100,54410,4.829318523406982,4.820722341537476,0.008596181869506836,,122.966796875,1.0
FedAdam,FashionMNIST,,0.9,0.999,29,0.3448252998948097,0.8765481055968227,87.75,25,100,54410,4.096402883529663,4.088467121124268,0.007935762405395508,,122.966796875,1.0
FedAdam,FashionMNIST,,0.9,0.999,30,0.35193946878910065,0.8727900977964487,87.48,28,100,54410,4.776132345199585,4.767848014831543,0.008284330368041992,,122.966796875,1.0
FedAdam,FashionMNIST,,0.9,0.999,31,0.3406765130758286,0.8793628459885052,88.1,25,100,54410,4.536937475204468,4.529474258422852,0.007463216781616211,,122.966796875,1.0
FedAdam,FashionMNIST,,0.9,0.999,32,0.32856118938922885,0.8821014733071598,88.39,25,100,54410,4.127829313278198,4.12043309211731,0.007396221160888672,,122.966796875,1.0
FedAdam,FashionMNIST,,0.9,0.999,33,0.33258506288528444,0.8795025633763063,88.08,27,100,54410,4.283780097961426,4.276245355606079,0.00753474235534668,,122.966796875,1.0
FedAdam,FashionMNIST,,0.9,0.999,34,0.3332013367414475,0.8802697169631142,88.21,29,100,54410,4.839774131774902,4.830835580825806,0.00893855094909668,,122.966796875,1.0
FedAdam,FashionMNIST,,0.9,0.999,35,0.3245489876151085,0.8817741419578284,88.39,27,100,54410,4.754002571105957,4.746136903762817,0.007865667343139648,,122.966796875,1.0
FedAdam,FashionMNIST,,0.9,0.999,36,0.3251723574280739,0.884739497143514,88.62,26,100,54410,4.346578598022461,4.338243246078491,0.008335351943969727,,122.966796875,1.0
FedAdam,FashionMNIST,,0.9,0.999,37,0.3303089378237724,0.8816531259003432,88.25,22,100,54410,3.399786949157715,3.393880605697632,0.005906343460083008,,122.966796875,1.0
FedAdam,FashionMNIST,,0.9,0.999,38,0.320505109167099,0.8854389464396288,88.65,25,100,54410,3.8333687782287598,3.826565742492676,0.006803035736083984,,122.966796875,1.0
FedAdam,FashionMNIST,,0.9,0.999,39,0.32587503232955933,0.8835395638656405,88.54,27,100,54410,3.7987496852874756,3.7911486625671387,0.007601022720336914,,122.966796875,1.0
FedAdam,FashionMNIST,,0.9,0.999,40,0.3427095036029816,0.8781817916562057,88.13,27,100,54410,4.384051322937012,4.376311302185059,0.007740020751953125,,122.966796875,1.0
FedAdam,FashionMNIST,,0.9,0.999,41,0.32480549013614657,0.8830225479965066,88.59,26,100,54410,4.5176026821136475,4.5106141567230225,0.006988525390625,,122.966796875,1.0
FedAdam,FashionMNIST,,0.9,0.999,42,0.3170345675110817,0.8871642869223562,88.82,28,100,54410,4.230674743652344,4.222357273101807,0.00831747055053711,,122.966796875,1.0
FedAdam,FashionMNIST,,0.9,0.999,43,0.3316162891864777,0.8813163302893077,88.18,26,100,54410,4.028888702392578,4.021893501281738,0.006995201110839844,,122.966796875,1.0
FedAdam,FashionMNIST,,0.9,0.999,44,0.32196718002557756,0.8844346549964509,88.56,29,100,54410,5.126770257949829,5.119236707687378,0.007533550262451172,,122.966796875,1.0
FedAdam,FashionMNIST,,0.9,0.999,45,0.30845423178672793,0.8898415673703187,89.19,26,100,54410,4.34123158454895,4.334004878997803,0.007226705551147461,,122.966796875,1.0
FedAdam,FashionMNIST,,0.9,0.999,46,0.32745263955593107,0.8834700102247176,88.55,30,100,54410,4.983532905578613,4.974851608276367,0.008681297302246094,,122.966796875,1.0
FedAdam,FashionMNIST,,0.9,0.999,47,0.3279545724630356,0.8814945511641025,88.27,27,100,54410,4.273118734359741,4.265486240386963,0.00763249397277832,,122.966796875,1.0
FedAdam,FashionMNIST,,0.9,0.999,48,0.31336838896274566,0.8860593799347894,88.67,27,100,54410,4.18188738822937,4.174160480499268,0.007726907730102539,,122.966796875,1.0
FedAdam,FashionMNIST,,0.9,0.999,49,0.3140523626923561,0.8877267070486443,88.79,25,100,54410,3.8360912799835205,3.8286399841308594,0.007451295852661133,,122.966796875,1.0
FedAdam,FashionMNIST,,0.9,0.999,50,0.3222972348690033,0.8841735918354816,88.55,30,100,54410,4.777947664260864,4.769577741622925,0.008369922637939453,,122.966796875,1.0
FedHST,FashionMNIST,0.5,0.9,0.999,1,1.5761420038223266,0.48269378876216396,50.99,30,100,54410,4.342921733856201,4.330235481262207,0.01268625259399414,0.012046098709106445,122.7568359375,1.0
FedHST,FashionMNIST,0.5,0.9,0.999,2,1.0829738998413085,0.587030762963383,60.5,26,100,54410,3.9102470874786377,3.899181365966797,0.01106572151184082,0.01050710678100586,122.7568359375,1.0
FedHST,FashionMNIST,0.5,0.9,0.999,3,0.8261529620170593,0.6977664942772103,70.24,30,100,54410,4.618614673614502,4.6060357093811035,0.012578964233398438,0.011976242065429688,122.98046875,1.0
FedHST,FashionMNIST,0.5,0.9,0.999,4,0.7301903450012207,0.7400736345454603,74.63,23,100,54410,3.635456085205078,3.624941110610962,0.010514974594116211,0.009923458099365234,122.98046875,1.0
FedHST,FashionMNIST,0.5,0.9,0.999,5,0.6966238603591919,0.7571339367388475,76.62,26,100,54410,4.14194393157959,4.131366014480591,0.010577917098999023,0.010028839111328125,122.98046875,1.0
FedHST,FashionMNIST,0.5,0.9,0.999,6,0.6637601794242859,0.7635103924777769,77.77,24,100,54410,3.360680103302002,3.3500890731811523,0.01059103012084961,0.010025739669799805,122.98046875,1.0
FedHST,FashionMNIST,0.5,0.9,0.999,7,0.592426718711853,0.7906101502224162,79.98,28,100,54410,4.316849946975708,4.304655075073242,0.01219487190246582,0.011624813079833984,122.98046875,1.0
FedHST,FashionMNIST,0.5,0.9,0.999,8,0.5361717404603958,0.8078857003294306,81.36,24,100,54410,3.763824462890625,3.754270076751709,0.009554386138916016,0.009006500244140625,122.98046875,1.0
FedHST,FashionMNIST,0.5,0.9,0.999,9,0.5070529362201691,0.8178303855091128,82.08,25,100,54410,3.9845268726348877,3.9749369621276855,0.009589910507202148,0.009008407592773438,122.98046875,1.0
FedHST,FashionMNIST,0.5,0.9,0.999,10,0.5100531058788299,0.8258486687362689,82.61,20,100,54410,3.4540352821350098,3.445575475692749,0.008459806442260742,0.00792074203491211,122.98046875,1.0
FedHST,FashionMNIST,0.5,0.9,0.999,11,0.5418170145511627,0.8179162566694224,81.67,20,100,54410,3.3285622596740723,3.319075107574463,0.009487152099609375,0.008857965469360352,122.98046875,1.0
FedHST,FashionMNIST,0.5,0.9,0.999,12,0.5942511830806733,0.798281580034649,79.73,30,100,54410,4.59723162651062,4.583280563354492,0.01395106315612793,0.013290643692016602,122.98046875,1.0
FedHST,FashionMNIST,0.5,0.9,0.999,13,0.6108704679965973,0.7886961599217182,79.1,29,100,54410,4.4005773067474365,4.388519525527954,0.012057781219482422,0.011460542678833008,122.98046875,1.0
FedHST,FashionMNIST,0.5,0.9,0.999,14,0.5898865742206574,0.7881838252029649,79.3,22,100,54410,3.081918239593506,3.0716304779052734,0.010287761688232422,0.00970005989074707,122.98046875,1.0
FedHST,FashionMNIST,0.5,0.9,0.999,15,0.5370288539886474,0.8097081078450076,81.34,28,100,54410,4.149718999862671,4.137925386428833,0.01179361343383789,0.011183023452758789,122.98046875,1.0
FedHST,FashionMNIST,0.5,0.9,0.999,16,0.48111358535289767,0.8297443522738412,83.23,28,100,54410,4.060827970504761,4.048099756240845,0.012728214263916016,0.01207590103149414,122.98046875,1.0
FedHST,FashionMNIST,0.5,0.9,0.999,17,0.434810519862175,0.846898885150801,84.87,26,100,54410,3.6598758697509766,3.648435592651367,0.011440277099609375,0.010859012603759766,122.98046875,1.0
FedHST,FashionMNIST,0.5,0.9,0.999,18,0.4228126971960068,0.8529839432509213,85.48,21,100,54410,2.9871268272399902,2.9780614376068115,0.009065389633178711,0.008437156677246094,122.98046875,1.0
FedHST,FashionMNIST,0.5,0.9,0.999,19,0.4287493046045303,0.8514671827406476,85.43,28,100,54410,3.541081190109253,3.5301008224487305,0.010980367660522461,0.01046895980834961,122.98046875,1.0
FedHST,FashionMNIST,0.5,0.9,0.999,20,0.43621023416519167,0.8488114923164142,85.27,28,100,54410,3.924781322479248,3.9146065711975098,0.010174751281738281,0.009699583053588867,122.98046875,1.0
FedHST,FashionMNIST,0.5,0.9,0.999,21,0.4432459166765213,0.8441769837483006,84.98,24,100,54410,3.370453119277954,3.359382390975952,0.011070728302001953,0.010468721389770508,122.98046875,1.0
FedHST,FashionMNIST,0.5,0.9,0.999,22,0.43182962453365326,0.849372083107441,85.46,26,100,54410,3.763939142227173,3.752284526824951,0.01165461540222168,0.011049509048461914,122.98046875,1.0
FedHST,FashionMNIST,0.5,0.9,0.999,23,0.41247709324359894,0.8543070255075895,85.86,28,100,54410,4.359764814376831,4.3473429679870605,0.012421846389770508,0.011814355850219727,122.98046875,1.0
FedHST,FashionMNIST,0.5,0.9,0.999,24,0.3988654953956604,0.8568631898860296,86.02,23,100,54410,3.7002859115600586,3.68951153755188,0.010774374008178711,0.010129690170288086,122.98046875,1.0
FedHST,FashionMNIST,0.5,0.9,0.999,25,0.3898200886487961,0.859255863141186,86.16,29,100,54410,4.450367450714111,4.437025308609009,0.013342142105102539,0.0127105712890625,122.98046875,1.0
FedHST,FashionMNIST,0.5,0.9,0.999,26,0.37660296075344085,0.8640558741791324,86.59,26,100,54410,3.878645181655884,3.8669180870056152,0.011727094650268555,0.011107444763183594,122.98046875,1.0
FedHST,FashionMNIST,0.5,0.9,0.999,27,0.3682091591835022,0.867194946918658,86.85,27,100,54410,4.019341468811035,4.00736927986145,0.011972188949584961,0.01136922836303711,122.98046875,1.0
FedHST,FashionMNIST,0.5,0.9,0.999,28,0.3644308259010315,0.8700316398419788,87.1,30,100,54410,4.79022741317749,4.775433778762817,0.014793634414672852,0.014044761657714844,122.98095703125,1.0
FedHST,FashionMNIST,0.5,0.9,0.999,29,0.36132603681087494,0.8712685526077909,87.21,25,100,54410,3.675856351852417,3.664409875869751,0.011446475982666016,0.010859012603759766,122.98095703125,1.0
FedHST,FashionMNIST,0.5,0.9,0.999,30,0.3575764804840088,0.8733960424915963,87.45,28,100,54410,4.808899879455566,4.796463966369629,0.0124359130859375,0.011812925338745117,122.98095703125,1.0
FedHST,FashionMNIST,0.5,0.9,0.999,31,0.3535724853277206,0.8744903867119304,87.55,25,100,54410,4.095930099487305,4.084457635879517,0.011472463607788086,0.01087808609008789,122.98095703125,1.0
FedHST,FashionMNIST,0.5,0.9,0.999,32,0.35175034024715424,0.8746812234966935,87.62,25,100,54410,3.6295878887176514,3.619462013244629,0.010125875473022461,0.009616374969482422,122.98095703125,1.0
FedHST,FashionMNIST,0.5,0.9,0.999,33,0.3493564993143082,0.8759436543861435,87.76,27,100,54410,3.7765896320343018,3.7651257514953613,0.01146388053894043,0.010863542556762695,122.98095703125,1.0
FedHST,FashionMNIST,0.5,0.9,0.999,34,0.34885520839691164,0.877178838599954,87.93,29,100,54410,4.479349374771118,4.4661970138549805,0.013152360916137695,0.012533426284790039,122.98095703125,1.0
FedHST,FashionMNIST,0.5,0.9,0.999,35,0.34862372834682465,0.8777538405576062,88.02,27,100,54410,4.089197397232056,4.077654600143433,0.011542797088623047,0.010962247848510742,122.98095703125,1.0
FedHST,FashionMNIST,0.5,0.9,0.999,36,0.34515156228542326,0.880023739481637,88.21,26,100,54410,3.882258892059326,3.8697071075439453,0.01255178451538086,0.011932134628295898,122.98095703125,1.0
FedHST,FashionMNIST,0.5,0.9,0.999,37,0.341810773062706,0.8818638174427826,88.36,22,100,54410,3.482156276702881,3.4722769260406494,0.009879350662231445,0.009247303009033203,122.98095703125,1.0
FedHST,FashionMNIST,0.5,0.9,0.999,38,0.3393218244314194,0.8813830239205371,88.29,25,100,54410,4.228674411773682,4.217215061187744,0.0114593505859375,0.01085805892944336,122.98095703125,1.0
FedHST,FashionMNIST,0.5,0.9,0.999,39,0.33608326058387755,0.8816160486919756,88.32,27,100,54410,4.271662473678589,4.259422779083252,0.012239694595336914,0.011597871780395508,122.98095703125,1.0
FedHST,FashionMNIST,0.5,0.9,0.999,40,0.3345519902229309,0.8811237165241403,88.35,27,100,54410,4.813272476196289,4.801083326339722,0.012189149856567383,0.011590003967285156,122.98095703125,1.0
FedHST,FashionMNIST,0.5,0.9,0.999,41,0.3345520216703415,0.8781539472373499,88.1,26,100,54410,4.7286834716796875,4.7165021896362305,0.012181282043457031,0.011568307876586914,122.98095703125,1.0
FedHST,FashionMNIST,0.5,0.9,0.999,42,0.33527397222518923,0.8778452607956995,88.09,28,100,54410,4.795233488082886,4.782530784606934,0.012702703475952148,0.012071371078491211,122.98095703125,1.0
FedHST,FashionMNIST,0.5,0.9,0.999,43,0.3371278677225113,0.8776563287554001,88.04,26,100,54410,4.202239036560059,4.19080376625061,0.011435270309448242,0.010806083679199219,122.98095703125,1.0
FedHST,FashionMNIST,0.5,0.9,0.999,44,0.3421765854358673,0.8767640607056384,87.96,29,100,54410,4.998489856719971,4.987065076828003,0.011424779891967773,0.010874032974243164,122.98095703125,1.0
FedHST,FashionMNIST,0.5,0.9,0.999,45,0.33505268964767454,0.8798672012083152,88.25,26,100,54410,4.380338668823242,4.3684470653533936,0.011891603469848633,0.01115727424621582,122.98095703125,1.0
FedHST,FashionMNIST,0.5,0.9,0.999,46,0.32647494370937347,0.8832368748249669,88.54,30,100,54410,5.184544086456299,5.170539617538452,0.01400446891784668,0.013308525085449219,122.98095703125,1.0
FedHST,FashionMNIST,0.5,0.9,0.999,47,0.3214797066450119,0.88445677002041,88.61,27,100,54410,4.701251983642578,4.689470529556274,0.011781454086303711,0.011150360107421875,122.98095703125,1.0
FedHST,FashionMNIST,0.5,0.9,0.999,48,0.3212825124979019,0.8844281215226968,88.54,27,100,54410,4.757042407989502,4.74419093132019,0.012851476669311523,0.012237310409545898,122.98095703125,1.0
FedHST,FashionMNIST,0.5,0.9,0.999,49,0.32062176625728606,0.884195008961008,88.47,25,100,54410,4.2788474559783936,4.267743825912476,0.011103630065917969,0.010479211807250977,122.98095703125,1.0
FedHST,FashionMNIST,0.5,0.9,0.999,50,0.31727210998535155,0.8866375195454621,88.7,30,100,54410,4.769242763519287,4.756049394607544,0.013193368911743164,0.012552261352539062,122.98095703125,1.0
FedAdam,FashionMNIST,,0.9,0.999,1,2.2146971870422365,0.35622337380527036,45.03,30,100,54410,4.721277952194214,4.712662935256958,0.00861501693725586,,122.7568359375,0.3
FedAdam,FashionMNIST,,0.9,0.999,2,1.2043699946403503,0.5307013523524009,59.37,26,100,54410,4.332796573638916,4.325737714767456,0.007058858871459961,,122.7568359375,0.3
FedAdam,FashionMNIST,,0.9,0.999,3,0.9732447357654571,0.6218124343416838,64.6,30,100,54410,4.315290451049805,4.307198524475098,0.008091926574707031,,122.966796875,0.3
FedAdam,FashionMNIST,,0.9,0.999,4,0.8146213842391967,0.7114229966101486,70.83,23,100,54410,3.356644868850708,3.3496103286743164,0.0070345401763916016,,122.966796875,0.3
FedAdam,FashionMNIST,,0.9,0.999,5,0.9378975758552551,0.6570775477168169,69.76,26,100,54410,3.4200422763824463,3.412477970123291,0.0075643062591552734,,122.966796875,0.3
FedAdam,FashionMNIST,,0.9,0.999,6,0.7394143579006195,0.7305473118454127,75.74,24,100,54410,3.355119466781616,3.34796404838562,0.007155418395996094,,122.966796875,0.3
FedAdam,FashionMNIST,,0.9,0.999,7,0.5772160419464112,0.7944980379231895,80.52,28,100,54410,4.4083092212677,4.399919033050537,0.008390188217163086,,122.966796875,0.3
FedAdam,FashionMNIST,,0.9,0.999,8,0.5456453108787537,0.8139246180819585,81.82,24,100,54410,3.5846543312072754,3.578195810317993,0.0064585208892822266,,122.966796875,0.3
FedAdam,FashionMNIST,,0.9,0.999,9,0.5783076143980026,0.8109402593570767,81.16,25,100,54410,3.960749387741089,3.953575611114502,0.007173776626586914,,122.966796875,0.3
FedAdam,FashionMNIST,,0.9,0.999,10,0.5096562821626663,0.8291322684079925,83.11,20,100,54410,3.196183919906616,3.1900532245635986,0.006130695343017578,,122.966796875,0.3
FedAdam,FashionMNIST,,0.9,0.999,11,0.5089325497627258,0.8147266797232193,82.07,20,100,54410,3.6676783561706543,3.6613755226135254,0.006302833557128906,,122.966796875,0.3
FedAdam,FashionMNIST,,0.9,0.999,12,0.5084761519432068,0.819129692616994,82.56,30,100,54410,4.390503406524658,4.382212400436401,0.008291006088256836,,122.966796875,0.3
FedAdam,FashionMNIST,,0.9,0.999,13,0.48741368498802184,0.8225593894442642,82.62,29,100,54410,4.4208409786224365,4.413203239440918,0.007637739181518555,,122.966796875,0.3
FedAdam,FashionMNIST,,0.9,0.999,14,0.4411032793045044,0.8425170195478682,84.24,22,100,54410,3.6266028881073,3.6195716857910156,0.00703120231628418,,122.966796875,0.3
FedAdam,FashionMNIST,,0.9,0.999,15,0.4391410258293152,0.8458132024866526,84.7,28,100,54410,4.496613502502441,4.4883410930633545,0.008272409439086914,,122.966796875,0.3
FedAdam,FashionMNIST,,0.9,0.999,16,0.4479331003189087,0.8409011878458534,84.37,28,100,54410,4.869716644287109,4.862440824508667,0.007275819778442383,,122.966796875,0.3
FedAdam,FashionMNIST,,0.9,0.999,17,0.419018993973732,0.8505719087809279,85.51,26,100,54410,4.588137149810791,4.580485105514526,0.0076520442962646484,,122.966796875,0.3
FedAdam,FashionMNIST,,0.9,0.999,18,0.4240428797006607,0.8449345692071013,85.17,21,100,54410,3.4698681831359863,3.4635698795318604,0.0062983036041259766,,122.966796875,0.3
FedAdam,FashionMNIST,,0.9,0.999,19,0.4354920214176178,0.8399237269735644,84.69,28,100,54410,4.530342102050781,4.5227720737457275,0.007570028305053711,,122.966796875,0.3
FedAdam,FashionMNIST,,0.9,0.999,20,0.40453645231723784,0.8550043186350396,85.88,28,100,54410,4.1724326610565186,4.1648101806640625,0.007622480392456055,,122.966796875,0.3
FedAdam,FashionMNIST,,0.9,0.999,21,0.39816231112480166,0.8626413243918034,86.21,24,100,54410,3.205871343612671,3.198596954345703,0.0072743892669677734,,122.966796875,0.3
FedAdam,FashionMNIST,,0.9,0.999,22,0.38946495399475095,0.864000608816568,86.34,26,100,54410,3.9128177165985107,3.904921293258667,0.00789642333984375,,122.966796875,0.3
FedAdam,FashionMNIST,,0.9,0.999,23,0.3859342424154282,0.8632034333771033,86.52,28,100,54410,4.019014358520508,4.011152744293213,0.007861614227294922,,122.966796875,0.3
FedAdam,FashionMNIST,,0.9,0.999,24,0.3954674694061279,0.8577480510986815,86.27,23,100,54410,3.555889129638672,3.5494189262390137,0.006470203399658203,,122.966796875,0.3
FedAdam,FashionMNIST,,0.9,0.999,25,0.40161527044773104,0.851629691637281,86.06,29,100,54410,4.138729095458984,4.13048791885376,0.00824117660522461,,122.966796875,0.3
FedAdam,FashionMNIST,,0.9,0.999,26,0.3970169533014298,0.8486488832542267,85.77,26,100,54410,3.5482406616210938,3.5405402183532715,0.007700443267822266,,122.966796875,0.3
FedAdam,FashionMNIST,,0.9,0.999,27,0.37211924481391906,0.8650871730668694,86.8,27,100,54410,3.2701563835144043,3.2629191875457764,0.00723719596862793,,122.966796875,0.3
FedAdam,FashionMNIST,,0.9,0.999,28,0.383124905872345,0.8585674291313911,86.03,30,100,54410,4.77740740776062,4.768908977508545,0.008498430252075195,,122.966796875,0.3
FedAdam,FashionMNIST,,0.9,0.999,29,0.38566755862236024,0.8604926229823567,86.2,25,100,54410,3.932624340057373,3.9263839721679688,0.006240367889404297,,122.966796875,0.3
FedAdam,FashionMNIST,,0.9,0.999,30,0.3593954191207886,0.872811924651242,87.51,28,100,54410,4.1662757396698,4.158187389373779,0.008088350296020508,,122.966796875,0.3
FedAdam,FashionMNIST,,0.9,0.999,31,0.36262757160663606,0.8704819375381418,87.24,25,100,54410,3.953362464904785,3.945997476577759,0.007364988327026367,,122.966796875,0.3
FedAdam,FashionMNIST,,0.9,0.999,32,0.36869303472042086,0.8652001484808085,86.87,25,100,54410,4.2652506828308105,4.258169889450073,0.007080793380737305,,122.966796875,0.3
FedAdam,FashionMNIST,,0.9,0.999,33,0.3604902950167656,0.8694638880876873,87.34,27,100,54410,3.7851967811584473,3.778272867202759,0.0069239139556884766,,122.966796875,0.3
FedAdam,FashionMNIST,,0.9,0.999,34,0.3754876533985138,0.8630088145077695,86.61,29,100,54410,5.523446798324585,5.514920711517334,0.008526086807250977,,122.966796875,0.3
FedAdam,FashionMNIST,,0.9,0.999,35,0.3742937818288803,0.8606425536427766,86.19,27,100,54410,3.982430934906006,3.9753873348236084,0.007043600082397461,,122.966796875,0.3
FedAdam,FashionMNIST,,0.9,0.999,36,0.34459651713371275,0.877780765042308,87.93,26,100,54410,3.9699723720550537,3.9627749919891357,0.007197380065917969,,122.966796875,0.3
FedAdam,FashionMNIST,,0.9,0.999,37,0.36778780550956724,0.8701707459565953,87.26,22,100,54410,3.8916854858398438,3.8850231170654297,0.0066623687744140625,,122.966796875,0.3
FedAdam,FashionMNIST,,0.9,0.999,38,0.3877541339635849,0.8597697165944058,86.51,25,100,54410,3.9855010509490967,3.9778177738189697,0.007683277130126953,,122.966796875,0.3
FedAdam,FashionMNIST,,0.9,0.999,39,0.3540278088569641,0.8742569907153742,87.76,27,100,54410,4.156505346298218,4.1496217250823975,0.0068836212158203125,,122.966796875,0.3
FedAdam,FashionMNIST,,0.9,0.999,40,0.38096734981536867,0.8608076927512233,86.41,27,100,54410,3.965780019760132,3.95735764503479,0.008422374725341797,,122.966796875,0.3
FedAdam,FashionMNIST,,0.9,0.999,41,0.4363591628074646,0.8423388937313577,84.69,26,100,54410,4.418961763381958,4.411299467086792,0.007662296295166016,,122.966796875,0.3
FedAdam,FashionMNIST,,0.9,0.999,42,0.37541271402835846,0.8648580176297698,86.67,28,100,54410,4.194453477859497,4.186121702194214,0.008331775665283203,,122.966796875,0.3
FedAdam,FashionMNIST,,0.9,0.999,43,0.3440509328842163,0.879384839202844,88.04,26,100,54410,3.7111876010894775,3.704094648361206,0.007092952728271484,,122.966796875,0.3
FedAdam,FashionMNIST,,0.9,0.999,44,0.37676826257705687,0.8667867651364587,86.73,29,100,54410,3.9692442417144775,3.9619483947753906,0.007295846939086914,,122.966796875,0.3
FedAdam,FashionMNIST,,0.9,0.999,45,0.3583226429224014,0.8746057315875115,87.45,26,100,54410,3.4417195320129395,3.4353973865509033,0.006322145462036133,,122.966796875,0.3
FedAdam,FashionMNIST,,0.9,0.999,46,0.3257090650200844,0.8847010580147469,88.69,30,100,54410,4.638424873352051,4.6297829151153564,0.008641958236694336,,122.966796875,0.3
FedAdam,FashionMNIST,,0.9,0.999,47,0.3731306268692017,0.865842772100921,86.99,27,100,54410,4.3334269523620605,4.326304912567139,0.007122039794921875,,122.966796875,0.3
FedAdam,FashionMNIST,,0.9,0.999,48,0.46631583642959595,0.830308956813675,83.63,27,100,54410,4.330023288726807,4.322208642959595,0.007814645767211914,,122.966796875,0.3
FedAdam,FashionMNIST,,0.9,0.999,49,0.4688639904499054,0.8283590723759303,83.5,25,100,54410,4.180719375610352,4.174558639526367,0.006160736083984375,,122.966796875,0.3
FedAdam,FashionMNIST,,0.9,0.999,50,0.3692421484947205,0.8668679653134124,87.06,30,100,54410,4.157438039779663,4.149238109588623,0.008199930191040039,,122.966796875,0.3
FedHST,FashionMNIST,0.5,0.9,0.999,1,1.8633722465515137,0.32286097029706834,38.95,30,100,54410,4.572372913360596,4.561309337615967,0.011063575744628906,0.010550737380981445,122.7568359375,0.3
FedHST,FashionMNIST,0.5,0.9,0.999,2,1.4697838928222655,0.40299953660107385,50.03,26,100,54410,4.0810465812683105,4.069324016571045,0.011722564697265625,0.011107683181762695,122.7568359375,0.3
FedHST,FashionMNIST,0.5,0.9,0.999,3,1.2867051120758057,0.42161298765020405,50.62,30,100,54410,4.09714937210083,4.0851805210113525,0.011968851089477539,0.011349916458129883,122.98046875,0.3
FedHST,FashionMNIST,0.5,0.9,0.999,4,1.2110639273643493,0.48827069054620403,55.44,23,100,54410,3.3512039184570312,3.3415424823760986,0.009661436080932617,0.009091377258300781,122.98046875,0.3
FedHST,FashionMNIST,0.5,0.9,0.999,5,0.9971647832870484,0.606806055802019,65.22,26,100,54410,3.7478408813476562,3.736487627029419,0.011353254318237305,0.01073598861694336,122.98046875,0.3
FedHST,FashionMNIST,0.5,0.9,0.999,6,0.8085978611946106,0.6887677522001852,71.72,24,100,54410,3.7134413719177246,3.7023472785949707,0.011094093322753906,0.010426998138427734,122.98046875,0.3
FedHST,FashionMNIST,0.5,0.9,0.999,7,0.7544911137580872,0.7277763981629002,74.29,28,100,54410,4.363946437835693,4.351491451263428,0.012454986572265625,0.01176309585571289,122.98046875,0.3
FedHST,FashionMNIST,0.5,0.9,0.999,8,0.6475330513000488,0.769209981790358,77.64,24,100,54410,3.5386970043182373,3.5267748832702637,0.011922121047973633,0.011074304580688477,122.98046875,0.3
FedHST,FashionMNIST,0.5,0.9,0.999,9,0.5781998261928558,0.7935877592621428,79.74,25,100,54410,3.8632285594940186,3.851595640182495,0.011632919311523438,0.010763168334960938,122.98046875,0.3
FedHST,FashionMNIST,0.5,0.9,0.999,10,0.5539392725944519,0.7994327988930905,80.25,20,100,54410,3.0930192470550537,3.0836894512176514,0.009329795837402344,0.008719205856323242,122.98046875,0.3
FedHST,FashionMNIST,0.5,0.9,0.999,11,0.5630550230503082,0.7948274945586985,80.03,20,100,54410,3.3234524726867676,3.3138492107391357,0.009603261947631836,0.008956670761108398,122.98046875,0.3
FedHST,FashionMNIST,0.5,0.9,0.999,12,0.5623331240177154,0.7918170376743794,79.88,30,100,54410,4.228557586669922,4.215813636779785,0.012743949890136719,0.012115716934204102,122.98046875,0.3
FedHST,FashionMNIST,0.5,0.9,0.999,13,0.5576503516197204,0.7973980596689112,80.24,29,100,54410,4.374604940414429,4.362419366836548,0.01218557357788086,0.011626958847045898,122.98046875,0.3
FedHST,FashionMNIST,0.5,0.9,0.999,14,0.5385614964008332,0.8125104600414635,81.5,22,100,54410,3.5122878551483154,3.502784490585327,0.009503364562988281,0.008942842483520508,122.98046875,0.3
FedHST,FashionMNIST,0.5,0.9,0.999,15,0.5382845292091369,0.8101326723547236,81.39,28,100,54410,4.140810012817383,4.12847638130188,0.01233363151550293,0.011733293533325195,122.98046875,0.3
FedHST,FashionMNIST,0.5,0.9,0.999,16,0.5389312687873841,0.8032252772393231,80.74,28,100,54410,4.160901308059692,4.149228572845459,0.011672735214233398,0.011068582534790039,122.98046875,0.3
FedHST,FashionMNIST,0.5,0.9,0.999,17,0.5125219409942627,0.8123924003069887,81.63,26,100,54410,4.027383089065552,4.016492605209351,0.010890483856201172,0.010268926620483398,122.98046875,0.3
FedHST,FashionMNIST,0.5,0.9,0.999,18,0.4861429762840271,0.8200581959924118,82.59,21,100,54410,3.1568617820739746,3.147266149520874,0.009595632553100586,0.008930683135986328,122.98046875,0.3
FedHST,FashionMNIST,0.5,0.9,0.999,19,0.4743720244169235,0.8235696218018231,83.14,28,100,54410,4.352538585662842,4.340704917907715,0.011833667755126953,0.01126551628112793,122.98046875,0.3
FedHST,FashionMNIST,0.5,0.9,0.999,20,0.46634034614562986,0.8259820881032696,83.58,28,100,54410,4.138567924499512,4.126291513442993,0.012276411056518555,0.011651277542114258,122.98046875,0.3
FedHST,FashionMNIST,0.5,0.9,0.999,21,0.454532372879982,0.8317495361200722,84.04,24,100,54410,3.135660171508789,3.1250083446502686,0.010651826858520508,0.010110139846801758,122.98046875,0.3
FedHST,FashionMNIST,0.5,0.9,0.999,22,0.4450578693389893,0.8384738937276033,84.48,26,100,54410,3.882242202758789,3.8721883296966553,0.010053873062133789,0.009548664093017578,122.98046875,0.3
FedHST,FashionMNIST,0.5,0.9,0.999,23,0.43640886838436127,0.8441280288671009,84.84,28,100,54410,4.44649076461792,4.434851408004761,0.01163935661315918,0.011043071746826172,122.98046875,0.3
FedHST,FashionMNIST,0.5,0.9,0.999,24,0.4281509716749191,0.8497256524263822,85.22,23,100,54410,3.5131406784057617,3.5024025440216064,0.010738134384155273,0.010056257247924805,122.98046875,0.3
FedHST,FashionMNIST,0.5,0.9,0.999,25,0.4249598566532135,0.851525466850197,85.45,29,100,54410,4.213221311569214,4.2007763385772705,0.01244497299194336,0.01183176040649414,122.98046875,0.3
FedHST,FashionMNIST,0.5,0.9,0.999,26,0.4273449172735214,0.8484850595144829,85.28,26,100,54410,3.658053159713745,3.646728277206421,0.011324882507324219,0.010770320892333984,122.98046875,0.3
FedHST,FashionMNIST,0.5,0.9,0.999,27,0.4262808063030243,0.8463374676794888,85.13,27,100,54410,3.3999364376068115,3.388932228088379,0.011004209518432617,0.010416507720947266,122.98046875,0.3
FedHST,FashionMNIST,0.5,0.9,0.999,28,0.43832026131153107,0.8374359559066689,84.29,30,100,54410,4.88578724861145,4.873473644256592,0.012313604354858398,0.011637687683105469,122.98095703125,0.3
FedHST,FashionMNIST,0.5,0.9,0.999,29,0.4430385033130646,0.8325517470801316,83.9,25,100,54410,3.677438259124756,3.6660895347595215,0.011348724365234375,0.01073765754699707,122.98095703125,0.3
FedHST,FashionMNIST,0.5,0.9,0.999,30,0.424964293217659,0.8404219484792408,84.61,28,100,54410,4.2153825759887695,4.202944278717041,0.012438297271728516,0.01183772087097168,122.98095703125,0.3
FedHST,FashionMNIST,0.5,0.9,0.999,31,0.39983811593055724,0.8539947843259073,85.83,25,100,54410,3.9962854385375977,3.9853806495666504,0.010904788970947266,0.010262012481689453,122.98095703125,0.3
FedHST,FashionMNIST,0.5,0.9,0.999,32,0.38591336550712585,0.8619321351486106,86.47,25,100,54410,3.9495387077331543,3.9376299381256104,0.011908769607543945,0.01119089126586914,122.98095703125,0.3
FedHST,FashionMNIST,0.5,0.9,0.999,33,0.3780557765960693,0.8672357056806155,86.94,27,100,54410,3.9061851501464844,3.8954155445098877,0.01076960563659668,0.010171890258789062,122.98095703125,0.3
FedHST,FashionMNIST,0.5,0.9,0.999,34,0.3715804833173752,0.8687677118729062,87.02,29,100,54410,5.4868714809417725,5.473869562149048,0.01300191879272461,0.01239919662475586,122.98095703125,0.3
FedHST,FashionMNIST,0.5,0.9,0.999,35,0.36782180876731874,0.8700984358076521,87.09,27,100,54410,3.4999678134918213,3.4892079830169678,0.010759830474853516,0.010196208953857422,122.98095703125,0.3
FedHST,FashionMNIST,0.5,0.9,0.999,36,0.3650601363182068,0.8721508382612242,87.37,26,100,54410,3.58390212059021,3.572359323501587,0.011542797088623047,0.010939836502075195,122.98095703125,0.3
FedHST,FashionMNIST,0.5,0.9,0.999,37,0.3601599761724472,0.8724658946224141,87.44,22,100,54410,3.7749898433685303,3.765089988708496,0.00989985466003418,0.009262323379516602,122.98095703125,0.3
FedHST,FashionMNIST,0.5,0.9,0.999,38,0.3633043410301208,0.8696242031666239,87.32,25,100,54410,4.291321277618408,4.280707120895386,0.010614156723022461,0.010022401809692383,122.98095703125,0.3
FedHST,FashionMNIST,0.5,0.9,0.999,39,0.36659649155139923,0.8677155363107584,87.17,27,100,54410,4.618251085281372,4.607302665710449,0.010948419570922852,0.010352134704589844,122.98095703125,0.3
FedHST,FashionMNIST,0.5,0.9,0.999,40,0.3784036491394043,0.862569930424949,86.73,27,100,54410,4.482863664627075,4.470478534698486,0.012385129928588867,0.01174306869506836,122.98095703125,0.3
FedHST,FashionMNIST,0.5,0.9,0.999,41,0.38902373847961425,0.856662023157891,86.19,26,100,54410,4.096719026565552,4.08575439453125,0.010964632034301758,0.01034998893737793,122.98095703125,0.3
FedHST,FashionMNIST,0.5,0.9,0.999,42,0.38731878066062925,0.8566823806293034,86.16,28,100,54410,4.335263967514038,4.324446678161621,0.010817289352416992,0.010274171829223633,122.98095703125,0.3
FedHST,FashionMNIST,0.5,0.9,0.999,43,0.3686005567550659,0.8656273459804055,86.97,26,100,54410,3.7957959175109863,3.783642053604126,0.012153863906860352,0.011515617370605469,122.98095703125,0.3
FedHST,FashionMNIST,0.5,0.9,0.999,44,0.3495057521343231,0.8751876351309941,87.72,29,100,54410,3.806420087814331,3.7947945594787598,0.011625528335571289,0.011070013046264648,122.98095703125,0.3
FedHST,FashionMNIST,0.5,0.9,0.999,45,0.3415108590364456,0.8790421482719866,87.98,26,100,54410,3.5231738090515137,3.512136697769165,0.011037111282348633,0.010454416275024414,122.98095703125,0.3
FedHST,FashionMNIST,0.5,0.9,0.999,46,0.34026429390907287,0.880359415227721,88.1,30,100,54410,4.329950571060181,4.317411661148071,0.012538909912109375,0.011936664581298828,122.98095703125,0.3
FedHST,FashionMNIST,0.5,0.9,0.999,47,0.3410030663251877,0.8809853911446869,88.16,27,100,54410,4.117938280105591,4.1063947677612305,0.011543512344360352,0.010966062545776367,122.98095703125,0.3
FedHST,FashionMNIST,0.5,0.9,0.999,48,0.3422361166238785,0.8811381164001959,88.24,27,100,54410,4.068055152893066,4.056194305419922,0.011860847473144531,0.011269569396972656,122.98095703125,0.3
FedHST,FashionMNIST,0.5,0.9,0.999,49,0.35400470190048217,0.8708410845708571,87.35,25,100,54410,4.097203969955444,4.087868928909302,0.009335041046142578,0.008803844451904297,122.98095703125,0.3
FedHST,FashionMNIST,0.5,0.9,0.999,50,0.37909356017112733,0.8591680879124421,86.42,30,100,54410,4.226144075393677,4.214000463485718,0.012143611907958984,0.011539697647094727,122.98095703125,0.3
FedAdam,FashionMNIST,,0.9,0.999,1,3.832808969497681,0.16520001201763906,25.01,30,100,54410,4.871601343154907,4.863848924636841,0.007752418518066406,,122.7568359375,0.1
FedAdam,FashionMNIST,,0.9,0.999,2,2.224024892807007,0.3007757017149165,38.47,26,100,54410,3.8185691833496094,3.812067747116089,0.006501436233520508,,122.7568359375,0.1
FedAdam,FashionMNIST,,0.9,0.999,3,1.7567244785308838,0.47758562927216913,51.59,30,100,54410,4.440030097961426,4.432441234588623,0.007588863372802734,,122.966796875,0.1
FedAdam,FashionMNIST,,0.9,0.999,4,1.7536198490142823,0.429045874747451,47.5,23,100,54410,2.939211130142212,2.9323770999908447,0.0068340301513671875,,122.966796875,0.1
FedAdam,FashionMNIST,,0.9,0.999,5,1.1471710628509522,0.5828107069751234,62.12,26,100,54410,3.3593056201934814,3.3515849113464355,0.0077207088470458984,,122.966796875,0.1
FedAdam,FashionMNIST,,0.9,0.999,6,1.2489497984886169,0.5980170933897396,64.82,24,100,54410,4.044500350952148,4.037756443023682,0.006743907928466797,,122.966796875,0.1
FedAdam,FashionMNIST,,0.9,0.999,7,1.238066039466858,0.643503434041704,68.35,28,100,54410,4.542296409606934,4.535050392150879,0.0072460174560546875,,122.966796875,0.1
FedAdam,FashionMNIST,,0.9,0.999,8,0.773702658033371,0.7284640307391168,73.39,24,100,54410,3.76853609085083,3.7619497776031494,0.006586313247680664,,122.966796875,0.1
FedAdam,FashionMNIST,,0.9,0.999,9,1.0238666430473327,0.7098508815344039,71.38,25,100,54410,3.6455249786376953,3.638654947280884,0.0068700313568115234,,122.966796875,0.1
FedAdam,FashionMNIST,,0.9,0.999,10,1.0015854453086852,0.720782060892156,73.37,20,100,54410,3.1000967025756836,3.0936944484710693,0.006402254104614258,,122.966796875,0.1
FedAdam,FashionMNIST,,0.9,0.999,11,0.7484519824028015,0.7678934989563375,77.91,20,100,54410,2.5234525203704834,2.5172531604766846,0.006199359893798828,,122.966796875,0.1
FedAdam,FashionMNIST,,0.9,0.999,12,0.6195007627487182,0.7839333643093482,79.94,30,100,54410,4.94687557220459,4.938687562942505,0.008188009262084961,,122.966796875,0.1
FedAdam,FashionMNIST,,0.9,0.999,13,0.5889428948879242,0.7929943100472363,79.99,29,100,54410,4.637186765670776,4.629364013671875,0.007822751998901367,,122.966796875,0.1
FedAdam,FashionMNIST,,0.9,0.999,14,0.5852538819789886,0.7884944881387264,79.24,22,100,54410,3.966416120529175,3.9610064029693604,0.005409717559814453,,122.966796875,0.1
FedAdam,FashionMNIST,,0.9,0.999,15,0.5825831146240235,0.7857082754073899,79.15,28,100,54410,3.9991672039031982,3.9914355278015137,0.00773167610168457,,122.966796875,0.1
FedAdam,FashionMNIST,,0.9,0.999,16,0.5724360960960388,0.7995222029678957,80.72,28,100,54410,4.643981218338013,4.635727882385254,0.008253335952758789,,122.966796875,0.1
FedAdam,FashionMNIST,,0.9,0.999,17,0.5690204051017761,0.798676529844409,80.76,26,100,54410,4.129121541976929,4.121840000152588,0.00728154182434082,,122.966796875,0.1
FedAdam,FashionMNIST,,0.9,0.999,18,0.5675409595012665,0.7968099919610834,79.69,21,100,54410,2.9834961891174316,2.9777817726135254,0.00571441650390625,,122.966796875,0.1
FedAdam,FashionMNIST,,0.9,0.999,19,0.5943888290882111,0.7830252445100773,77.91,28,100,54410,4.630614519119263,4.622538328170776,0.008076190948486328,,122.966796875,0.1
FedAdam,FashionMNIST,,0.9,0.999,20,0.5770949923992157,0.7876016179866254,78.37,28,100,54410,3.7986135482788086,3.790811777114868,0.00780177116394043,,122.966796875,0.1
FedAdam,FashionMNIST,,0.9,0.999,21,0.4845778194904327,0.8206092708630498,82.19,24,100,54410,4.214574098587036,4.207958936691284,0.006615161895751953,,122.966796875,0.1
FedAdam,FashionMNIST,,0.9,0.999,22,0.5011556785821915,0.8105074984313745,82.08,26,100,54410,3.8097503185272217,3.802384853363037,0.00736546516418457,,122.966796875,0.1
FedAdam,FashionMNIST,,0.9,0.999,23,0.5661304898738861,0.7857509547854853,80.96,28,100,54410,5.315617084503174,5.306756496429443,0.008860588073730469,,122.966796875,0.1
FedAdam,FashionMNIST,,0.9,0.999,24,0.5166094083547592,0.8110752242729488,82.54,23,100,54410,3.2831361293792725,3.275968551635742,0.0071675777435302734,,122.966796875,0.1
FedAdam,FashionMNIST,,0.9,0.999,25,0.4787626515388489,0.8227241194160448,82.28,29,100,54410,4.032971382141113,4.024982929229736,0.007988452911376953,,122.966796875,0.1
FedAdam,FashionMNIST,,0.9,0.999,26,0.49147541666030886,0.8194995705307685,81.72,26,100,54410,4.603151559829712,4.595837354660034,0.007314205169677734,,122.966796875,0.1
FedAdam,FashionMNIST,,0.9,0.999,27,0.4381077780723572,0.8419948651460063,84.15,27,100,54410,4.380481719970703,4.3736066818237305,0.006875038146972656,,122.966796875,0.1
FedAdam,FashionMNIST,,0.9,0.999,28,0.41333065662384033,0.8518245644238036,85.22,30,100,54410,5.2701416015625,5.261513948440552,0.008627653121948242,,122.966796875,0.1
FedAdam,FashionMNIST,,0.9,0.999,29,0.43632921981811523,0.8412512536055615,84.44,25,100,54410,3.1430816650390625,3.135690927505493,0.007390737533569336,,122.966796875,0.1
FedAdam,FashionMNIST,,0.9,0.999,30,0.49679515280723574,0.8217631489683148,83.05,28,100,54410,4.391176223754883,4.383979797363281,0.0071964263916015625,,122.966796875,0.1
FedAdam,FashionMNIST,,0.9,0.999,31,0.4802283306360245,0.8313149794560977,83.39,25,100,54410,3.662876605987549,3.6565794944763184,0.006297111511230469,,122.966796875,0.1
FedAdam,FashionMNIST,,0.9,0.999,32,0.47445841381549836,0.826942163975745,82.55,25,100,54410,3.5797314643859863,3.572319507598877,0.007411956787109375,,122.966796875,0.1
FedAdam,FashionMNIST,,0.9,0.999,33,0.4814020111083984,0.8251102658441143,82.22,27,100,54410,4.366562128067017,4.35859489440918,0.007967233657836914,,122.966796875,0.1
FedAdam,FashionMNIST,,0.9,0.999,34,0.436985261964798,0.8446703521936904,84.79,29,100,54410,4.692307472229004,4.6848039627075195,0.007503509521484375,,122.966796875,0.1
FedAdam,FashionMNIST,,0.9,0.999,35,0.5016018880844116,0.8132893165405181,82.95,27,100,54410,4.319648742675781,4.312126398086548,0.0075223445892333984,,122.966796875,0.1
FedAdam,FashionMNIST,,0.9,0.999,36,0.5309196515560151,0.8000627241511122,82.33,26,100,54410,5.0247015953063965,5.01707911491394,0.007622480392456055,,122.966796875,0.1
FedAdam,FashionMNIST,,0.9,0.999,37,0.45792024850845336,0.8262070677352543,84.18,22,100,54410,3.8822762966156006,3.876682758331299,0.005593538284301758,,122.966796875,0.1
FedAdam,FashionMNIST,,0.9,0.999,38,0.40700555148124695,0.8508778040075529,85.63,25,100,54410,3.0755419731140137,3.068786859512329,0.00675511360168457,,122.966796875,0.1
FedAdam,FashionMNIST,,0.9,0.999,39,0.39670042667388916,0.855670279127364,85.7,27,100,54410,4.322899341583252,4.314914226531982,0.007985115051269531,,122.966796875,0.1
FedAdam,FashionMNIST,,0.9,0.999,40,0.4058324212551117,0.8486903975971304,84.58,27,100,54410,3.9955787658691406,3.9879274368286133,0.007651329040527344,,122.966796875,0.1
FedAdam,FashionMNIST,,0.9,0.999,41,0.42146879048347474,0.8426006876080677,83.85,26,100,54410,4.132905960083008,4.124010324478149,0.008895635604858398,,122.966796875,0.1
FedAdam,FashionMNIST,,0.9,0.999,42,0.4127809402704239,0.8507303159353178,84.84,28,100,54410,4.123412370681763,4.115849018096924,0.007563352584838867,,122.966796875,0.1
FedAdam,FashionMNIST,,0.9,0.999,43,0.4014323299884796,0.8566710802739774,85.79,26,100,54410,3.418285369873047,3.4113609790802,0.00692439079284668,,122.966796875,0.1
FedAdam,FashionMNIST,,0.9,0.999,44,0.43820868980884553,0.8417565022495588,84.99,29,100,54410,4.534385681152344,4.5259690284729,0.00841665267944336,,122.966796875,0.1
FedAdam,FashionMNIST,,0.9,0.999,45,0.4521956150531769,0.8344434957695481,84.53,26,100,54410,3.02911639213562,3.0221059322357178,0.007010459899902344,,122.966796875,0.1
FedAdam,FashionMNIST,,0.9,0.999,46,0.45887479107379914,0.8286606886673503,83.73,30,100,54410,5.2007856369018555,5.192112445831299,0.00867319107055664,,122.966796875,0.1
FedAdam,FashionMNIST,,0.9,0.999,47,0.41193770047426226,0.8459774003889388,85.01,27,100,54410,3.907879590988159,3.90038800239563,0.007491588592529297,,122.966796875,0.1
FedAdam,FashionMNIST,,0.9,0.999,48,0.41141708694696427,0.8486274174807719,84.8,27,100,54410,4.463599681854248,4.455535411834717,0.00806427001953125,,122.966796875,0.1
FedAdam,FashionMNIST,,0.9,0.999,49,0.491277218079567,0.8137845359401752,81.52,25,100,54410,3.227677822113037,3.221472978591919,0.006204843521118164,,122.966796875,0.1
FedAdam,FashionMNIST,,0.9,0.999,50,0.4547274294614792,0.8348885769317157,83.42,30,100,54410,4.171761751174927,4.164252996444702,0.007508754730224609,,122.966796875,0.1
FedHST,FashionMNIST,0.5,0.9,0.999,1,2.0543050369262694,0.17766728775076923,25.55,30,100,54410,5.088872909545898,5.07742977142334,0.011443138122558594,0.010884761810302734,122.7568359375,0.1
FedHST,FashionMNIST,0.5,0.9,0.999,2,1.6179615463256836,0.29421511668575795,40.48,26,100,54410,3.9041764736175537,3.893509864807129,0.010666608810424805,0.010170698165893555,122.7568359375,0.1
FedHST,FashionMNIST,0.5,0.9,0.999,3,1.2886125064849854,0.4411332889986964,51.78,30,100,54410,4.462467432022095,4.446324825286865,0.016142606735229492,0.015404462814331055,122.98046875,0.1
FedHST,FashionMNIST,0.5,0.9,0.999,4,1.0889477898597717,0.4884072632674723,54.93,23,100,54410,2.8652427196502686,2.8544228076934814,0.01081991195678711,0.010205745697021484,122.98046875,0.1
FedHST,FashionMNIST,0.5,0.9,0.999,5,0.894386956691742,0.6617474237343839,68.89,26,100,54410,3.9688360691070557,3.956472396850586,0.012363672256469727,0.011651277542114258,122.98046875,0.1
FedHST,FashionMNIST,0.5,0.9,0.999,6,0.7609183052062988,0.7317264909606905,74.21,24,100,54410,4.600552797317505,4.589483976364136,0.01106882095336914,0.010461568832397461,122.98046875,0.1
FedHST,FashionMNIST,0.5,0.9,0.999,7,0.8002981030464172,0.6957793918050792,71.21,28,100,54410,4.736058950424194,4.723694801330566,0.01236414909362793,0.011760234832763672,122.98046875,0.1
FedHST,FashionMNIST,0.5,0.9,0.999,8,0.8347495900154114,0.6619187845865934,69.54,24,100,54410,3.82955265045166,3.8190438747406006,0.01050877571105957,0.009919166564941406,122.98046875,0.1
FedHST,FashionMNIST,0.5,0.9,0.999,9,0.8077207558631897,0.6581680698735044,69.49,25,100,54410,3.66938853263855,3.6590676307678223,0.010320901870727539,0.009752273559570312,122.98046875,0.1
FedHST,FashionMNIST,0.5,0.9,0.999,10,0.7754443742752075,0.6588422120009255,68.58,20,100,54410,3.0425002574920654,3.0333096981048584,0.009190559387207031,0.0085906982421875,122.98046875,0.1
FedHST,FashionMNIST,0.5,0.9,0.999,11,0.7025494688034057,0.7188845456152464,72.87,20,100,54410,2.543569803237915,2.533729076385498,0.009840726852416992,0.009147167205810547,122.98046875,0.1
FedHST,FashionMNIST,0.5,0.9,0.999,12,0.6854553599357605,0.7293543841685249,74.27,30,100,54410,4.962075710296631,4.950780630111694,0.011295080184936523,0.010811328887939453,122.98046875,0.1
FedHST,FashionMNIST,0.5,0.9,0.999,13,0.6874646472930909,0.7294525705711163,74.67,29,100,54410,4.06449556350708,4.051410675048828,0.013084888458251953,0.012449264526367188,122.98046875,0.1
FedHST,FashionMNIST,0.5,0.9,0.999,14,0.7049600583553314,0.7292319109444523,74.97,22,100,54410,3.7653565406799316,3.755427122116089,0.009929418563842773,0.009303092956542969,122.98046875,0.1
FedHST,FashionMNIST,0.5,0.9,0.999,15,0.6780240052700043,0.7359219938964712,76.21,28,100,54410,4.039642810821533,4.027620077133179,0.012022733688354492,0.01143193244934082,122.98046875,0.1
FedHST,FashionMNIST,0.5,0.9,0.999,16,0.64457342877388,0.748545552326122,77.45,28,100,54410,4.614592552185059,4.603524923324585,0.011067628860473633,0.010468006134033203,122.98046875,0.1
FedHST,FashionMNIST,0.5,0.9,0.999,17,0.6185066715717316,0.7637300633914841,78.18,26,100,54410,4.740630626678467,4.7295615673065186,0.011069059371948242,0.010456562042236328,122.98046875,0.1
FedHST,FashionMNIST,0.5,0.9,0.999,18,0.5820757942199707,0.780681777405862,79.1,21,100,54410,3.4579286575317383,3.4482357501983643,0.009692907333374023,0.009115934371948242,122.98046875,0.1
FedHST,FashionMNIST,0.5,0.9,0.999,19,0.5529066819190979,0.7909152251330248,79.61,28,100,54410,5.265504598617554,5.253308534622192,0.012196063995361328,0.011561393737792969,122.98046875,0.1
FedHST,FashionMNIST,0.5,0.9,0.999,20,0.5176839891433715,0.8084350687789004,80.91,28,100,54410,3.678349256515503,3.668431520462036,0.009917736053466797,0.009427547454833984,122.98046875,0.1
FedHST,FashionMNIST,0.5,0.9,0.999,21,0.5066569754123688,0.8150518600541388,81.27,24,100,54410,4.354048013687134,4.3430399894714355,0.011008024215698242,0.010382890701293945,122.98046875,0.1
FedHST,FashionMNIST,0.5,0.9,0.999,22,0.50655225481987,0.8138666252748052,81.04,26,100,54410,4.310414552688599,4.299911737442017,0.010502815246582031,0.009944677352905273,122.98046875,0.1
FedHST,FashionMNIST,0.5,0.9,0.999,23,0.5093752426624298,0.8151063398344235,81.54,28,100,54410,5.355077743530273,5.344611644744873,0.01046609878540039,0.009946346282958984,122.98046875,0.1
FedHST,FashionMNIST,0.5,0.9,0.999,24,0.5182035385131836,0.8037105021077989,80.93,23,100,54410,3.2131056785583496,3.202415704727173,0.010689973831176758,0.010035991668701172,122.98046875,0.1
FedHST,FashionMNIST,0.5,0.9,0.999,25,0.5361487490653992,0.7938378973693394,80.32,29,100,54410,3.524649143218994,3.5130085945129395,0.011640548706054688,0.011078357696533203,122.98046875,0.1
FedHST,FashionMNIST,0.5,0.9,0.999,26,0.5494209257125855,0.7815846287478531,80.17,26,100,54410,4.09512186050415,4.084327936172485,0.010793924331665039,0.01019740104675293,122.98046875,0.1
FedHST,FashionMNIST,0.5,0.9,0.999,27,0.5190411046028137,0.7890752110928277,81.23,27,100,54410,3.717128276824951,3.70684814453125,0.010280132293701172,0.009761571884155273,122.98046875,0.1
FedHST,FashionMNIST,0.5,0.9,0.999,28,0.4855683227300644,0.8083770979553624,82.73,30,100,54410,4.409148216247559,4.397907733917236,0.011240482330322266,0.010653972625732422,122.98095703125,0.1
FedHST,FashionMNIST,0.5,0.9,0.999,29,0.4545705709218979,0.8251337625825824,83.71,25,100,54410,2.665482997894287,2.6553118228912354,0.010171175003051758,0.009676456451416016,122.98095703125,0.1
FedHST,FashionMNIST,0.5,0.9,0.999,30,0.44038991656303406,0.8375646912420519,84.49,28,100,54410,3.7197790145874023,3.70796537399292,0.011813640594482422,0.011197328567504883,122.98095703125,0.1
FedHST,FashionMNIST,0.5,0.9,0.999,31,0.4283814289569855,0.8469777823208189,84.89,25,100,54410,3.156832456588745,3.1462905406951904,0.010541915893554688,0.009997844696044922,122.98095703125,0.1
FedHST,FashionMNIST,0.5,0.9,0.999,32,0.4427565892219543,0.8417436877640576,83.88,25,100,54410,3.0298144817352295,3.0185251235961914,0.011289358139038086,0.010744810104370117,122.98095703125,0.1
FedHST,FashionMNIST,0.5,0.9,0.999,33,0.4572959424972534,0.8332103972297095,82.9,27,100,54410,4.1398046016693115,4.128611326217651,0.011193275451660156,0.010600566864013672,122.98095703125,0.1
FedHST,FashionMNIST,0.5,0.9,0.999,34,0.4381771983146667,0.8444976077450377,84.14,29,100,54410,5.207902193069458,5.196538686752319,0.011363506317138672,0.010815620422363281,122.98095703125,0.1
FedHST,FashionMNIST,0.5,0.9,0.999,35,0.42226391468048097,0.85202406350142,85.15,27,100,54410,4.260452032089233,4.247799396514893,0.01265263557434082,0.011985540390014648,122.98095703125,0.1
FedHST,FashionMNIST,0.5,0.9,0.999,36,0.4301086372852325,0.845027273282186,84.9,26,100,54410,4.287160634994507,4.276996612548828,0.010164022445678711,0.009595394134521484,122.98095703125,0.1
FedHST,FashionMNIST,0.5,0.9,0.999,37,0.44894379243850707,0.831820345259589,84.18,22,100,54410,3.831327199935913,3.821857213973999,0.009469985961914062,0.008887529373168945,122.98095703125,0.1
FedHST,FashionMNIST,0.5,0.9,0.999,38,0.4844544508934021,0.8109484756232128,82.98,25,100,54410,2.9763450622558594,2.9662790298461914,0.010066032409667969,0.00955963134765625,122.98095703125,0.1
FedHST,FashionMNIST,0.5,0.9,0.999,39,0.5025978901863098,0.8005379327781613,82.22,27,100,54410,4.020451068878174,4.009869337081909,0.010581731796264648,0.010078191757202148,122.98095703125,0.1
FedHST,FashionMNIST,0.5,0.9,0.999,40,0.48065370309352873,0.8075637995317433,82.54,27,100,54410,3.9445061683654785,3.9325878620147705,0.011918306350708008,0.011269092559814453,122.98095703125,0.1
FedHST,FashionMNIST,0.5,0.9,0.999,41,0.43548375160694125,0.8315301921222046,84.13,26,100,54410,4.105992317199707,4.089619159698486,0.016373157501220703,0.015770912170410156,122.98095703125,0.1
FedHST,FashionMNIST,0.5,0.9,0.999,42,0.4009013214588165,0.8536764050242851,85.75,28,100,54410,4.121081352233887,4.109587669372559,0.011493682861328125,0.010882139205932617,122.98095703125,0.1
FedHST,FashionMNIST,0.5,0.9,0.999,43,0.3926986878156662,0.8598973621220825,85.91,26,100,54410,3.394862651824951,3.3840343952178955,0.010828256607055664,0.010218143463134766,122.98095703125,0.1
FedHST,FashionMNIST,0.5,0.9,0.999,44,0.40343897631168363,0.8557407316062718,85.36,29,100,54410,4.848342180252075,4.83620285987854,0.012139320373535156,0.011543035507202148,122.98095703125,0.1
FedHST,FashionMNIST,0.5,0.9,0.999,45,0.4144025996208191,0.8515468149623009,84.91,26,100,54410,2.606738567352295,2.5949501991271973,0.011788368225097656,0.011182308197021484,122.98095703125,0.1
FedHST,FashionMNIST,0.5,0.9,0.999,46,0.4049624097108841,0.8541322660694657,85.27,30,100,54410,4.481435537338257,4.467597007751465,0.013838529586791992,0.013207197189331055,122.98095703125,0.1
FedHST,FashionMNIST,0.5,0.9,0.999,47,0.3932441867828369,0.8580294312168182,85.8,27,100,54410,3.432814598083496,3.4224138259887695,0.010400772094726562,0.009852170944213867,122.98095703125,0.1
FedHST,FashionMNIST,0.5,0.9,0.999,48,0.3881531877040863,0.8609852097058768,86.27,27,100,54410,4.6170642375946045,4.605288028717041,0.011776208877563477,0.011081695556640625,122.98095703125,0.1
FedHST,FashionMNIST,0.5,0.9,0.999,49,0.39100050089359284,0.8577231275854496,86.08,25,100,54410,3.4935574531555176,3.482295513153076,0.011261940002441406,0.010638713836669922,122.98095703125,0.1
FedHST,FashionMNIST,0.5,0.9,0.999,50,0.3870585387468338,0.8585578778122762,86.23,30,100,54410,4.014432668685913,4.0029871463775635,0.01144552230834961,0.010947704315185547,122.98095703125,0.1
