Algorithm,Dataset,Gamma,Beta1,Beta2,Round,Global_Validation_Loss,F1_Score,Top1_Accuracy_Percent,Num_Selected_Clients,Num_Total_Clients,Num_Model_Params,Round_Time_Sec,Client_Time_Sec,Server_Time_Sec,Spatial_Var_Time_Sec,Peak_Memory_MB,Local_Epochs_Config
FedAdam,FashionMNIST,,0.9,0.999,1,3.832808969497681,0.16520001201763906,25.01,30,100,54410,5.913290977478027,5.904606342315674,0.008684635162353516,,122.7568359375,1
FedAdam,FashionMNIST,,0.9,0.999,2,2.224024892807007,0.3007757017149165,38.47,26,100,54410,4.347010135650635,4.339287996292114,0.007722139358520508,,122.7568359375,1
FedAdam,FashionMNIST,,0.9,0.999,3,1.7567244785308838,0.47758562927216913,51.59,30,100,54410,5.183621883392334,5.175255298614502,0.008366584777832031,,122.966796875,1
FedAdam,FashionMNIST,,0.9,0.999,4,1.7536198490142823,0.429045874747451,47.5,23,100,54410,3.2653393745422363,3.2588067054748535,0.0065326690673828125,,122.966796875,1
FedAdam,FashionMNIST,,0.9,0.999,5,1.1471710628509522,0.5828107069751234,62.12,26,100,54410,3.940863609313965,3.933826208114624,0.00703740119934082,,122.966796875,1
FedAdam,FashionMNIST,,0.9,0.999,6,1.2489497984886169,0.5980170933897396,64.82,24,100,54410,4.78169846534729,4.7746901512146,0.00700831413269043,,122.966796875,1
FedAdam,FashionMNIST,,0.9,0.999,7,1.238066039466858,0.643503434041704,68.35,28,100,54410,4.353273630142212,4.3456034660339355,0.007670164108276367,,122.966796875,1
FedAdam,FashionMNIST,,0.9,0.999,8,0.773702658033371,0.7284640307391168,73.39,24,100,54410,3.398606061935425,3.391378164291382,0.007227897644042969,,122.966796875,1
FedAdam,FashionMNIST,,0.9,0.999,9,1.0238666430473327,0.7098508815344039,71.38,25,100,54410,3.2550442218780518,3.247276544570923,0.007767677307128906,,122.966796875,1
FedAdam,FashionMNIST,,0.9,0.999,10,1.0015854453086852,0.720782060892156,73.37,20,100,54410,2.695281982421875,2.688899278640747,0.00638270378112793,,122.966796875,1
FedAdam,FashionMNIST,,0.9,0.999,11,0.7484519824028015,0.7678934989563375,77.91,20,100,54410,2.263164758682251,2.2569117546081543,0.00625300407409668,,122.966796875,1
FedAdam,FashionMNIST,,0.9,0.999,12,0.6195007627487182,0.7839333643093482,79.94,30,100,54410,4.609751462936401,4.600746154785156,0.009005308151245117,,122.966796875,1
FedAdam,FashionMNIST,,0.9,0.999,13,0.5889428948879242,0.7929943100472363,79.99,29,100,54410,4.234854459762573,4.227245807647705,0.007608652114868164,,122.966796875,1
FedAdam,FashionMNIST,,0.9,0.999,14,0.5852538819789886,0.7884944881387264,79.24,22,100,54410,3.678269386291504,3.671452522277832,0.006816864013671875,,122.966796875,1
FedAdam,FashionMNIST,,0.9,0.999,15,0.5825831146240235,0.7857082754073899,79.15,28,100,54410,4.102222919464111,4.095029354095459,0.007193565368652344,,122.966796875,1
FedAdam,FashionMNIST,,0.9,0.999,16,0.5724360960960388,0.7995222029678957,80.72,28,100,54410,4.771657705307007,4.764594316482544,0.007063388824462891,,122.966796875,1
FedAdam,FashionMNIST,,0.9,0.999,17,0.5690204051017761,0.798676529844409,80.76,26,100,54410,4.148400068283081,4.140819787979126,0.007580280303955078,,122.966796875,1
FedAdam,FashionMNIST,,0.9,0.999,18,0.5675409595012665,0.7968099919610834,79.69,21,100,54410,3.1152703762054443,3.108813762664795,0.006456613540649414,,122.966796875,1
FedAdam,FashionMNIST,,0.9,0.999,19,0.5943888290882111,0.7830252445100773,77.91,28,100,54410,5.17102575302124,5.163896560668945,0.007129192352294922,,122.966796875,1
FedAdam,FashionMNIST,,0.9,0.999,20,0.5770949923992157,0.7876016179866254,78.37,28,100,54410,4.0841264724731445,4.077430009841919,0.006696462631225586,,122.966796875,1
FedAdam,FashionMNIST,,0.9,0.999,21,0.4845778194904327,0.8206092708630498,82.19,24,100,54410,4.783310651779175,4.776413202285767,0.006897449493408203,,122.966796875,1
FedAdam,FashionMNIST,,0.9,0.999,22,0.5011556785821915,0.8105074984313745,82.08,26,100,54410,4.212575435638428,4.205354690551758,0.007220745086669922,,122.966796875,1
FedAdam,FashionMNIST,,0.9,0.999,23,0.5661304898738861,0.7857509547854853,80.96,28,100,54410,4.692267179489136,4.6851561069488525,0.007111072540283203,,122.966796875,1
FedAdam,FashionMNIST,,0.9,0.999,24,0.5166094083547592,0.8110752242729488,82.54,23,100,54410,2.853412389755249,2.84708309173584,0.00632929801940918,,122.966796875,1
FedAdam,FashionMNIST,,0.9,0.999,25,0.4787626515388489,0.8227241194160448,82.28,29,100,54410,3.5708322525024414,3.5640761852264404,0.0067560672760009766,,122.966796875,1
FedAdam,FashionMNIST,,0.9,0.999,26,0.49147541666030886,0.8194995705307685,81.72,26,100,54410,4.203842639923096,4.19743275642395,0.006409883499145508,,122.966796875,1
FedAdam,FashionMNIST,,0.9,0.999,27,0.4381077780723572,0.8419948651460063,84.15,27,100,54410,3.8984317779541016,3.8920137882232666,0.006417989730834961,,122.966796875,1
FedAdam,FashionMNIST,,0.9,0.999,28,0.41333065662384033,0.8518245644238036,85.22,30,100,54410,4.7464964389801025,4.738025665283203,0.008470773696899414,,122.966796875,1
FedAdam,FashionMNIST,,0.9,0.999,29,0.43632921981811523,0.8412512536055615,84.44,25,100,54410,3.088857889175415,3.081587791442871,0.007270097732543945,,122.966796875,1
FedAdam,FashionMNIST,,0.9,0.999,30,0.49679515280723574,0.8217631489683148,83.05,28,100,54410,3.8153040409088135,3.808475971221924,0.0068280696868896484,,122.966796875,1
FedAdam,FashionMNIST,,0.9,0.999,31,0.4802283306360245,0.8313149794560977,83.39,25,100,54410,3.0807626247406006,3.074247360229492,0.0065152645111083984,,122.966796875,1
FedAdam,FashionMNIST,,0.9,0.999,32,0.47445841381549836,0.826942163975745,82.55,25,100,54410,3.038313865661621,3.0316965579986572,0.006617307662963867,,122.966796875,1
FedAdam,FashionMNIST,,0.9,0.999,33,0.4814020111083984,0.8251102658441143,82.22,27,100,54410,4.157095193862915,4.150539875030518,0.006555318832397461,,122.966796875,1
FedAdam,FashionMNIST,,0.9,0.999,34,0.436985261964798,0.8446703521936904,84.79,29,100,54410,4.713352203369141,4.7059550285339355,0.007397174835205078,,122.966796875,1
FedAdam,FashionMNIST,,0.9,0.999,35,0.5016018880844116,0.8132893165405181,82.95,27,100,54410,3.9194610118865967,3.9115493297576904,0.00791168212890625,,122.966796875,1
FedAdam,FashionMNIST,,0.9,0.999,36,0.5309196515560151,0.8000627241511122,82.33,26,100,54410,4.228630304336548,4.221554279327393,0.0070760250091552734,,122.966796875,1
FedAdam,FashionMNIST,,0.9,0.999,37,0.45792024850845336,0.8262070677352543,84.18,22,100,54410,3.7775537967681885,3.771371841430664,0.006181955337524414,,122.966796875,1
FedAdam,FashionMNIST,,0.9,0.999,38,0.40700555148124695,0.8508778040075529,85.63,25,100,54410,3.0030744075775146,2.99604868888855,0.007025718688964844,,122.966796875,1
FedAdam,FashionMNIST,,0.9,0.999,39,0.39670042667388916,0.855670279127364,85.7,27,100,54410,4.063927888870239,4.056841611862183,0.007086277008056641,,122.966796875,1
FedAdam,FashionMNIST,,0.9,0.999,40,0.4058324212551117,0.8486903975971304,84.58,27,100,54410,3.997223377227783,3.9894917011260986,0.00773167610168457,,122.966796875,1
FedAdam,FashionMNIST,,0.9,0.999,41,0.42146879048347474,0.8426006876080677,83.85,26,100,54410,4.113091468811035,4.105427503585815,0.0076639652252197266,,122.966796875,1
FedAdam,FashionMNIST,,0.9,0.999,42,0.4127809402704239,0.8507303159353178,84.84,28,100,54410,4.174581050872803,4.166766405105591,0.007814645767211914,,122.966796875,1
FedAdam,FashionMNIST,,0.9,0.999,43,0.4014323299884796,0.8566710802739774,85.79,26,100,54410,3.895155668258667,3.8877129554748535,0.0074427127838134766,,122.966796875,1
FedAdam,FashionMNIST,,0.9,0.999,44,0.43820868980884553,0.8417565022495588,84.99,29,100,54410,5.360223293304443,5.352694749832153,0.007528543472290039,,122.966796875,1
FedAdam,FashionMNIST,,0.9,0.999,45,0.4521956150531769,0.8344434957695481,84.53,26,100,54410,3.0811688899993896,3.0736589431762695,0.007509946823120117,,122.966796875,1
FedAdam,FashionMNIST,,0.9,0.999,46,0.45887479107379914,0.8286606886673503,83.73,30,100,54410,4.947712421417236,4.940582036972046,0.00713038444519043,,122.966796875,1
FedAdam,FashionMNIST,,0.9,0.999,47,0.41193770047426226,0.8459774003889388,85.01,27,100,54410,3.9579098224639893,3.950719118118286,0.007190704345703125,,122.966796875,1
FedAdam,FashionMNIST,,0.9,0.999,48,0.41141708694696427,0.8486274174807719,84.8,27,100,54410,4.957396984100342,4.950925827026367,0.006471157073974609,,122.966796875,1
FedAdam,FashionMNIST,,0.9,0.999,49,0.491277218079567,0.8137845359401752,81.52,25,100,54410,3.622704029083252,3.6153981685638428,0.00730586051940918,,122.966796875,1
FedAdam,FashionMNIST,,0.9,0.999,50,0.4547274294614792,0.8348885769317157,83.42,30,100,54410,4.584875822067261,4.576765537261963,0.008110284805297852,,122.966796875,1
FedHST,FashionMNIST,0.5,0.9,0.999,1,2.0543050369262694,0.17766728775076923,25.55,30,100,54410,5.241308212280273,5.230647325515747,0.010660886764526367,0.010153055191040039,122.7568359375,1
FedHST,FashionMNIST,0.5,0.9,0.999,2,1.6179615463256836,0.29421511668575795,40.48,26,100,54410,3.7880330085754395,3.7771799564361572,0.010853052139282227,0.010327339172363281,122.7568359375,1
FedHST,FashionMNIST,0.5,0.9,0.999,3,1.2886125064849854,0.4411332889986964,51.78,30,100,54410,4.459634065628052,4.446808338165283,0.012825727462768555,0.012160778045654297,122.98046875,1
FedHST,FashionMNIST,0.5,0.9,0.999,4,1.0889477898597717,0.4884072632674723,54.93,23,100,54410,2.7817420959472656,2.7728893756866455,0.008852720260620117,0.008357763290405273,122.98046875,1
FedHST,FashionMNIST,0.5,0.9,0.999,5,0.894386956691742,0.6617474237343839,68.89,26,100,54410,3.365724563598633,3.3542637825012207,0.01146078109741211,0.010833978652954102,122.98046875,1
FedHST,FashionMNIST,0.5,0.9,0.999,6,0.7609183052062988,0.7317264909606905,74.21,24,100,54410,4.290285587310791,4.280398607254028,0.009886980056762695,0.009331941604614258,122.98046875,1
FedHST,FashionMNIST,0.5,0.9,0.999,7,0.8002981030464172,0.6957793918050792,71.21,28,100,54410,4.160550355911255,4.149425506591797,0.011124849319458008,0.010577678680419922,122.98046875,1
FedHST,FashionMNIST,0.5,0.9,0.999,8,0.8347495900154114,0.6619187845865934,69.54,24,100,54410,3.2944421768188477,3.285003423690796,0.009438753128051758,0.008868694305419922,122.98046875,1
FedHST,FashionMNIST,0.5,0.9,0.999,9,0.8077207558631897,0.6581680698735044,69.49,25,100,54410,3.1352896690368652,3.1244893074035645,0.010800361633300781,0.010248899459838867,122.98046875,1
FedHST,FashionMNIST,0.5,0.9,0.999,10,0.7754443742752075,0.6588422120009255,68.58,20,100,54410,2.6431453227996826,2.634669065475464,0.00847625732421875,0.007918357849121094,122.98046875,1
FedHST,FashionMNIST,0.5,0.9,0.999,11,0.7025494688034057,0.7188845456152464,72.87,20,100,54410,2.130293846130371,2.1206912994384766,0.009602546691894531,0.008979558944702148,122.98046875,1
FedHST,FashionMNIST,0.5,0.9,0.999,12,0.6854553599357605,0.7293543841685249,74.27,30,100,54410,4.385565519332886,4.3730385303497314,0.012526988983154297,0.011927127838134766,122.98046875,1
FedHST,FashionMNIST,0.5,0.9,0.999,13,0.6874646472930909,0.7294525705711163,74.67,29,100,54410,4.079906702041626,4.067218542098999,0.012688159942626953,0.012053966522216797,122.98046875,1
FedHST,FashionMNIST,0.5,0.9,0.999,14,0.7049600583553314,0.7292319109444523,74.97,22,100,54410,3.5171353816986084,3.50701642036438,0.010118961334228516,0.00950312614440918,122.98046875,1
FedHST,FashionMNIST,0.5,0.9,0.999,15,0.6780240052700043,0.7359219938964712,76.21,28,100,54410,4.006607294082642,3.995239019393921,0.011368274688720703,0.010777473449707031,122.98046875,1
FedHST,FashionMNIST,0.5,0.9,0.999,16,0.64457342877388,0.748545552326122,77.45,28,100,54410,4.580965280532837,4.568186521530151,0.012778759002685547,0.012143611907958984,122.98046875,1
FedHST,FashionMNIST,0.5,0.9,0.999,17,0.6185066715717316,0.7637300633914841,78.18,26,100,54410,4.108152389526367,4.097870588302612,0.010281801223754883,0.009714603424072266,122.98046875,1
FedHST,FashionMNIST,0.5,0.9,0.999,18,0.5820757942199707,0.780681777405862,79.1,21,100,54410,2.9039294719696045,2.8946292400360107,0.00930023193359375,0.008771181106567383,122.98046875,1
FedHST,FashionMNIST,0.5,0.9,0.999,19,0.5529066819190979,0.7909152251330248,79.61,28,100,54410,4.528222322463989,4.515911340713501,0.012310981750488281,0.011703729629516602,122.98046875,1
FedHST,FashionMNIST,0.5,0.9,0.999,20,0.5176839891433715,0.8084350687789004,80.91,28,100,54410,3.762033700942993,3.7506277561187744,0.01140594482421875,0.010755538940429688,122.98046875,1
FedHST,FashionMNIST,0.5,0.9,0.999,21,0.5066569754123688,0.8150518600541388,81.27,24,100,54410,4.159825086593628,4.150064945220947,0.009760141372680664,0.009185552597045898,122.98046875,1
FedHST,FashionMNIST,0.5,0.9,0.999,22,0.50655225481987,0.8138666252748052,81.04,26,100,54410,3.845902442932129,3.8339006900787354,0.012001752853393555,0.011388540267944336,122.98046875,1
FedHST,FashionMNIST,0.5,0.9,0.999,23,0.5093752426624298,0.8151063398344235,81.54,28,100,54410,4.728904962539673,4.71843957901001,0.010465383529663086,0.009927511215209961,122.98046875,1
FedHST,FashionMNIST,0.5,0.9,0.999,24,0.5182035385131836,0.8037105021077989,80.93,23,100,54410,2.866135597229004,2.855949640274048,0.010185956954956055,0.009519815444946289,122.98046875,1
FedHST,FashionMNIST,0.5,0.9,0.999,25,0.5361487490653992,0.7938378973693394,80.32,29,100,54410,3.374851703643799,3.362964153289795,0.011887550354003906,0.011244058609008789,122.98046875,1
FedHST,FashionMNIST,0.5,0.9,0.999,26,0.5494209257125855,0.7815846287478531,80.17,26,100,54410,4.048722982406616,4.037423133850098,0.011299848556518555,0.010706901550292969,122.98046875,1
FedHST,FashionMNIST,0.5,0.9,0.999,27,0.5190411046028137,0.7890752110928277,81.23,27,100,54410,3.7931175231933594,3.7814652919769287,0.011652231216430664,0.01103663444519043,122.98046875,1
FedHST,FashionMNIST,0.5,0.9,0.999,28,0.4855683227300644,0.8083770979553624,82.73,30,100,54410,4.4603331089019775,4.448070287704468,0.012262821197509766,0.011676311492919922,122.98095703125,1
FedHST,FashionMNIST,0.5,0.9,0.999,29,0.4545705709218979,0.8251337625825824,83.71,25,100,54410,2.7262063026428223,2.714961290359497,0.011245012283325195,0.010606527328491211,122.98095703125,1
FedHST,FashionMNIST,0.5,0.9,0.999,30,0.44038991656303406,0.8375646912420519,84.49,28,100,54410,3.8416290283203125,3.8294336795806885,0.012195348739624023,0.01168203353881836,122.98095703125,1
FedHST,FashionMNIST,0.5,0.9,0.999,31,0.4283814289569855,0.8469777823208189,84.89,25,100,54410,3.1416423320770264,3.1317412853240967,0.009901046752929688,0.009351968765258789,122.98095703125,1
FedHST,FashionMNIST,0.5,0.9,0.999,32,0.4427565892219543,0.8417436877640576,83.88,25,100,54410,3.0644874572753906,3.05322265625,0.011264801025390625,0.01067972183227539,122.98095703125,1
FedHST,FashionMNIST,0.5,0.9,0.999,33,0.4572959424972534,0.8332103972297095,82.9,27,100,54410,4.361068964004517,4.348921775817871,0.012147188186645508,0.011492490768432617,122.98095703125,1
FedHST,FashionMNIST,0.5,0.9,0.999,34,0.4381771983146667,0.8444976077450377,84.14,29,100,54410,4.643036127090454,4.6308839321136475,0.01215219497680664,0.011565208435058594,122.98095703125,1
FedHST,FashionMNIST,0.5,0.9,0.999,35,0.42226391468048097,0.85202406350142,85.15,27,100,54410,3.855419158935547,3.844247341156006,0.011171817779541016,0.01054239273071289,122.98095703125,1
FedHST,FashionMNIST,0.5,0.9,0.999,36,0.4301086372852325,0.845027273282186,84.9,26,100,54410,4.212369441986084,4.200391530990601,0.011977910995483398,0.01137852668762207,122.98095703125,1
FedHST,FashionMNIST,0.5,0.9,0.999,37,0.44894379243850707,0.831820345259589,84.18,22,100,54410,3.828807830810547,3.8191754817962646,0.009632349014282227,0.008978605270385742,122.98095703125,1
FedHST,FashionMNIST,0.5,0.9,0.999,38,0.4844544508934021,0.8109484756232128,82.98,25,100,54410,3.0249075889587402,3.0138449668884277,0.0110626220703125,0.010464668273925781,122.98095703125,1
FedHST,FashionMNIST,0.5,0.9,0.999,39,0.5025978901863098,0.8005379327781613,82.22,27,100,54410,4.117216110229492,4.106766223907471,0.010449886322021484,0.009952545166015625,122.98095703125,1
FedHST,FashionMNIST,0.5,0.9,0.999,40,0.48065370309352873,0.8075637995317433,82.54,27,100,54410,3.865715265274048,3.853386640548706,0.012328624725341797,0.011669635772705078,122.98095703125,1
FedHST,FashionMNIST,0.5,0.9,0.999,41,0.43548375160694125,0.8315301921222046,84.13,26,100,54410,3.955214262008667,3.9432883262634277,0.011925935745239258,0.011312484741210938,122.98095703125,1
FedHST,FashionMNIST,0.5,0.9,0.999,42,0.4009013214588165,0.8536764050242851,85.75,28,100,54410,4.054280996322632,4.0414392948150635,0.01284170150756836,0.012224912643432617,122.98095703125,1
FedHST,FashionMNIST,0.5,0.9,0.999,43,0.3926986878156662,0.8598973621220825,85.91,26,100,54410,3.3471102714538574,3.33626127243042,0.0108489990234375,0.010280370712280273,122.98095703125,1
FedHST,FashionMNIST,0.5,0.9,0.999,44,0.40343897631168363,0.8557407316062718,85.36,29,100,54410,4.647402286529541,4.635913848876953,0.01148843765258789,0.010949134826660156,122.98095703125,1
FedHST,FashionMNIST,0.5,0.9,0.999,45,0.4144025996208191,0.8515468149623009,84.91,26,100,54410,2.6306276321411133,2.6199288368225098,0.010698795318603516,0.010117053985595703,122.98095703125,1
FedHST,FashionMNIST,0.5,0.9,0.999,46,0.4049624097108841,0.8541322660694657,85.27,30,100,54410,4.356117010116577,4.3436219692230225,0.012495040893554688,0.011924505233764648,122.98095703125,1
FedHST,FashionMNIST,0.5,0.9,0.999,47,0.3932441867828369,0.8580294312168182,85.8,27,100,54410,3.303117275238037,3.2917227745056152,0.011394500732421875,0.010815620422363281,122.98095703125,1
FedHST,FashionMNIST,0.5,0.9,0.999,48,0.3881531877040863,0.8609852097058768,86.27,27,100,54410,4.335015773773193,4.322876214981079,0.012139558792114258,0.011545658111572266,122.98095703125,1
FedHST,FashionMNIST,0.5,0.9,0.999,49,0.39100050089359284,0.8577231275854496,86.08,25,100,54410,3.1036548614501953,3.09376859664917,0.00988626480102539,0.009372711181640625,122.98095703125,1
FedHST,FashionMNIST,0.5,0.9,0.999,50,0.3870585387468338,0.8585578778122762,86.23,30,100,54410,3.998342990875244,3.9850335121154785,0.013309478759765625,0.012684106826782227,122.98095703125,1
FedAdam,FashionMNIST,,0.9,0.999,1,3.9042429611206053,0.10388655168226217,21.2,30,100,54410,14.816431283950806,14.80912446975708,0.007306814193725586,,122.7568359375,3
FedAdam,FashionMNIST,,0.9,0.999,2,2.0868565593719484,0.34008753574784156,42.87,26,100,54410,11.418647766113281,11.411645889282227,0.0070018768310546875,,122.7568359375,3
FedAdam,FashionMNIST,,0.9,0.999,3,1.5379571323394776,0.5908106228556592,61.91,30,100,54410,13.081774473190308,13.073964834213257,0.007809638977050781,,122.966796875,3
FedAdam,FashionMNIST,,0.9,0.999,4,1.3651043035507202,0.5278782762293005,56.06,23,100,54410,8.882220983505249,8.876356363296509,0.005864620208740234,,122.966796875,3
FedAdam,FashionMNIST,,0.9,0.999,5,0.7874021192550659,0.7089633485664499,72.34,26,100,54410,11.371277809143066,11.363779067993164,0.007498741149902344,,122.966796875,3
FedAdam,FashionMNIST,,0.9,0.999,6,1.146865996646881,0.6544323193681502,69.76,24,100,54410,12.401031255722046,12.393386363983154,0.0076448917388916016,,122.966796875,3
FedAdam,FashionMNIST,,0.9,0.999,7,1.0460821286201476,0.6905510747873672,72.42,28,100,54410,11.996177196502686,11.988358497619629,0.00781869888305664,,122.966796875,3
FedAdam,FashionMNIST,,0.9,0.999,8,0.644248175907135,0.7879837770335987,78.92,24,100,54410,9.651476860046387,9.64469313621521,0.006783723831176758,,122.966796875,3
FedAdam,FashionMNIST,,0.9,0.999,9,0.7724560707092285,0.7623908633542971,76.53,25,100,54410,9.647798538208008,9.640916109085083,0.006882429122924805,,122.966796875,3
FedAdam,FashionMNIST,,0.9,0.999,10,0.7676996907711029,0.7712738666875681,77.76,20,100,54410,8.23905062675476,8.232528924942017,0.006521701812744141,,122.966796875,3
FedAdam,FashionMNIST,,0.9,0.999,11,0.6470669666290283,0.8003167487868634,80.83,20,100,54410,6.612279415130615,6.606855392456055,0.005424022674560547,,122.966796875,3
FedAdam,FashionMNIST,,0.9,0.999,12,0.6174491934776306,0.7947319868926682,81.34,30,100,54410,13.608375549316406,13.599695205688477,0.008680343627929688,,122.966796875,3
FedAdam,FashionMNIST,,0.9,0.999,13,0.5643718386650085,0.8074687194477498,81.56,29,100,54410,12.93525218963623,12.928157806396484,0.007094383239746094,,122.966796875,3
FedAdam,FashionMNIST,,0.9,0.999,14,0.5482960443019866,0.8048135021436484,80.88,22,100,54410,10.181755781173706,10.175020694732666,0.006735086441040039,,122.966796875,3
FedAdam,FashionMNIST,,0.9,0.999,15,0.48948870170116426,0.8196213625474333,82.29,28,100,54410,11.621808528900146,11.613775968551636,0.008032560348510742,,122.966796875,3
FedAdam,FashionMNIST,,0.9,0.999,16,0.4574481988668442,0.8340042343273326,83.99,28,100,54410,13.39136004447937,13.38395643234253,0.00740361213684082,,122.966796875,3
FedAdam,FashionMNIST,,0.9,0.999,17,0.4760744524002075,0.8259079678846264,83.42,26,100,54410,12.403515815734863,12.39574933052063,0.0077664852142333984,,122.966796875,3
FedAdam,FashionMNIST,,0.9,0.999,18,0.5055818007946015,0.8145933980684565,81.62,21,100,54410,8.851596355438232,8.845890760421753,0.005705595016479492,,122.966796875,3
FedAdam,FashionMNIST,,0.9,0.999,19,0.5086989805698395,0.811791940688156,80.95,28,100,54410,13.578765153884888,13.57203722000122,0.006727933883666992,,122.966796875,3
FedAdam,FashionMNIST,,0.9,0.999,20,0.49831313099861146,0.8176435182453199,81.17,28,100,54410,11.177070379257202,11.170029640197754,0.007040739059448242,,122.966796875,3
FedAdam,FashionMNIST,,0.9,0.999,21,0.45710701775550844,0.8331077725850105,83.43,24,100,54410,12.374187469482422,12.367728471755981,0.00645899772644043,,122.966796875,3
FedAdam,FashionMNIST,,0.9,0.999,22,0.4721740467786789,0.8316768962915292,83.88,26,100,54410,11.18217396736145,11.175662755966187,0.006511211395263672,,122.966796875,3
FedAdam,FashionMNIST,,0.9,0.999,23,0.5428800522565842,0.8053455299454605,82.54,28,100,54410,14.018993377685547,14.011692523956299,0.007300853729248047,,122.966796875,3
FedAdam,FashionMNIST,,0.9,0.999,24,0.4899876847267151,0.8272011367061731,84.32,23,100,54410,8.322723150253296,8.315751552581787,0.006971597671508789,,122.966796875,3
FedAdam,FashionMNIST,,0.9,0.999,25,0.4083152138710022,0.860289506268239,86.12,29,100,54410,9.977312326431274,9.96988844871521,0.007423877716064453,,122.966796875,3
FedAdam,FashionMNIST,,0.9,0.999,26,0.43540328607559203,0.8446053216394456,84.38,26,100,54410,11.661181449890137,11.653625965118408,0.007555484771728516,,122.966796875,3
FedAdam,FashionMNIST,,0.9,0.999,27,0.4296529441595078,0.8463652072770144,84.71,27,100,54410,10.993197917938232,10.986666679382324,0.006531238555908203,,122.966796875,3
FedAdam,FashionMNIST,,0.9,0.999,28,0.3846804387807846,0.8652925902741678,86.64,30,100,54410,13.512448787689209,13.504163026809692,0.008285760879516602,,122.966796875,3
FedAdam,FashionMNIST,,0.9,0.999,29,0.4450447470188141,0.8477758290207718,85.24,25,100,54410,8.075164794921875,8.06862735748291,0.006537437438964844,,122.966796875,3
FedAdam,FashionMNIST,,0.9,0.999,30,0.5906237888813018,0.7975309878161768,81.25,28,100,54410,11.234984874725342,11.227534294128418,0.007450580596923828,,122.966796875,3
FedAdam,FashionMNIST,,0.9,0.999,31,0.5158077485561371,0.8231218178029692,82.72,25,100,54410,9.298760175704956,9.291938304901123,0.006821870803833008,,122.966796875,3
FedAdam,FashionMNIST,,0.9,0.999,32,0.40675256247520447,0.8555110945093626,85.38,25,100,54410,8.946158170700073,8.939521312713623,0.006636857986450195,,122.966796875,3
FedAdam,FashionMNIST,,0.9,0.999,33,0.42875025317668913,0.8503884212946259,84.74,27,100,54410,12.954952716827393,12.947498798370361,0.00745391845703125,,122.966796875,3
FedAdam,FashionMNIST,,0.9,0.999,34,0.40358086702823637,0.8558912784922311,85.86,29,100,54410,13.889240503311157,13.880589485168457,0.008651018142700195,,122.966796875,3
FedAdam,FashionMNIST,,0.9,0.999,35,0.4698830685377121,0.8329680323049471,84.28,27,100,54410,11.587997913360596,11.581098079681396,0.006899833679199219,,122.966796875,3
FedAdam,FashionMNIST,,0.9,0.999,36,0.52167167699337,0.816463315181918,83.3,26,100,54410,13.019565343856812,13.01281189918518,0.006753444671630859,,122.966796875,3
FedAdam,FashionMNIST,,0.9,0.999,37,0.4707092929363251,0.8325474360334061,84.45,22,100,54410,11.2361159324646,11.22998046875,0.006135463714599609,,122.966796875,3
FedAdam,FashionMNIST,,0.9,0.999,38,0.4174489660024643,0.853692215211114,85.85,25,100,54410,8.928842067718506,8.92223596572876,0.006606101989746094,,122.966796875,3
FedAdam,FashionMNIST,,0.9,0.999,39,0.3801053623199463,0.863772596712478,86.63,27,100,54410,11.78550124168396,11.777764081954956,0.007737159729003906,,122.966796875,3
FedAdam,FashionMNIST,,0.9,0.999,40,0.37385401747226715,0.8649825837281975,86.45,27,100,54410,11.431603908538818,11.424940347671509,0.00666356086730957,,122.966796875,3
FedAdam,FashionMNIST,,0.9,0.999,41,0.3970452513217926,0.8601623347403023,85.77,26,100,54410,11.920064449310303,11.912147045135498,0.007917404174804688,,122.966796875,3
FedAdam,FashionMNIST,,0.9,0.999,42,0.38750246839523317,0.8618573942236608,86.02,28,100,54410,12.112373113632202,12.10524606704712,0.007127046585083008,,122.966796875,3
FedAdam,FashionMNIST,,0.9,0.999,43,0.3606469406366348,0.8728816418838841,87.37,26,100,54410,10.680174350738525,10.672648668289185,0.00752568244934082,,122.966796875,3
FedAdam,FashionMNIST,,0.9,0.999,44,0.4167998328924179,0.8537806042057244,86.07,29,100,54410,14.940434694290161,14.932042360305786,0.008392333984375,,122.966796875,3
FedAdam,FashionMNIST,,0.9,0.999,45,0.475637374997139,0.8317894671337349,84.4,26,100,54410,7.767947435379028,7.761491060256958,0.0064563751220703125,,122.966796875,3
FedAdam,FashionMNIST,,0.9,0.999,46,0.4591625189304352,0.8390910644338827,84.69,30,100,54410,12.93343186378479,12.92577052116394,0.007661342620849609,,122.966796875,3
FedAdam,FashionMNIST,,0.9,0.999,47,0.38137615339756015,0.8677111036643238,87.01,27,100,54410,10.618352174758911,10.611579179763794,0.0067729949951171875,,122.966796875,3
FedAdam,FashionMNIST,,0.9,0.999,48,0.3756767562866211,0.8703757172075608,87.07,27,100,54410,14.77035117149353,14.762321710586548,0.008029460906982422,,122.966796875,3
FedAdam,FashionMNIST,,0.9,0.999,49,0.43087567527294157,0.84884892213444,84.95,25,100,54410,9.523480892181396,9.517419576644897,0.0060613155364990234,,122.966796875,3
FedAdam,FashionMNIST,,0.9,0.999,50,0.4155446829319,0.8546236419427249,85.33,30,100,54410,12.381268739700317,12.373003721237183,0.008265018463134766,,122.966796875,3
FedHST,FashionMNIST,0.5,0.9,0.999,1,2.051182445907593,0.17097176253144275,25.76,30,100,54410,14.725665807723999,14.71258807182312,0.013077735900878906,0.012449026107788086,122.7568359375,3
FedHST,FashionMNIST,0.5,0.9,0.999,2,1.6096436950683595,0.3429860718503622,43.61,26,100,54410,11.469536304473877,11.459234952926636,0.010301351547241211,0.009764909744262695,122.7568359375,3
FedHST,FashionMNIST,0.5,0.9,0.999,3,1.287564979171753,0.45388083136605406,52.13,30,100,54410,12.628270864486694,12.616106271743774,0.012164592742919922,0.011542320251464844,122.98046875,3
FedHST,FashionMNIST,0.5,0.9,0.999,4,1.0279126276016235,0.5579504914100538,60.21,23,100,54410,8.264906644821167,8.25450348854065,0.010403156280517578,0.009758234024047852,122.98046875,3
FedHST,FashionMNIST,0.5,0.9,0.999,5,0.7913728669166565,0.7139191810453178,73.33,26,100,54410,9.951406240463257,9.941364288330078,0.010041952133178711,0.009449005126953125,122.98046875,3
FedHST,FashionMNIST,0.5,0.9,0.999,6,0.6941319793701172,0.7523014381437194,76.55,24,100,54410,12.851280450820923,12.840899229049683,0.010381221771240234,0.009662628173828125,122.98046875,3
FedHST,FashionMNIST,0.5,0.9,0.999,7,0.7123157071113586,0.7244009920435391,74.51,28,100,54410,12.533138275146484,12.521265029907227,0.011873245239257812,0.011285781860351562,122.98046875,3
FedHST,FashionMNIST,0.5,0.9,0.999,8,0.6938368895530701,0.7211042154397934,74.11,24,100,54410,9.968621730804443,9.958167791366577,0.010453939437866211,0.00986623764038086,122.98046875,3
FedHST,FashionMNIST,0.5,0.9,0.999,9,0.6898499073028564,0.7140717771097707,73.38,25,100,54410,9.352167129516602,9.341228008270264,0.01093912124633789,0.010284423828125,122.98046875,3
FedHST,FashionMNIST,0.5,0.9,0.999,10,0.701785192489624,0.7045393726872301,72.35,20,100,54410,7.803404808044434,7.794899940490723,0.008504867553710938,0.0079498291015625,122.98046875,3
FedHST,FashionMNIST,0.5,0.9,0.999,11,0.6907286549568177,0.7204878426197565,73.55,20,100,54410,6.228230953216553,6.220446586608887,0.007784366607666016,0.0072689056396484375,122.98046875,3
FedHST,FashionMNIST,0.5,0.9,0.999,12,0.6963486303806304,0.7212530791017084,73.83,30,100,54410,12.89743447303772,12.88429045677185,0.01314401626586914,0.012517452239990234,122.98046875,3
FedHST,FashionMNIST,0.5,0.9,0.999,13,0.6690257190704346,0.7361885558893524,75.29,29,100,54410,11.947396516799927,11.935910940170288,0.011485576629638672,0.010915994644165039,122.98046875,3
FedHST,FashionMNIST,0.5,0.9,0.999,14,0.6282389429092408,0.7591613524199621,77.46,22,100,54410,10.875420570373535,10.865948677062988,0.009471893310546875,0.008826017379760742,122.98046875,3
FedHST,FashionMNIST,0.5,0.9,0.999,15,0.5865747819423676,0.774937071345821,79.21,28,100,54410,11.845678567886353,11.835179328918457,0.010499238967895508,0.00998544692993164,122.98046875,3
FedHST,FashionMNIST,0.5,0.9,0.999,16,0.5531148340225219,0.7972162087011615,81.17,28,100,54410,13.284961938858032,13.274678230285645,0.010283708572387695,0.009656190872192383,122.98046875,3
FedHST,FashionMNIST,0.5,0.9,0.999,17,0.5425507730007172,0.8086255791206909,81.87,26,100,54410,12.281421661376953,12.271167039871216,0.010254621505737305,0.009707212448120117,122.98046875,3
FedHST,FashionMNIST,0.5,0.9,0.999,18,0.528637650680542,0.8119417903144953,81.82,21,100,54410,8.638118505477905,8.629962921142578,0.008155584335327148,0.007660388946533203,122.98046875,3
FedHST,FashionMNIST,0.5,0.9,0.999,19,0.51281242685318,0.8170759025177624,82.02,28,100,54410,13.249577045440674,13.23763656616211,0.011940479278564453,0.011388301849365234,122.98046875,3
FedHST,FashionMNIST,0.5,0.9,0.999,20,0.47481405439376834,0.8312114257237766,83.11,28,100,54410,11.703426122665405,11.691404104232788,0.012022018432617188,0.011342048645019531,122.98046875,3
FedHST,FashionMNIST,0.5,0.9,0.999,21,0.4526492884159088,0.841942944623014,84.01,24,100,54410,12.759248971939087,12.748387813568115,0.01086115837097168,0.010269403457641602,122.98046875,3
FedHST,FashionMNIST,0.5,0.9,0.999,22,0.44756573300361635,0.8398905209392454,83.71,26,100,54410,12.222391366958618,12.21117353439331,0.011217832565307617,0.010567903518676758,122.98046875,3
FedHST,FashionMNIST,0.5,0.9,0.999,23,0.4547955526828766,0.8383022141699881,83.81,28,100,54410,14.202211618423462,14.190429210662842,0.011782407760620117,0.011199474334716797,122.98046875,3
FedHST,FashionMNIST,0.5,0.9,0.999,24,0.46718087396621705,0.8343080606896729,83.68,23,100,54410,8.626388549804688,8.617483854293823,0.008904695510864258,0.008355379104614258,122.98046875,3
FedHST,FashionMNIST,0.5,0.9,0.999,25,0.48991182618141177,0.824350833166057,82.92,29,100,54410,11.538761615753174,11.526804447174072,0.011957168579101562,0.011286735534667969,122.98046875,3
FedHST,FashionMNIST,0.5,0.9,0.999,26,0.5132005925416946,0.8122303074065396,82.34,26,100,54410,12.984729290008545,12.974907875061035,0.009821414947509766,0.009244918823242188,122.98046875,3
FedHST,FashionMNIST,0.5,0.9,0.999,27,0.4970569655418396,0.8129713169347056,82.83,27,100,54410,11.35921835899353,11.347411870956421,0.011806488037109375,0.011171340942382812,122.98046875,3
FedHST,FashionMNIST,0.5,0.9,0.999,28,0.469061371922493,0.8230878913144061,83.76,30,100,54410,13.619646072387695,13.606626272201538,0.013019800186157227,0.01236271858215332,122.98095703125,3
FedHST,FashionMNIST,0.5,0.9,0.999,29,0.43740323758125305,0.8345328996803664,84.62,25,100,54410,8.134392976760864,8.12387204170227,0.01052093505859375,0.009919881820678711,122.98095703125,3
FedHST,FashionMNIST,0.5,0.9,0.999,30,0.4176810990571976,0.8434116329122714,85.3,28,100,54410,11.295395851135254,11.282710552215576,0.012685298919677734,0.012063264846801758,122.98095703125,3
FedHST,FashionMNIST,0.5,0.9,0.999,31,0.4021465433120728,0.8541828263988531,85.86,25,100,54410,10.162386178970337,10.152696132659912,0.009690046310424805,0.009107351303100586,122.98095703125,3
FedHST,FashionMNIST,0.5,0.9,0.999,32,0.39266511280536653,0.8601481459079707,86.07,25,100,54410,9.614775657653809,9.604517698287964,0.010257959365844727,0.009606599807739258,122.98095703125,3
FedHST,FashionMNIST,0.5,0.9,0.999,33,0.3981741504192352,0.8576901167907682,85.67,27,100,54410,13.888077735900879,13.875948667526245,0.012129068374633789,0.011490106582641602,122.98095703125,3
FedHST,FashionMNIST,0.5,0.9,0.999,34,0.3898747242927551,0.8595005753560155,85.86,29,100,54410,15.360018253326416,15.348731279373169,0.01128697395324707,0.010648727416992188,122.98095703125,3
FedHST,FashionMNIST,0.5,0.9,0.999,35,0.3766497137069702,0.8661996376736679,86.64,27,100,54410,13.36436414718628,13.353692531585693,0.010671615600585938,0.010005712509155273,122.98095703125,3
FedHST,FashionMNIST,0.5,0.9,0.999,36,0.3760545801877975,0.8659953931952235,86.82,26,100,54410,14.073062658309937,14.062103509902954,0.010959148406982422,0.010340690612792969,122.98095703125,3
FedHST,FashionMNIST,0.5,0.9,0.999,37,0.39581853165626524,0.8588534865371533,86.39,22,100,54410,11.229543209075928,11.219076871871948,0.010466337203979492,0.009768962860107422,122.98095703125,3
FedHST,FashionMNIST,0.5,0.9,0.999,38,0.434923259973526,0.8371183524645754,84.7,25,100,54410,9.005550146102905,8.996015548706055,0.009534597396850586,0.009005546569824219,122.98095703125,3
FedHST,FashionMNIST,0.5,0.9,0.999,39,0.47032329165935516,0.8209232951562487,83.51,27,100,54410,13.38707971572876,13.374674558639526,0.012405157089233398,0.011658668518066406,122.98095703125,3
FedHST,FashionMNIST,0.5,0.9,0.999,40,0.4562059275150299,0.8267905223357536,84.02,27,100,54410,11.69027853012085,11.678245782852173,0.012032747268676758,0.011435747146606445,122.98095703125,3
FedHST,FashionMNIST,0.5,0.9,0.999,41,0.41245899085998533,0.8441899962622301,85.43,26,100,54410,11.95204758644104,11.940733194351196,0.01131439208984375,0.010746002197265625,122.98095703125,3
FedHST,FashionMNIST,0.5,0.9,0.999,42,0.3749810322761536,0.8625831756302549,86.81,28,100,54410,12.033868312835693,12.021849155426025,0.012019157409667969,0.01145792007446289,122.98095703125,3
FedHST,FashionMNIST,0.5,0.9,0.999,43,0.35969391179084775,0.8716987045500895,87.39,26,100,54410,11.55879545211792,11.547276020050049,0.011519432067871094,0.010859966278076172,122.98095703125,3
FedHST,FashionMNIST,0.5,0.9,0.999,44,0.3671382259607315,0.8681221961663163,86.95,29,100,54410,14.927076816558838,14.914699792861938,0.012377023696899414,0.011748075485229492,122.98095703125,3
FedHST,FashionMNIST,0.5,0.9,0.999,45,0.37626093533039096,0.8654868075824952,86.6,26,100,54410,7.965930700302124,7.955724477767944,0.010206222534179688,0.009584903717041016,122.98095703125,3
FedHST,FashionMNIST,0.5,0.9,0.999,46,0.3746104963302612,0.8652173466007745,86.54,30,100,54410,13.111976861953735,13.100280046463013,0.011696815490722656,0.011034965515136719,122.98095703125,3
FedHST,FashionMNIST,0.5,0.9,0.999,47,0.36703242881298065,0.8692401636571905,86.97,27,100,54410,10.2023184299469,10.191327810287476,0.010990619659423828,0.010431528091430664,122.98095703125,3
FedHST,FashionMNIST,0.5,0.9,0.999,48,0.3601360213279724,0.8709443854671204,87.21,27,100,54410,13.205471992492676,13.194515466690063,0.010956525802612305,0.010401487350463867,122.98095703125,3
FedHST,FashionMNIST,0.5,0.9,0.999,49,0.35450228190422056,0.8733334576925375,87.5,25,100,54410,10.150623798370361,10.139483451843262,0.01114034652709961,0.010532855987548828,122.98095703125,3
FedHST,FashionMNIST,0.5,0.9,0.999,50,0.3511095034122467,0.8760040877403341,87.8,30,100,54410,11.868196487426758,11.855722188949585,0.012474298477172852,0.01189112663269043,122.98095703125,3
FedAdam,FashionMNIST,,0.9,0.999,1,3.818468882751465,0.14376548488077795,24.05,30,100,54410,25.391124725341797,25.382188081741333,0.008936643600463867,,122.7568359375,5
FedAdam,FashionMNIST,,0.9,0.999,2,2.044840558242798,0.4499911187358558,51.35,26,100,54410,18.65369987487793,18.646222829818726,0.0074770450592041016,,122.7568359375,5
FedAdam,FashionMNIST,,0.9,0.999,3,1.5619708408355713,0.6438241344083357,67.72,30,100,54410,23.132726669311523,23.12397027015686,0.008756399154663086,,122.966796875,5
FedAdam,FashionMNIST,,0.9,0.999,4,1.3327653472900391,0.550845676214619,59.64,23,100,54410,14.003767251968384,13.997367143630981,0.006400108337402344,,122.966796875,5
FedAdam,FashionMNIST,,0.9,0.999,5,0.7340105536460877,0.7392462364751383,74.74,26,100,54410,17.678886651992798,17.671974420547485,0.0069122314453125,,122.966796875,5
FedAdam,FashionMNIST,,0.9,0.999,6,1.2705227241516113,0.6529735610428327,69.67,24,100,54410,20.273862838745117,20.26736569404602,0.00649714469909668,,122.966796875,5
FedAdam,FashionMNIST,,0.9,0.999,7,1.1907479685783386,0.6885165099586823,72.12,28,100,54410,21.279787063598633,21.27151870727539,0.008268356323242188,,122.966796875,5
FedAdam,FashionMNIST,,0.9,0.999,8,0.6200102141141891,0.8014705657990111,80.23,24,100,54410,16.31238317489624,16.305591583251953,0.006791591644287109,,122.966796875,5
FedAdam,FashionMNIST,,0.9,0.999,9,0.8029357189178467,0.7828127821891607,78.46,25,100,54410,16.82725763320923,16.819592475891113,0.007665157318115234,,122.966796875,5
FedAdam,FashionMNIST,,0.9,0.999,10,0.8895536972999573,0.768395319198955,77.79,20,100,54410,13.016597032546997,13.01067304611206,0.0059239864349365234,,122.966796875,5
FedAdam,FashionMNIST,,0.9,0.999,11,0.7147331012487411,0.7980832510255218,80.72,20,100,54410,10.31600832939148,10.310411214828491,0.005597114562988281,,122.966796875,5
FedAdam,FashionMNIST,,0.9,0.999,12,0.5969084264278411,0.8153680224434476,82.8,30,100,54410,21.156919240951538,21.14885115623474,0.008068084716796875,,122.966796875,5
FedAdam,FashionMNIST,,0.9,0.999,13,0.5737097764968873,0.8127318910267334,81.94,29,100,54410,19.86676597595215,19.858616590499878,0.008149385452270508,,122.966796875,5
FedAdam,FashionMNIST,,0.9,0.999,14,0.551028989815712,0.811818816662667,81.57,22,100,54410,19.518114805221558,19.512341022491455,0.005773782730102539,,122.966796875,5
FedAdam,FashionMNIST,,0.9,0.999,15,0.4749787512779236,0.833241603903858,83.64,28,100,54410,20.882912635803223,20.876327753067017,0.006584882736206055,,122.966796875,5
FedAdam,FashionMNIST,,0.9,0.999,16,0.4658434263467789,0.835425162075104,84.53,28,100,54410,24.06095838546753,24.053143739700317,0.007814645767211914,,122.966796875,5
FedAdam,FashionMNIST,,0.9,0.999,17,0.5055298681020737,0.8199396024819852,83.28,26,100,54410,22.802146673202515,22.794766902923584,0.007379770278930664,,122.966796875,5
FedAdam,FashionMNIST,,0.9,0.999,18,0.4923970594167709,0.821184210244341,82.28,21,100,54410,16.075982570648193,16.069704055786133,0.006278514862060547,,122.966796875,5
FedAdam,FashionMNIST,,0.9,0.999,19,0.501187514257431,0.8148203284646384,81.22,28,100,54410,25.12004852294922,25.111979722976685,0.00806879997253418,,122.966796875,5
FedAdam,FashionMNIST,,0.9,0.999,20,0.5226926609039306,0.8115021294514235,80.51,28,100,54410,19.440393447875977,19.432258367538452,0.008135080337524414,,122.966796875,5
FedAdam,FashionMNIST,,0.9,0.999,21,0.5032369719028473,0.8199387228341445,82.45,24,100,54410,21.079303741455078,21.072674036026,0.0066297054290771484,,122.966796875,5
FedAdam,FashionMNIST,,0.9,0.999,22,0.557845298075676,0.8137010808686463,82.4,26,100,54410,18.799614429473877,18.79283857345581,0.006775856018066406,,122.966796875,5
FedAdam,FashionMNIST,,0.9,0.999,23,0.6236873704433441,0.798243495550171,81.98,28,100,54410,23.663851737976074,23.656161546707153,0.0076901912689208984,,122.966796875,5
FedAdam,FashionMNIST,,0.9,0.999,24,0.5205098541021347,0.8296725689968794,84.51,23,100,54410,15.233304500579834,15.226797103881836,0.006507396697998047,,122.966796875,5
FedAdam,FashionMNIST,,0.9,0.999,25,0.41503253557682035,0.8596208966924275,86.09,29,100,54410,18.859195232391357,18.850854873657227,0.00834035873413086,,122.966796875,5
FedAdam,FashionMNIST,,0.9,0.999,26,0.4577345561504364,0.8430516123760023,84.36,26,100,54410,21.162778854370117,21.155054569244385,0.007724285125732422,,122.966796875,5
FedAdam,FashionMNIST,,0.9,0.999,27,0.46227897086143493,0.8428769019161082,84.45,27,100,54410,19.192741870880127,19.184756994247437,0.00798487663269043,,122.966796875,5
FedAdam,FashionMNIST,,0.9,0.999,28,0.4113001623868942,0.8601064706353336,86.18,30,100,54410,24.495283365249634,24.486701726913452,0.00858163833618164,,122.966796875,5
FedAdam,FashionMNIST,,0.9,0.999,29,0.493238387799263,0.8346547631350131,84.12,25,100,54410,14.801619052886963,14.793936014175415,0.0076830387115478516,,122.966796875,5
FedAdam,FashionMNIST,,0.9,0.999,30,0.6662673861265183,0.7857677779065726,80.45,28,100,54410,19.938886642456055,19.930875539779663,0.008011102676391602,,122.966796875,5
FedAdam,FashionMNIST,,0.9,0.999,31,0.5927398339986801,0.8116789917524386,81.65,25,100,54410,16.345484256744385,16.338353395462036,0.007130861282348633,,122.966796875,5
FedAdam,FashionMNIST,,0.9,0.999,32,0.44504940605163573,0.8521513856512634,84.96,25,100,54410,15.786858797073364,15.779553174972534,0.007305622100830078,,122.966796875,5
FedAdam,FashionMNIST,,0.9,0.999,33,0.46157729020118715,0.8478183685188233,84.42,27,100,54410,23.752979516983032,23.744747161865234,0.008232355117797852,,122.966796875,5
FedAdam,FashionMNIST,,0.9,0.999,34,0.4473326311349869,0.8444302307411821,84.82,29,100,54410,24.74503445625305,24.73755407333374,0.0074803829193115234,,122.966796875,5
FedAdam,FashionMNIST,,0.9,0.999,35,0.5823190472126007,0.8129458454739649,82.76,27,100,54410,19.576682329177856,19.568829774856567,0.007852554321289062,,122.966796875,5
FedAdam,FashionMNIST,,0.9,0.999,36,0.6135915548324585,0.8042800295456498,82.52,26,100,54410,23.504881620407104,23.49763035774231,0.007251262664794922,,122.966796875,5
FedAdam,FashionMNIST,,0.9,0.999,37,0.5304941740751267,0.8275587002752243,83.8,22,100,54410,18.779900312423706,18.773711681365967,0.006188631057739258,,122.966796875,5
FedAdam,FashionMNIST,,0.9,0.999,38,0.4335852813243866,0.8578247572827371,86.11,25,100,54410,15.376319646835327,15.369410037994385,0.006909608840942383,,122.966796875,5
FedAdam,FashionMNIST,,0.9,0.999,39,0.3899102835893631,0.8682877708152429,86.91,27,100,54410,20.421685695648193,20.41521716117859,0.006468534469604492,,122.966796875,5
FedAdam,FashionMNIST,,0.9,0.999,40,0.40531537392139433,0.8642436118214751,86.27,27,100,54410,19.899154901504517,19.89117169380188,0.007983207702636719,,122.966796875,5
FedAdam,FashionMNIST,,0.9,0.999,41,0.42081698179245,0.8601198272395315,85.88,26,100,54410,22.873844385147095,22.865915536880493,0.007928848266601562,,122.966796875,5
FedAdam,FashionMNIST,,0.9,0.999,42,0.39920444278717043,0.8677309987103003,86.82,28,100,54410,20.551509618759155,20.543435096740723,0.008074522018432617,,122.966796875,5
FedAdam,FashionMNIST,,0.9,0.999,43,0.40386900732517245,0.8660211541839253,86.95,26,100,54410,16.95834469795227,16.95095157623291,0.0073931217193603516,,122.966796875,5
FedAdam,FashionMNIST,,0.9,0.999,44,0.5124847292900085,0.8361215959650592,84.68,29,100,54410,24.205015420913696,24.197245121002197,0.0077702999114990234,,122.966796875,5
FedAdam,FashionMNIST,,0.9,0.999,45,0.5433601088523865,0.8278001971604318,83.92,26,100,54410,13.444368839263916,13.436676740646362,0.007692098617553711,,122.966796875,5
FedAdam,FashionMNIST,,0.9,0.999,46,0.4643541583180428,0.8511416556854587,85.61,30,100,54410,22.307331323623657,22.29885506629944,0.00847625732421875,,122.966796875,5
FedAdam,FashionMNIST,,0.9,0.999,47,0.38570114974975583,0.872591777764946,87.29,27,100,54410,18.940640449523926,18.93342399597168,0.007216453552246094,,122.966796875,5
FedAdam,FashionMNIST,,0.9,0.999,48,0.39735434467792513,0.8715022127046803,87.0,27,100,54410,21.702027797698975,21.695281982421875,0.006745815277099609,,122.966796875,5
FedAdam,FashionMNIST,,0.9,0.999,49,0.4472404823064804,0.8558087851512035,85.53,25,100,54410,16.06381130218506,16.056597471237183,0.0072138309478759766,,122.966796875,5
FedAdam,FashionMNIST,,0.9,0.999,50,0.41425958905220034,0.8674119853273494,86.69,30,100,54410,20.926459074020386,20.9194917678833,0.006967306137084961,,122.966796875,5
FedHST,FashionMNIST,0.5,0.9,0.999,1,2.0596381591796873,0.17098626744256934,25.66,30,100,54410,25.127606868743896,25.11461043357849,0.012996435165405273,0.012368202209472656,122.7568359375,5
FedHST,FashionMNIST,0.5,0.9,0.999,2,1.645898608970642,0.3433284791149923,43.99,26,100,54410,18.647077798843384,18.636271238327026,0.010806560516357422,0.010209798812866211,122.7568359375,5
FedHST,FashionMNIST,0.5,0.9,0.999,3,1.3074950521469115,0.4395169223231024,50.95,30,100,54410,22.11952042579651,22.1073899269104,0.012130498886108398,0.011505842208862305,122.98046875,5
FedHST,FashionMNIST,0.5,0.9,0.999,4,1.0059835388183593,0.5615134280837283,60.58,23,100,54410,13.713031530380249,13.703950881958008,0.009080648422241211,0.008515357971191406,122.98046875,5
FedHST,FashionMNIST,0.5,0.9,0.999,5,0.7710039617538452,0.7202271103131109,73.87,26,100,54410,17.09616446495056,17.085434198379517,0.010730266571044922,0.010120868682861328,122.98046875,5
FedHST,FashionMNIST,0.5,0.9,0.999,6,0.672482451915741,0.7596632086330998,77.44,24,100,54410,21.65103554725647,21.640735864639282,0.0102996826171875,0.009680509567260742,122.98046875,5
FedHST,FashionMNIST,0.5,0.9,0.999,7,0.685876995754242,0.7307697126807653,75.34,28,100,54410,22.039039134979248,22.027785778045654,0.01125335693359375,0.010610342025756836,122.98046875,5
FedHST,FashionMNIST,0.5,0.9,0.999,8,0.6621018899917602,0.7312232272918207,75.21,24,100,54410,18.70842671394348,18.69794511795044,0.010481595993041992,0.009892702102661133,122.98046875,5
FedHST,FashionMNIST,0.5,0.9,0.999,9,0.6444243230342865,0.736814998078137,75.33,25,100,54410,16.519933700561523,16.508345365524292,0.011588335037231445,0.010866880416870117,122.98046875,5
FedHST,FashionMNIST,0.5,0.9,0.999,10,0.6579361602306366,0.7316609310725826,74.62,20,100,54410,14.057581901550293,14.049376964569092,0.008204936981201172,0.007596254348754883,122.98046875,5
FedHST,FashionMNIST,0.5,0.9,0.999,11,0.6661958166122437,0.7327981178208995,74.64,20,100,54410,10.476215362548828,10.467200756072998,0.009014606475830078,0.008414268493652344,122.98046875,5
FedHST,FashionMNIST,0.5,0.9,0.999,12,0.6803144281864166,0.7314901566292256,74.58,30,100,54410,21.50425696372986,21.49162530899048,0.012631654739379883,0.011978626251220703,122.98046875,5
FedHST,FashionMNIST,0.5,0.9,0.999,13,0.6541801694393158,0.744845475627508,75.83,29,100,54410,20.1374192237854,20.124966382980347,0.012452840805053711,0.011884927749633789,122.98046875,5
FedHST,FashionMNIST,0.5,0.9,0.999,14,0.6049597181797027,0.7729846155173586,78.52,22,100,54410,17.78048300743103,17.769850730895996,0.01063227653503418,0.009932756423950195,122.98046875,5
FedHST,FashionMNIST,0.5,0.9,0.999,15,0.5654807690620423,0.7903546915843338,80.39,28,100,54410,22.53474187850952,22.522261381149292,0.012480497360229492,0.011800765991210938,122.98046875,5
FedHST,FashionMNIST,0.5,0.9,0.999,16,0.535277185344696,0.8049803095438837,81.9,28,100,54410,26.252634286880493,26.239784717559814,0.012849569320678711,0.012169361114501953,122.98046875,5
FedHST,FashionMNIST,0.5,0.9,0.999,17,0.5240607720375061,0.8146521233730638,82.64,26,100,54410,20.943236351013184,20.93132257461548,0.011913776397705078,0.011248111724853516,122.98046875,5
FedHST,FashionMNIST,0.5,0.9,0.999,18,0.5100895965576172,0.8193111510568292,82.75,21,100,54410,16.20545506477356,16.19568419456482,0.009770870208740234,0.009162664413452148,122.98046875,5
FedHST,FashionMNIST,0.5,0.9,0.999,19,0.49360306248664854,0.8263499143719699,83.02,28,100,54410,22.80368947982788,22.791090488433838,0.012598991394042969,0.011974573135375977,122.98046875,5
FedHST,FashionMNIST,0.5,0.9,0.999,20,0.45738469145298005,0.8412340154279783,84.16,28,100,54410,17.8438241481781,17.832656145095825,0.01116800308227539,0.010647296905517578,122.98046875,5
FedHST,FashionMNIST,0.5,0.9,0.999,21,0.44142805314064026,0.8468840271764334,84.56,24,100,54410,22.270766735076904,22.259889125823975,0.010877609252929688,0.010280847549438477,122.98046875,5
FedHST,FashionMNIST,0.5,0.9,0.999,22,0.43761542567014694,0.8448871683310873,84.25,26,100,54410,19.57779097557068,19.5666720867157,0.011118888854980469,0.01047062873840332,122.98046875,5
FedHST,FashionMNIST,0.5,0.9,0.999,23,0.4428751312613487,0.8441548933148763,84.35,28,100,54410,26.059462308883667,26.049012184143066,0.010450124740600586,0.00985860824584961,122.98046875,5
FedHST,FashionMNIST,0.5,0.9,0.999,24,0.44860228686332704,0.8433958651515653,84.45,23,100,54410,14.059174537658691,14.04938530921936,0.009789228439331055,0.009206533432006836,122.98046875,5
FedHST,FashionMNIST,0.5,0.9,0.999,25,0.469914831161499,0.8366392611716806,83.92,29,100,54410,18.347413063049316,18.334627866744995,0.012785196304321289,0.012163877487182617,122.98046875,5
FedHST,FashionMNIST,0.5,0.9,0.999,26,0.49618325080871584,0.8274559032839972,83.47,26,100,54410,20.28578782081604,20.274450063705444,0.011337757110595703,0.010718584060668945,122.98046875,5
FedHST,FashionMNIST,0.5,0.9,0.999,27,0.48679273653030397,0.8265329714305716,83.7,27,100,54410,19.361729383468628,19.350185871124268,0.011543512344360352,0.010967016220092773,122.98046875,5
FedHST,FashionMNIST,0.5,0.9,0.999,28,0.46428550627231596,0.835813403469191,84.73,30,100,54410,25.050992250442505,25.03955101966858,0.011441230773925781,0.01088404655456543,122.98095703125,5
FedHST,FashionMNIST,0.5,0.9,0.999,29,0.4426096253633499,0.8416193551984661,85.29,25,100,54410,13.453305721282959,13.443289756774902,0.01001596450805664,0.00943899154663086,122.98095703125,5
FedHST,FashionMNIST,0.5,0.9,0.999,30,0.43394025785923,0.8428506151824454,85.33,28,100,54410,18.691718816757202,18.679917573928833,0.01180124282836914,0.011123418807983398,122.98095703125,5
FedHST,FashionMNIST,0.5,0.9,0.999,31,0.4222928882360458,0.8503719301523482,85.64,25,100,54410,16.098232746124268,16.087059020996094,0.011173725128173828,0.01056814193725586,122.98095703125,5
FedHST,FashionMNIST,0.5,0.9,0.999,32,0.39358928921222686,0.8607218971013861,86.24,25,100,54410,15.681853771209717,15.671329259872437,0.010524511337280273,0.009951591491699219,122.98095703125,5
FedHST,FashionMNIST,0.5,0.9,0.999,33,0.38379272916316987,0.8638433094963162,86.37,27,100,54410,22.455573797225952,22.443288564682007,0.012285232543945312,0.01158905029296875,122.98095703125,5
FedHST,FashionMNIST,0.5,0.9,0.999,34,0.3736636338472366,0.8669359301122499,86.64,29,100,54410,24.942341327667236,24.929213285446167,0.013128042221069336,0.01245570182800293,122.98095703125,5
FedHST,FashionMNIST,0.5,0.9,0.999,35,0.36387145087718964,0.8696749358016186,87.0,27,100,54410,22.293555736541748,22.28120994567871,0.01234579086303711,0.011658668518066406,122.98095703125,5
FedHST,FashionMNIST,0.5,0.9,0.999,36,0.3670765268087387,0.8687660659019952,87.07,26,100,54410,23.77902388572693,23.766916275024414,0.012107610702514648,0.011442184448242188,122.98095703125,5
FedHST,FashionMNIST,0.5,0.9,0.999,37,0.3880740276098251,0.8615151443170154,86.52,22,100,54410,21.41321301460266,21.402299642562866,0.010913372039794922,0.010230541229248047,122.98095703125,5
FedHST,FashionMNIST,0.5,0.9,0.999,38,0.4246959865808487,0.8455471158216465,85.29,25,100,54410,16.01784896850586,16.006283283233643,0.011565685272216797,0.010913848876953125,122.98095703125,5
FedHST,FashionMNIST,0.5,0.9,0.999,39,0.45870457043647767,0.8303395744035601,84.19,27,100,54410,21.40299367904663,21.391443014144897,0.011550664901733398,0.010947942733764648,122.98095703125,5
FedHST,FashionMNIST,0.5,0.9,0.999,40,0.4455743884563446,0.836448994228675,84.87,27,100,54410,21.720045804977417,21.708324909210205,0.011720895767211914,0.01103520393371582,122.98095703125,5
FedHST,FashionMNIST,0.5,0.9,0.999,41,0.40901441268920896,0.8528222408369004,86.23,26,100,54410,22.38555669784546,22.37277889251709,0.01277780532836914,0.011987686157226562,122.98095703125,5
FedHST,FashionMNIST,0.5,0.9,0.999,42,0.38722969036102295,0.8615627371987588,86.79,28,100,54410,21.711849212646484,21.694833517074585,0.017015695571899414,0.01625370979309082,122.98095703125,5
FedHST,FashionMNIST,0.5,0.9,0.999,43,0.3838155985593796,0.862293566604793,86.64,26,100,54410,17.984490633010864,17.973039627075195,0.011451005935668945,0.0108184814453125,122.98095703125,5
FedHST,FashionMNIST,0.5,0.9,0.999,44,0.3945204622507095,0.859643372300979,86.31,29,100,54410,24.663806676864624,24.650886058807373,0.012920618057250977,0.012256860733032227,122.98095703125,5
FedHST,FashionMNIST,0.5,0.9,0.999,45,0.39522796931266785,0.8615559924295864,86.39,26,100,54410,15.188913345336914,15.176987171173096,0.01192617416381836,0.011290550231933594,122.98095703125,5
FedHST,FashionMNIST,0.5,0.9,0.999,46,0.38382146809101103,0.8657607657180331,86.74,30,100,54410,25.453895330429077,25.43993353843689,0.0139617919921875,0.013240575790405273,122.98095703125,5
FedHST,FashionMNIST,0.5,0.9,0.999,47,0.3706359318971634,0.8707327158280765,87.23,27,100,54410,18.24083423614502,18.230292797088623,0.010541439056396484,0.00989532470703125,122.98095703125,5
FedHST,FashionMNIST,0.5,0.9,0.999,48,0.3618289511680603,0.8726338130465523,87.44,27,100,54410,24.70882225036621,24.69684386253357,0.011978387832641602,0.011240482330322266,122.98095703125,5
FedHST,FashionMNIST,0.5,0.9,0.999,49,0.35656759536266325,0.8727716135544071,87.46,25,100,54410,17.106737852096558,17.09449315071106,0.012244701385498047,0.011519432067871094,122.98095703125,5
FedHST,FashionMNIST,0.5,0.9,0.999,50,0.3515859034061432,0.8748144421027071,87.66,30,100,54410,21.556389570236206,21.543492317199707,0.012897253036499023,0.012258768081665039,122.98095703125,5
