Algorithm,Dataset,Gamma,Beta1,Beta2,Round,Global_Validation_Loss,F1_Score,Top1_Accuracy_Percent,Num_Selected_Clients,Num_Total_Clients,Num_Model_Params,Round_Time_Sec,Client_Time_Sec,Server_Time_Sec,Spatial_Var_Time_Sec,Peak_Memory_MB,Num_Clients_Config
FedAdam,FashionMNIST,,0.9,0.999,1,8.395093341064452,0.12189907014043302,23.12,6,20,54410,3.390934705734253,3.3884100914001465,0.0025246143341064453,,84.3037109375,20
FedAdam,FashionMNIST,,0.9,0.999,2,5.670743678283691,0.22542100780031954,31.93,6,20,54410,5.000406980514526,4.997615098953247,0.002791881561279297,,84.513671875,20
FedAdam,FashionMNIST,,0.9,0.999,3,3.517290214538574,0.3806917573314487,49.2,4,20,54410,2.8938708305358887,2.8918278217315674,0.002043008804321289,,84.513671875,20
FedAdam,FashionMNIST,,0.9,0.999,4,2.4078695417404177,0.5875242397841158,62.37,6,20,54410,3.90214467048645,3.899075984954834,0.003068685531616211,,84.513671875,20
FedAdam,FashionMNIST,,0.9,0.999,5,1.9632703483581544,0.5265276025136856,58.33,5,20,54410,3.893000602722168,3.890300989151001,0.002699613571166992,,84.513671875,20
FedAdam,FashionMNIST,,0.9,0.999,6,1.7735834085464477,0.5693158406832554,62.23,4,20,54410,3.07661509513855,3.074047088623047,0.0025680065155029297,,84.513671875,20
FedAdam,FashionMNIST,,0.9,0.999,7,0.9703527868270874,0.6242254632360286,66.46,5,20,54410,4.382546901702881,4.380003929138184,0.0025429725646972656,,84.513671875,20
FedAdam,FashionMNIST,,0.9,0.999,8,1.827964769744873,0.5063010037907782,56.85,6,20,54410,3.504457712173462,3.502106189727783,0.002351522445678711,,84.513671875,20
FedAdam,FashionMNIST,,0.9,0.999,9,0.8672673996210098,0.7274314549110488,76.35,5,20,54410,3.2110812664031982,3.2087743282318115,0.0023069381713867188,,84.513671875,20
FedAdam,FashionMNIST,,0.9,0.999,10,1.5567830352783203,0.6609098437680441,70.72,6,20,54410,3.7684106826782227,3.765353202819824,0.0030574798583984375,,84.513671875,20
FedAdam,FashionMNIST,,0.9,0.999,11,1.3052791104316712,0.6683341316230343,71.33,5,20,54410,4.707144021987915,4.704403638839722,0.0027403831481933594,,84.513671875,20
FedAdam,FashionMNIST,,0.9,0.999,12,1.1941568037033081,0.6857536328794498,70.91,4,20,54410,1.657017469406128,1.654604434967041,0.002413034439086914,,84.513671875,20
FedAdam,FashionMNIST,,0.9,0.999,13,0.7150370038986206,0.7729524775350481,77.04,4,20,54410,2.139279365539551,2.137248992919922,0.0020303726196289062,,84.513671875,20
FedAdam,FashionMNIST,,0.9,0.999,14,0.7823893259048462,0.7428825696921523,75.7,6,20,54410,4.616216659545898,4.613403081893921,0.002813577651977539,,84.513671875,20
FedAdam,FashionMNIST,,0.9,0.999,15,0.7932809733390808,0.7410530270793032,76.88,5,20,54410,3.567483901977539,3.5647120475769043,0.0027718544006347656,,84.513671875,20
FedAdam,FashionMNIST,,0.9,0.999,16,0.7115070839881897,0.7509526346470607,77.09,5,20,54410,3.790585994720459,3.7877695560455322,0.002816438674926758,,84.513671875,20
FedAdam,FashionMNIST,,0.9,0.999,17,0.5773075845718384,0.8009300002403027,80.27,6,20,54410,3.8659133911132812,3.8629839420318604,0.0029294490814208984,,84.513671875,20
FedAdam,FashionMNIST,,0.9,0.999,18,0.7910961581230164,0.7285710702499284,71.7,4,20,54410,2.358823299407959,2.3563969135284424,0.0024263858795166016,,84.513671875,20
FedAdam,FashionMNIST,,0.9,0.999,19,1.5395689748764039,0.5080140152150678,55.97,4,20,54410,4.213883876800537,4.211411237716675,0.0024726390838623047,,84.513671875,20
FedAdam,FashionMNIST,,0.9,0.999,20,1.5223000724792481,0.5698643553070674,61.36,6,20,54410,3.380544662475586,3.3778250217437744,0.0027196407318115234,,84.513671875,20
FedAdam,FashionMNIST,,0.9,0.999,21,1.2915144901275635,0.6493562359173748,69.4,4,20,54410,2.500525951385498,2.498051404953003,0.002474546432495117,,84.513671875,20
FedAdam,FashionMNIST,,0.9,0.999,22,1.075558427333832,0.6654950848178507,71.63,4,20,54410,3.277513027191162,3.275259494781494,0.0022535324096679688,,84.513671875,20
FedAdam,FashionMNIST,,0.9,0.999,23,0.8239047184944153,0.7396310261884355,76.31,4,20,54410,2.677577018737793,2.6752610206604004,0.002315998077392578,,84.513671875,20
FedAdam,FashionMNIST,,0.9,0.999,24,0.711277555513382,0.7681616977540506,77.96,4,20,54410,3.5059988498687744,3.5035839080810547,0.0024149417877197266,,84.513671875,20
FedAdam,FashionMNIST,,0.9,0.999,25,0.9501808929920197,0.7159100473111837,74.15,5,20,54410,4.421249866485596,4.418390512466431,0.002859354019165039,,84.513671875,20
FedAdam,FashionMNIST,,0.9,0.999,26,1.7090363204956054,0.6560935978356232,68.77,5,20,54410,4.180921316146851,4.178118467330933,0.0028028488159179688,,84.513671875,20
FedAdam,FashionMNIST,,0.9,0.999,27,1.1181574407577515,0.687961824051294,71.33,4,20,54410,1.7015974521636963,1.6991684436798096,0.0024290084838867188,,84.513671875,20
FedAdam,FashionMNIST,,0.9,0.999,28,0.5669766198635101,0.8164577161063274,81.47,6,20,54410,3.217463493347168,3.214855909347534,0.002607583999633789,,84.513671875,20
FedAdam,FashionMNIST,,0.9,0.999,29,0.6442368579387665,0.7959383358396378,80.09,5,20,54410,3.028581380844116,3.0257246494293213,0.002856731414794922,,84.513671875,20
FedAdam,FashionMNIST,,0.9,0.999,30,0.9975276970863343,0.6992495160901765,73.32,4,20,54410,2.8143346309661865,2.8117051124572754,0.002629518508911133,,84.513671875,20
FedAdam,FashionMNIST,,0.9,0.999,31,1.5030635108947754,0.6477982535577661,70.91,6,20,54410,4.715678453445435,4.712908983230591,0.00276947021484375,,84.513671875,20
FedAdam,FashionMNIST,,0.9,0.999,32,0.8183747197628021,0.7769105396376464,80.47,4,20,54410,2.136258363723755,2.1337835788726807,0.0024747848510742188,,84.513671875,20
FedAdam,FashionMNIST,,0.9,0.999,33,0.9433187883853912,0.7430409704397329,76.75,6,20,54410,3.252537727355957,3.2497406005859375,0.0027971267700195312,,84.513671875,20
FedAdam,FashionMNIST,,0.9,0.999,34,1.2325131614208222,0.7057751701354152,72.9,4,20,54410,1.4931848049163818,1.4908137321472168,0.002371072769165039,,84.513671875,20
FedAdam,FashionMNIST,,0.9,0.999,35,1.2847631067276002,0.7110960982151352,72.35,5,20,54410,3.24601149559021,3.2432620525360107,0.0027494430541992188,,84.513671875,20
FedAdam,FashionMNIST,,0.9,0.999,36,1.1463773371696473,0.7084479998633773,72.51,4,20,54410,3.5221474170684814,3.5197508335113525,0.0023965835571289062,,84.513671875,20
FedAdam,FashionMNIST,,0.9,0.999,37,1.024296632194519,0.7237161603164218,75.74,4,20,54410,2.5934178829193115,2.5906460285186768,0.0027718544006347656,,84.513671875,20
FedAdam,FashionMNIST,,0.9,0.999,38,1.6292023246765137,0.6014811632631978,65.85,5,20,54410,4.715683698654175,4.7128987312316895,0.0027849674224853516,,84.513671875,20
FedAdam,FashionMNIST,,0.9,0.999,39,2.3217111473083496,0.5973700257658437,64.86,4,20,54410,3.347094774246216,3.3449912071228027,0.002103567123413086,,84.513671875,20
FedAdam,FashionMNIST,,0.9,0.999,40,2.3671800453186034,0.6322697541672209,68.1,4,20,54410,3.1421937942504883,3.140185832977295,0.0020079612731933594,,84.513671875,20
FedAdam,FashionMNIST,,0.9,0.999,41,2.4450346061706543,0.6306477058633371,68.32,4,20,54410,2.911044120788574,2.9085500240325928,0.0024940967559814453,,84.513671875,20
FedAdam,FashionMNIST,,0.9,0.999,42,1.016396461892128,0.7383370950768666,75.25,4,20,54410,2.1680777072906494,2.1659884452819824,0.002089262008666992,,84.513671875,20
FedAdam,FashionMNIST,,0.9,0.999,43,0.8568531828403473,0.766494383235886,77.39,4,20,54410,3.3959195613861084,3.3934695720672607,0.0024499893188476562,,84.513671875,20
FedAdam,FashionMNIST,,0.9,0.999,44,1.963845643901825,0.679944986263243,70.26,5,20,54410,4.914052724838257,4.911365270614624,0.0026874542236328125,,84.513671875,20
FedAdam,FashionMNIST,,0.9,0.999,45,2.742223934173584,0.6530295589200359,67.46,5,20,54410,4.144014358520508,4.141203165054321,0.0028111934661865234,,84.513671875,20
FedAdam,FashionMNIST,,0.9,0.999,46,2.841021210193634,0.6413117778678697,67.05,4,20,54410,3.6383914947509766,3.6361184120178223,0.002273082733154297,,84.513671875,20
FedAdam,FashionMNIST,,0.9,0.999,47,2.486680755519867,0.6562181593432814,69.14,6,20,54410,6.1048524379730225,6.101985692977905,0.0028667449951171875,,84.513671875,20
FedAdam,FashionMNIST,,0.9,0.999,48,1.8804421245574952,0.6875754884854828,72.32,6,20,54410,3.388953685760498,3.38629412651062,0.0026595592498779297,,84.513671875,20
FedAdam,FashionMNIST,,0.9,0.999,49,1.2660697978019715,0.744351912181792,76.55,4,20,54410,2.4327430725097656,2.4305531978607178,0.0021898746490478516,,84.513671875,20
FedAdam,FashionMNIST,,0.9,0.999,50,1.0322246480464936,0.7392638426416023,74.9,5,20,54410,2.5931801795959473,2.5906527042388916,0.002527475357055664,,84.513671875,20
FedHST,FashionMNIST,0.5,0.9,0.999,1,2.809096427154541,0.12331691011850074,19.37,6,20,54410,3.446337938308716,3.44236159324646,0.003976345062255859,0.003372669219970703,84.3037109375,20
FedHST,FashionMNIST,0.5,0.9,0.999,2,3.3241389987945555,0.18212931227692947,32.03,6,20,54410,5.123241186141968,5.11998438835144,0.0032567977905273438,0.0027387142181396484,84.517578125,20
FedHST,FashionMNIST,0.5,0.9,0.999,3,3.741940604019165,0.2616893983098135,38.28,4,20,54410,3.2269604206085205,3.2240195274353027,0.0029408931732177734,0.002323627471923828,84.517578125,20
FedHST,FashionMNIST,0.5,0.9,0.999,4,3.5528719223022462,0.35471337037747197,46.47,6,20,54410,4.281585693359375,4.278210401535034,0.0033752918243408203,0.002857208251953125,84.517578125,20
FedHST,FashionMNIST,0.5,0.9,0.999,5,2.953570820236206,0.5267568582884739,59.18,5,20,54410,4.461219310760498,4.457764625549316,0.0034546852111816406,0.002875089645385742,84.517578125,20
FedHST,FashionMNIST,0.5,0.9,0.999,6,2.5047940032958986,0.5354656846816546,60.19,4,20,54410,2.905982255935669,2.902768611907959,0.003213644027709961,0.002627134323120117,84.517578125,20
FedHST,FashionMNIST,0.5,0.9,0.999,7,2.139809425354004,0.5004714737412332,58.54,5,20,54410,4.263446807861328,4.260168790817261,0.003278017044067383,0.0027379989624023438,84.517578125,20
FedHST,FashionMNIST,0.5,0.9,0.999,8,2.2939490461349488,0.5478234155357394,63.91,6,20,54410,3.485583543777466,3.481764316558838,0.0038192272186279297,0.003305196762084961,84.517578125,20
FedHST,FashionMNIST,0.5,0.9,0.999,9,1.4264095316886902,0.6337437615790463,69.41,5,20,54410,3.125598192214966,3.1216509342193604,0.003947257995605469,0.0032956600189208984,84.517578125,20
FedHST,FashionMNIST,0.5,0.9,0.999,10,1.7042377592086793,0.6046644787461648,65.68,6,20,54410,3.5487477779388428,3.5447521209716797,0.003995656967163086,0.003368854522705078,84.517578125,20
FedHST,FashionMNIST,0.5,0.9,0.999,11,1.9682987659454345,0.5686404739559243,61.39,5,20,54410,4.208149671554565,4.2049241065979,0.003225564956665039,0.0027379989624023438,84.517578125,20
FedHST,FashionMNIST,0.5,0.9,0.999,12,1.8128355434417724,0.6246952157760892,66.72,4,20,54410,1.4920451641082764,1.488893985748291,0.0031511783599853516,0.0025920867919921875,84.517578125,20
FedHST,FashionMNIST,0.5,0.9,0.999,13,1.8544546951293945,0.6380017823176635,66.76,4,20,54410,1.8494763374328613,1.8464608192443848,0.0030155181884765625,0.0025031566619873047,84.517578125,20
FedHST,FashionMNIST,0.5,0.9,0.999,14,1.7246818181991577,0.6415438950862873,67.49,6,20,54410,4.130800485610962,4.127054691314697,0.0037457942962646484,0.0031015872955322266,84.517578125,20
FedHST,FashionMNIST,0.5,0.9,0.999,15,1.4712114221572876,0.6146681959185185,66.7,5,20,54410,3.119213104248047,3.1154093742370605,0.003803730010986328,0.003208637237548828,84.517578125,20
FedHST,FashionMNIST,0.5,0.9,0.999,16,1.1842141229629517,0.6242346536290622,67.96,5,20,54410,3.2651946544647217,3.2615630626678467,0.003631591796875,0.0030281543731689453,84.517578125,20
FedHST,FashionMNIST,0.5,0.9,0.999,17,0.9389993840217591,0.696752514884819,72.16,6,20,54410,3.4218668937683105,3.417924165725708,0.003942728042602539,0.0033788681030273438,84.517578125,20
FedHST,FashionMNIST,0.5,0.9,0.999,18,0.6733393184661866,0.7704824559818036,78.14,4,20,54410,2.0638630390167236,2.060565948486328,0.003297090530395508,0.0026617050170898438,84.517578125,20
FedHST,FashionMNIST,0.5,0.9,0.999,19,0.5939396543979645,0.7955099621666925,80.21,4,20,54410,3.992870330810547,3.9902164936065674,0.002653837203979492,0.002151012420654297,84.517578125,20
FedHST,FashionMNIST,0.5,0.9,0.999,20,0.666960543346405,0.7712612357119364,78.19,6,20,54410,3.2676594257354736,3.26385235786438,0.00380706787109375,0.0032689571380615234,84.517578125,20
FedHST,FashionMNIST,0.5,0.9,0.999,21,0.6682110847949981,0.7745165702538985,78.5,4,20,54410,2.5183043479919434,2.5149428844451904,0.0033614635467529297,0.0027284622192382812,84.517578125,20
FedHST,FashionMNIST,0.5,0.9,0.999,22,0.69264016623497,0.7694067089696616,77.73,4,20,54410,3.2553887367248535,3.252187967300415,0.0032007694244384766,0.0026209354400634766,84.517578125,20
FedHST,FashionMNIST,0.5,0.9,0.999,23,0.7939851641178131,0.7419633746338262,75.36,4,20,54410,2.7488744258880615,2.74570894241333,0.0031654834747314453,0.0025742053985595703,84.517578125,20
FedHST,FashionMNIST,0.5,0.9,0.999,24,0.9109231333255767,0.7126565105937841,73.7,4,20,54410,3.1744637489318848,3.171370029449463,0.003093719482421875,0.002514362335205078,84.517578125,20
FedHST,FashionMNIST,0.5,0.9,0.999,25,0.7920026535034179,0.7431864859716214,75.85,5,20,54410,3.755378246307373,3.751709461212158,0.0036687850952148438,0.003056764602661133,84.517578125,20
FedHST,FashionMNIST,0.5,0.9,0.999,26,1.0101239701271056,0.6838921505537979,69.97,5,20,54410,4.025747537612915,4.022420883178711,0.0033266544342041016,0.002774953842163086,84.517578125,20
FedHST,FashionMNIST,0.5,0.9,0.999,27,0.9373873729705811,0.7097863179227721,71.8,4,20,54410,1.6658799648284912,1.6627318859100342,0.0031480789184570312,0.002572298049926758,84.517578125,20
FedHST,FashionMNIST,0.5,0.9,0.999,28,0.8771093328475952,0.7249841110733772,72.82,6,20,54410,3.1821229457855225,3.177903890609741,0.00421905517578125,0.003587961196899414,84.517578125,20
FedHST,FashionMNIST,0.5,0.9,0.999,29,0.7565673372268676,0.7595798406208792,76.33,5,20,54410,2.903837203979492,2.900175094604492,0.003662109375,0.0030660629272460938,84.517578125,20
FedHST,FashionMNIST,0.5,0.9,0.999,30,0.735910560798645,0.7734223514141704,77.95,4,20,54410,2.81339693069458,2.8097424507141113,0.00365447998046875,0.003064393997192383,84.517578125,20
FedHST,FashionMNIST,0.5,0.9,0.999,31,0.647401711845398,0.7978241965948607,80.18,6,20,54410,4.6307971477508545,4.627095937728882,0.0037012100219726562,0.003136873245239258,84.517578125,20
FedHST,FashionMNIST,0.5,0.9,0.999,32,0.630823775100708,0.7996948598462822,80.44,4,20,54410,2.059055805206299,2.0557892322540283,0.003266572952270508,0.002658367156982422,84.517578125,20
FedHST,FashionMNIST,0.5,0.9,0.999,33,0.6673675187587738,0.783756196703009,79.22,6,20,54410,3.2737443447113037,3.2701609134674072,0.0035834312438964844,0.002991199493408203,84.517578125,20
FedHST,FashionMNIST,0.5,0.9,0.999,34,0.7075260030269623,0.7732185006738911,78.78,4,20,54410,1.6004290580749512,1.5973317623138428,0.0030972957611083984,0.0025320053100585938,84.517578125,20
FedHST,FashionMNIST,0.5,0.9,0.999,35,0.6263690701007844,0.7954353505081487,80.63,5,20,54410,3.6199004650115967,3.616288661956787,0.0036118030548095703,0.0029816627502441406,84.517578125,20
FedHST,FashionMNIST,0.5,0.9,0.999,36,0.5354454661846161,0.8248888057276519,83.09,4,20,54410,3.447740077972412,3.4446699619293213,0.0030701160430908203,0.002568483352661133,84.517578125,20
FedHST,FashionMNIST,0.5,0.9,0.999,37,0.6684014481544495,0.7665743881077444,78.91,4,20,54410,2.238802194595337,2.235956907272339,0.002845287322998047,0.002359151840209961,84.517578125,20
FedHST,FashionMNIST,0.5,0.9,0.999,38,0.8386361360549927,0.7109347867188628,74.43,5,20,54410,3.831681251525879,3.828162670135498,0.0035185813903808594,0.0029778480529785156,84.517578125,20
FedHST,FashionMNIST,0.5,0.9,0.999,39,1.0802175508499146,0.644737661465663,69.39,4,20,54410,3.010453701019287,3.0071966648101807,0.0032570362091064453,0.0026314258575439453,84.517578125,20
FedHST,FashionMNIST,0.5,0.9,0.999,40,1.1830580490112306,0.6259795470535112,68.06,4,20,54410,2.7217700481414795,2.7183382511138916,0.0034317970275878906,0.0027539730072021484,84.517578125,20
FedHST,FashionMNIST,0.5,0.9,0.999,41,1.4192629333496094,0.6087875861186719,66.82,4,20,54410,2.5512003898620605,2.5479347705841064,0.0032656192779541016,0.0026502609252929688,84.517578125,20
FedHST,FashionMNIST,0.5,0.9,0.999,42,1.2960675116539002,0.6035044418946603,65.88,4,20,54410,1.9062275886535645,1.902895450592041,0.0033321380615234375,0.0026836395263671875,84.517578125,20
FedHST,FashionMNIST,0.5,0.9,0.999,43,0.8946610191345215,0.6957855366873702,72.35,4,20,54410,3.2129790782928467,3.2098445892333984,0.003134489059448242,0.002543210983276367,84.517578125,20
FedHST,FashionMNIST,0.5,0.9,0.999,44,0.7450313624382019,0.7365205440769387,75.77,5,20,54410,4.4434802532196045,4.4398722648620605,0.0036079883575439453,0.0029685497283935547,84.517578125,20
FedHST,FashionMNIST,0.5,0.9,0.999,45,0.7180901759624482,0.7539489340520175,76.92,5,20,54410,3.672914505004883,3.6696603298187256,0.0032541751861572266,0.0027463436126708984,84.517578125,20
FedHST,FashionMNIST,0.5,0.9,0.999,46,0.8426400812149047,0.7315353353029386,74.32,4,20,54410,3.3870632648468018,3.384104013442993,0.0029592514038085938,0.002379179000854492,84.517578125,20
FedHST,FashionMNIST,0.5,0.9,0.999,47,1.0503423334121704,0.7029656796875818,71.85,6,20,54410,6.082741975784302,6.0785298347473145,0.004212141036987305,0.0035996437072753906,84.517578125,20
FedHST,FashionMNIST,0.5,0.9,0.999,48,1.0885064010620118,0.7135941207634664,73.23,6,20,54410,3.0786380767822266,3.0743730068206787,0.0042650699615478516,0.003619670867919922,84.517578125,20
FedHST,FashionMNIST,0.5,0.9,0.999,49,1.1489693769454956,0.701504688841934,72.3,4,20,54410,2.3196754455566406,2.3167507648468018,0.002924680709838867,0.002342700958251953,84.517578125,20
FedHST,FashionMNIST,0.5,0.9,0.999,50,1.1044284566879272,0.7021285942025839,72.57,5,20,54410,2.6043386459350586,2.6009202003479004,0.003418445587158203,0.002847909927368164,84.517578125,20
FedAdam,FashionMNIST,,0.9,0.999,1,3.841627336883545,0.17306885849571113,29.8,15,50,54410,3.7752561569213867,3.77120041847229,0.00405573844909668,,98.7236328125,50
FedAdam,FashionMNIST,,0.9,0.999,2,1.7710007028579713,0.20816934756241232,33.55,11,50,54410,3.102813482284546,3.0987329483032227,0.004080533981323242,,98.7236328125,50
FedAdam,FashionMNIST,,0.9,0.999,3,1.8028756328582765,0.26955969406939456,30.7,14,50,54410,3.4798827171325684,3.475822925567627,0.004059791564941406,,98.724609375,50
FedAdam,FashionMNIST,,0.9,0.999,4,1.3336338941574097,0.43638405141898484,47.46,12,50,54410,3.2720954418182373,3.267751932144165,0.004343509674072266,,98.724609375,50
FedAdam,FashionMNIST,,0.9,0.999,5,1.5804157984733582,0.5224352517730001,55.47,14,50,54410,4.659573078155518,4.654668569564819,0.004904508590698242,,98.724609375,50
FedAdam,FashionMNIST,,0.9,0.999,6,0.8542767307281495,0.7146366815207539,72.27,11,50,54410,3.769606828689575,3.765962839126587,0.0036439895629882812,,98.724609375,50
FedAdam,FashionMNIST,,0.9,0.999,7,0.6620578854560852,0.778672107283635,78.05,14,50,54410,3.5407865047454834,3.535825252532959,0.004961252212524414,,98.724609375,50
FedAdam,FashionMNIST,,0.9,0.999,8,0.8350918796539306,0.7350418136986364,76.04,13,50,54410,3.1903574466705322,3.185746431350708,0.004611015319824219,,98.724609375,50
FedAdam,FashionMNIST,,0.9,0.999,9,0.9292601902961731,0.7241081582144631,75.35,11,50,54410,3.068073034286499,3.0641069412231445,0.003966093063354492,,98.724609375,50
FedAdam,FashionMNIST,,0.9,0.999,10,0.6552601593017578,0.7792145646332218,79.54,11,50,54410,3.2969861030578613,3.29329252243042,0.0036935806274414062,,98.724609375,50
FedAdam,FashionMNIST,,0.9,0.999,11,0.626769039773941,0.782226978644925,78.74,13,50,54410,2.5455751419067383,2.5409204959869385,0.004654645919799805,,98.724609375,50
FedAdam,FashionMNIST,,0.9,0.999,12,0.6074038498878479,0.7869914297108004,78.94,13,50,54410,3.5359859466552734,3.5313518047332764,0.00463414192199707,,98.724609375,50
FedAdam,FashionMNIST,,0.9,0.999,13,0.5821331993103027,0.7857698592398126,78.58,11,50,54410,3.403580904006958,3.399237632751465,0.004343271255493164,,98.724609375,50
FedAdam,FashionMNIST,,0.9,0.999,14,0.4756359037637711,0.8331608917462476,83.54,12,50,54410,3.6699187755584717,3.6661627292633057,0.0037560462951660156,,98.724609375,50
FedAdam,FashionMNIST,,0.9,0.999,15,0.5630370572566986,0.7925323720692005,81.32,15,50,54410,4.321278810501099,4.316161394119263,0.0051174163818359375,,98.93359375,50
FedAdam,FashionMNIST,,0.9,0.999,16,0.5073514039754867,0.8134516209093905,82.21,13,50,54410,3.387394905090332,3.383498430252075,0.003896474838256836,,98.93359375,50
FedAdam,FashionMNIST,,0.9,0.999,17,0.43267278401851655,0.8477479617283004,84.91,15,50,54410,3.580152988433838,3.5752742290496826,0.0048787593841552734,,98.93359375,50
FedAdam,FashionMNIST,,0.9,0.999,18,0.42555348892211914,0.8499886708652584,84.84,11,50,54410,3.8456313610076904,3.8412704467773438,0.00436091423034668,,98.93359375,50
FedAdam,FashionMNIST,,0.9,0.999,19,0.4861660712242126,0.8225059748884614,81.93,15,50,54410,3.740692138671875,3.735917806625366,0.004774332046508789,,98.93359375,50
FedAdam,FashionMNIST,,0.9,0.999,20,0.4808640330791473,0.8264570991273077,82.6,13,50,54410,3.815579891204834,3.811417579650879,0.004162311553955078,,98.93359375,50
FedAdam,FashionMNIST,,0.9,0.999,21,0.5146796969890595,0.8077234709771066,81.78,11,50,54410,3.7131056785583496,3.7095155715942383,0.003590106964111328,,98.93359375,50
FedAdam,FashionMNIST,,0.9,0.999,22,0.8100977629184722,0.7260232535921706,75.88,13,50,54410,4.736621379852295,4.731897830963135,0.004723548889160156,,98.93359375,50
FedAdam,FashionMNIST,,0.9,0.999,23,0.7601752009391785,0.7432153047342052,77.42,15,50,54410,4.791150808334351,4.78668999671936,0.004460811614990234,,98.93359375,50
FedAdam,FashionMNIST,,0.9,0.999,24,0.4581486031293869,0.8326876590490985,84.65,10,50,54410,2.571819543838501,2.567877769470215,0.003941774368286133,,98.93359375,50
FedAdam,FashionMNIST,,0.9,0.999,25,0.5358398010969162,0.8128724313931265,81.84,10,50,54410,3.3452141284942627,3.3415162563323975,0.0036978721618652344,,98.93359375,50
FedAdam,FashionMNIST,,0.9,0.999,26,0.7474162228107453,0.7467667886229445,75.95,15,50,54410,3.1024324893951416,3.097968339920044,0.004464149475097656,,98.93359375,50
FedAdam,FashionMNIST,,0.9,0.999,27,0.6775541825532914,0.7663900112320255,77.8,10,50,54410,2.3956735134124756,2.391793727874756,0.0038797855377197266,,98.93359375,50
FedAdam,FashionMNIST,,0.9,0.999,28,0.4947153561592102,0.8223404182520258,82.84,11,50,54410,2.7293975353240967,2.725302219390869,0.004095315933227539,,98.93359375,50
FedAdam,FashionMNIST,,0.9,0.999,29,0.6026772209644318,0.7762434988360531,78.95,11,50,54410,1.919191598892212,1.9156413078308105,0.003550291061401367,,98.93359375,50
FedAdam,FashionMNIST,,0.9,0.999,30,0.5526020891189575,0.7983673303920015,81.45,15,50,54410,3.9264650344848633,3.9217920303344727,0.004673004150390625,,98.93359375,50
FedAdam,FashionMNIST,,0.9,0.999,31,0.5006400304317474,0.834723711102043,84.08,11,50,54410,2.9189536571502686,2.915329933166504,0.0036237239837646484,,98.93359375,50
FedAdam,FashionMNIST,,0.9,0.999,32,0.44944248299598694,0.8446538156580432,84.84,10,50,54410,3.277453899383545,3.273766279220581,0.003687620162963867,,98.93359375,50
FedAdam,FashionMNIST,,0.9,0.999,33,0.4213371129989624,0.8513560913097342,85.36,12,50,54410,3.660168409347534,3.656280994415283,0.0038874149322509766,,98.93359375,50
FedAdam,FashionMNIST,,0.9,0.999,34,0.41378959040641783,0.8574954271246872,85.76,11,50,54410,2.849358081817627,2.845521926879883,0.0038361549377441406,,98.93359375,50
FedAdam,FashionMNIST,,0.9,0.999,35,0.5462043604850769,0.8145509532899204,81.03,10,50,54410,2.8432819843292236,2.8392796516418457,0.00400233268737793,,98.93359375,50
FedAdam,FashionMNIST,,0.9,0.999,36,0.6419656065940857,0.7838476661553208,78.92,13,50,54410,2.481255292892456,2.477236747741699,0.004018545150756836,,98.93359375,50
FedAdam,FashionMNIST,,0.9,0.999,37,0.6622036816358566,0.7793511632409276,79.4,11,50,54410,2.8897106647491455,2.8856122493743896,0.004098415374755859,,98.93359375,50
FedAdam,FashionMNIST,,0.9,0.999,38,0.7594799485445023,0.7517232435791272,77.8,10,50,54410,3.320202350616455,3.316275119781494,0.0039272308349609375,,98.93359375,50
FedAdam,FashionMNIST,,0.9,0.999,39,0.7088456889629364,0.7647359811151112,79.15,12,50,54410,3.352560043334961,3.348590135574341,0.003969907760620117,,98.93359375,50
FedAdam,FashionMNIST,,0.9,0.999,40,0.61042754778862,0.7923319304554836,81.48,12,50,54410,3.6497998237609863,3.6460397243499756,0.003760099411010742,,98.93359375,50
FedAdam,FashionMNIST,,0.9,0.999,41,0.5850127789020538,0.7917929531462423,81.6,12,50,54410,3.009805917739868,3.0060195922851562,0.003786325454711914,,98.93359375,50
FedAdam,FashionMNIST,,0.9,0.999,42,0.5072440009832382,0.8183259931408792,83.03,13,50,54410,3.8521201610565186,3.847534418106079,0.004585742950439453,,98.93359375,50
FedAdam,FashionMNIST,,0.9,0.999,43,0.39707655990123747,0.8562864626802684,85.7,11,50,54410,3.5056350231170654,3.5014166831970215,0.004218339920043945,,98.93359375,50
FedAdam,FashionMNIST,,0.9,0.999,44,0.5562858309984207,0.7988570323289437,80.69,13,50,54410,3.5285356044769287,3.524418592453003,0.004117012023925781,,98.93359375,50
FedAdam,FashionMNIST,,0.9,0.999,45,0.5095137004852295,0.8157202932462656,81.61,13,50,54410,2.819218635559082,2.815520763397217,0.0036978721618652344,,98.93359375,50
FedAdam,FashionMNIST,,0.9,0.999,46,0.4393047067284584,0.8489975064270767,84.87,14,50,54410,3.908384323120117,3.903777837753296,0.004606485366821289,,98.93359375,50
FedAdam,FashionMNIST,,0.9,0.999,47,0.527366327059269,0.8246579555788827,82.86,14,50,54410,3.796638011932373,3.791767120361328,0.004870891571044922,,98.93359375,50
FedAdam,FashionMNIST,,0.9,0.999,48,0.6539402369499207,0.7832113897086599,80.57,11,50,54410,2.9090561866760254,2.9053053855895996,0.0037508010864257812,,98.93359375,50
FedAdam,FashionMNIST,,0.9,0.999,49,0.6200688871145248,0.7910824602363007,81.64,13,50,54410,3.5956969261169434,3.5910425186157227,0.004654407501220703,,98.93359375,50
FedAdam,FashionMNIST,,0.9,0.999,50,0.4484682460069656,0.843634813438784,85.21,13,50,54410,4.25063681602478,4.2464048862457275,0.004231929779052734,,98.93359375,50
FedHST,FashionMNIST,0.5,0.9,0.999,1,2.175924771118164,0.1837646427387621,29.83,15,50,54410,3.772974967956543,3.766169309616089,0.0068056583404541016,0.00622248649597168,98.7236328125,50
FedHST,FashionMNIST,0.5,0.9,0.999,2,1.8229599224090576,0.20010444277638628,32.67,11,50,54410,2.9636573791503906,2.958621025085449,0.005036354064941406,0.0045490264892578125,98.7236328125,50
FedHST,FashionMNIST,0.5,0.9,0.999,3,1.356709326171875,0.4086379742994392,48.98,14,50,54410,3.388120651245117,3.3814985752105713,0.0066220760345458984,0.006015300750732422,98.73095703125,50
FedHST,FashionMNIST,0.5,0.9,0.999,4,1.1502781681060792,0.5155133031843357,57.35,12,50,54410,3.1497786045074463,3.1446986198425293,0.005079984664916992,0.004567623138427734,98.73095703125,50
FedHST,FashionMNIST,0.5,0.9,0.999,5,0.9596929551124572,0.5660808244179891,61.97,14,50,54410,4.677359104156494,4.670447587966919,0.006911516189575195,0.0062694549560546875,98.7314453125,50
FedHST,FashionMNIST,0.5,0.9,0.999,6,0.9007997218132019,0.5931199901156854,63.6,11,50,54410,3.854341983795166,3.8492064476013184,0.005135536193847656,0.0046045780181884766,98.7314453125,50
FedHST,FashionMNIST,0.5,0.9,0.999,7,0.8864518515586853,0.5947117117579086,64.11,14,50,54410,3.5695552825927734,3.5617892742156982,0.007766008377075195,0.007107734680175781,98.7314453125,50
FedHST,FashionMNIST,0.5,0.9,0.999,8,0.8164045376777649,0.6399538849896734,66.74,13,50,54410,3.254152774810791,3.2472329139709473,0.00691986083984375,0.0063326358795166016,98.7314453125,50
FedHST,FashionMNIST,0.5,0.9,0.999,9,0.6833140394210816,0.7338788484659982,74.97,11,50,54410,3.2796874046325684,3.2742671966552734,0.005420207977294922,0.004874467849731445,98.7314453125,50
FedHST,FashionMNIST,0.5,0.9,0.999,10,0.6694426166534424,0.740664965235994,76.0,11,50,54410,3.4821903705596924,3.4763057231903076,0.005884647369384766,0.00530242919921875,98.7314453125,50
FedHST,FashionMNIST,0.5,0.9,0.999,11,0.7289109768867492,0.725706760029436,74.57,13,50,54410,2.9095869064331055,2.9038379192352295,0.0057489871978759766,0.0052297115325927734,98.7314453125,50
FedHST,FashionMNIST,0.5,0.9,0.999,12,0.7393375240325928,0.7157247307939774,73.67,13,50,54410,3.86567759513855,3.8594918251037598,0.006185770034790039,0.005654811859130859,98.7314453125,50
FedHST,FashionMNIST,0.5,0.9,0.999,13,0.6430011967658996,0.7593952452966621,76.99,11,50,54410,3.156832695007324,3.1504390239715576,0.0063936710357666016,0.005789279937744141,98.7314453125,50
FedHST,FashionMNIST,0.5,0.9,0.999,14,0.5719419822692872,0.7908442809173868,79.66,12,50,54410,3.7047314643859863,3.6985743045806885,0.0061571598052978516,0.00554656982421875,98.7314453125,50
FedHST,FashionMNIST,0.5,0.9,0.999,15,0.543735784292221,0.8004391408806985,80.75,15,50,54410,4.499449253082275,4.4928367137908936,0.006612539291381836,0.005958080291748047,98.9404296875,50
FedHST,FashionMNIST,0.5,0.9,0.999,16,0.5130413056850434,0.812020055586609,81.56,13,50,54410,3.4713706970214844,3.464428186416626,0.0069425106048583984,0.006346464157104492,98.9404296875,50
FedHST,FashionMNIST,0.5,0.9,0.999,17,0.5110587696552277,0.8172369578746828,81.98,15,50,54410,3.6486542224884033,3.6420295238494873,0.006624698638916016,0.006002187728881836,98.94091796875,50
FedHST,FashionMNIST,0.5,0.9,0.999,18,0.5232090964317322,0.8133222394093927,81.71,11,50,54410,3.8797171115875244,3.8740427494049072,0.0056743621826171875,0.005082607269287109,98.94091796875,50
FedHST,FashionMNIST,0.5,0.9,0.999,19,0.5181143319129944,0.8183216465772188,82.05,15,50,54410,4.401465892791748,4.394911527633667,0.006554365158081055,0.005957603454589844,98.94091796875,50
FedHST,FashionMNIST,0.5,0.9,0.999,20,0.515026875257492,0.8208124934715249,82.23,13,50,54410,3.9883735179901123,3.9824798107147217,0.005893707275390625,0.005370378494262695,98.94091796875,50
FedHST,FashionMNIST,0.5,0.9,0.999,21,0.4691298541545868,0.8331162147927171,83.64,11,50,54410,4.002330780029297,3.9967551231384277,0.005575656890869141,0.0050067901611328125,98.94091796875,50
FedHST,FashionMNIST,0.5,0.9,0.999,22,0.49023491230010985,0.816765932170593,82.69,13,50,54410,5.287103176116943,5.280953645706177,0.0061495304107666016,0.005593776702880859,98.94091796875,50
FedHST,FashionMNIST,0.5,0.9,0.999,23,0.5879536221504211,0.7810213396699984,80.14,15,50,54410,5.4347310066223145,5.428245544433594,0.006485462188720703,0.005945444107055664,98.94091796875,50
FedHST,FashionMNIST,0.5,0.9,0.999,24,0.6191304711818695,0.7711533778919855,79.52,10,50,54410,2.930232048034668,2.9249398708343506,0.005292177200317383,0.004732608795166016,98.94091796875,50
FedHST,FashionMNIST,0.5,0.9,0.999,25,0.6450994549751282,0.7636493828362461,79.08,10,50,54410,3.7584636211395264,3.7526676654815674,0.005795955657958984,0.0051343441009521484,98.94091796875,50
FedHST,FashionMNIST,0.5,0.9,0.999,26,0.6304453912258148,0.7712079924742021,79.78,15,50,54410,3.699409246444702,3.6915507316589355,0.007858514785766602,0.007196187973022461,98.94091796875,50
FedHST,FashionMNIST,0.5,0.9,0.999,27,0.5766333097934723,0.79392414354758,81.52,10,50,54410,2.682924509048462,2.6780076026916504,0.0049169063568115234,0.004412651062011719,98.94091796875,50
FedHST,FashionMNIST,0.5,0.9,0.999,28,0.521220920085907,0.8072759001818761,82.51,11,50,54410,3.136058807373047,3.1308364868164062,0.005222320556640625,0.004664421081542969,98.94091796875,50
FedHST,FashionMNIST,0.5,0.9,0.999,29,0.490163081741333,0.8197878342983795,83.29,11,50,54410,2.245992422103882,2.2403106689453125,0.005681753158569336,0.0051081180572509766,98.94091796875,50
FedHST,FashionMNIST,0.5,0.9,0.999,30,0.46472373046875,0.8336764051861657,84.2,15,50,54410,3.967714786529541,3.960883140563965,0.006831645965576172,0.006215333938598633,98.94091796875,50
FedHST,FashionMNIST,0.5,0.9,0.999,31,0.44223537395000456,0.8429808275126769,84.76,11,50,54410,3.202907085418701,3.1970999240875244,0.005807161331176758,0.005205392837524414,98.94091796875,50
FedHST,FashionMNIST,0.5,0.9,0.999,32,0.4360556081771851,0.8458451264636591,84.81,10,50,54410,3.4464030265808105,3.4403512477874756,0.006051778793334961,0.005387544631958008,98.94091796875,50
FedHST,FashionMNIST,0.5,0.9,0.999,33,0.43214086179733274,0.8474916582860365,84.89,12,50,54410,3.850263833999634,3.8437299728393555,0.00653386116027832,0.0059070587158203125,98.94091796875,50
FedHST,FashionMNIST,0.5,0.9,0.999,34,0.4168075237989426,0.8538377178879568,85.42,11,50,54410,2.9075942039489746,2.902832269668579,0.004761934280395508,0.004275798797607422,98.94091796875,50
FedHST,FashionMNIST,0.5,0.9,0.999,35,0.4060184959888458,0.8565440988651689,85.5,10,50,54410,2.8908472061157227,2.8850059509277344,0.005841255187988281,0.005198240280151367,98.94091796875,50
FedHST,FashionMNIST,0.5,0.9,0.999,36,0.39941167917251585,0.8606443616332259,85.82,13,50,54410,2.551659107208252,2.5454373359680176,0.006221771240234375,0.005622148513793945,98.94091796875,50
FedHST,FashionMNIST,0.5,0.9,0.999,37,0.3849673144817352,0.8667223241568196,86.71,11,50,54410,2.8974578380584717,2.8922784328460693,0.005179405212402344,0.0046041011810302734,98.94091796875,50
FedHST,FashionMNIST,0.5,0.9,0.999,38,0.4003080652713776,0.8598072780328032,86.23,10,50,54410,3.4224860668182373,3.4170455932617188,0.005440473556518555,0.004857540130615234,98.94091796875,50
FedHST,FashionMNIST,0.5,0.9,0.999,39,0.4405966483592987,0.8400000306079793,84.57,12,50,54410,3.3102309703826904,3.3037962913513184,0.00643467903137207,0.005755901336669922,98.94091796875,50
FedHST,FashionMNIST,0.5,0.9,0.999,40,0.49046451539993285,0.8179360924338779,82.99,12,50,54410,3.8054933547973633,3.799201488494873,0.006291866302490234,0.0057239532470703125,98.94091796875,50
FedHST,FashionMNIST,0.5,0.9,0.999,41,0.5616882483005524,0.7877246990654359,81.13,12,50,54410,3.004568099975586,2.9981064796447754,0.006461620330810547,0.00579833984375,98.94091796875,50
FedHST,FashionMNIST,0.5,0.9,0.999,42,0.5634234147548676,0.7896100755823736,81.72,13,50,54410,3.879758596420288,3.873220443725586,0.0065381526947021484,0.00588536262512207,98.94091796875,50
FedHST,FashionMNIST,0.5,0.9,0.999,43,0.520151393699646,0.8023490058375268,82.61,11,50,54410,3.329188108444214,3.3236780166625977,0.005510091781616211,0.004941225051879883,98.94091796875,50
FedHST,FashionMNIST,0.5,0.9,0.999,44,0.4660539655685425,0.8237096512532952,83.83,13,50,54410,4.020991802215576,4.014536380767822,0.006455421447753906,0.005879878997802734,98.94091796875,50
FedHST,FashionMNIST,0.5,0.9,0.999,45,0.41758127574920656,0.8486228672858775,85.36,13,50,54410,2.849255323410034,2.842902183532715,0.006353139877319336,0.005797863006591797,98.94091796875,50
FedHST,FashionMNIST,0.5,0.9,0.999,46,0.40761050145626065,0.854983288071123,85.61,14,50,54410,3.7142081260681152,3.7067716121673584,0.007436513900756836,0.0067861080169677734,98.94091796875,50
FedHST,FashionMNIST,0.5,0.9,0.999,47,0.42450026092529297,0.8471425544161152,84.54,14,50,54410,3.7020506858825684,3.6956238746643066,0.006426811218261719,0.005872488021850586,98.94091796875,50
FedHST,FashionMNIST,0.5,0.9,0.999,48,0.43398498967885973,0.8452493972718003,84.27,11,50,54410,2.808793067932129,2.80277943611145,0.006013631820678711,0.005391597747802734,98.94091796875,50
FedHST,FashionMNIST,0.5,0.9,0.999,49,0.4163537370800972,0.853774746049603,85.15,13,50,54410,3.418173313140869,3.4126603603363037,0.00551295280456543,0.005026102066040039,98.94091796875,50
FedHST,FashionMNIST,0.5,0.9,0.999,50,0.3832117185711861,0.8655231134146775,86.42,13,50,54410,4.221365690231323,4.214265823364258,0.00709986686706543,0.006493806838989258,98.94091796875,50
FedAdam,FashionMNIST,,0.9,0.999,1,3.832808969497681,0.16520001201763906,25.01,30,100,54410,5.023597717285156,5.015768051147461,0.007829666137695312,,122.7568359375,100
FedAdam,FashionMNIST,,0.9,0.999,2,2.224024892807007,0.3007757017149165,38.47,26,100,54410,3.723991632461548,3.7170803546905518,0.006911277770996094,,122.7568359375,100
FedAdam,FashionMNIST,,0.9,0.999,3,1.7567244785308838,0.47758562927216913,51.59,30,100,54410,4.311623811721802,4.304384708404541,0.007239103317260742,,122.966796875,100
FedAdam,FashionMNIST,,0.9,0.999,4,1.7536198490142823,0.429045874747451,47.5,23,100,54410,2.7664194107055664,2.759772300720215,0.0066471099853515625,,122.966796875,100
FedAdam,FashionMNIST,,0.9,0.999,5,1.1471710628509522,0.5828107069751234,62.12,26,100,54410,3.293576955795288,3.286332130432129,0.00724482536315918,,122.966796875,100
FedAdam,FashionMNIST,,0.9,0.999,6,1.2489497984886169,0.5980170933897396,64.82,24,100,54410,4.0482542514801025,4.041497707366943,0.00675654411315918,,122.966796875,100
FedAdam,FashionMNIST,,0.9,0.999,7,1.238066039466858,0.643503434041704,68.35,28,100,54410,4.15663480758667,4.148838043212891,0.007796764373779297,,122.966796875,100
FedAdam,FashionMNIST,,0.9,0.999,8,0.773702658033371,0.7284640307391168,73.39,24,100,54410,3.1638829708099365,3.157228469848633,0.006654500961303711,,122.966796875,100
FedAdam,FashionMNIST,,0.9,0.999,9,1.0238666430473327,0.7098508815344039,71.38,25,100,54410,3.0688064098358154,3.061692476272583,0.007113933563232422,,122.966796875,100
FedAdam,FashionMNIST,,0.9,0.999,10,1.0015854453086852,0.720782060892156,73.37,20,100,54410,2.6713149547576904,2.665172815322876,0.006142139434814453,,122.966796875,100
FedAdam,FashionMNIST,,0.9,0.999,11,0.7484519824028015,0.7678934989563375,77.91,20,100,54410,2.418980360031128,2.4130125045776367,0.005967855453491211,,122.966796875,100
FedAdam,FashionMNIST,,0.9,0.999,12,0.6195007627487182,0.7839333643093482,79.94,30,100,54410,4.517206430435181,4.509772062301636,0.007434368133544922,,122.966796875,100
FedAdam,FashionMNIST,,0.9,0.999,13,0.5889428948879242,0.7929943100472363,79.99,29,100,54410,4.0979063510894775,4.090759754180908,0.007146596908569336,,122.966796875,100
FedAdam,FashionMNIST,,0.9,0.999,14,0.5852538819789886,0.7884944881387264,79.24,22,100,54410,3.4386777877807617,3.432339906692505,0.006337881088256836,,122.966796875,100
FedAdam,FashionMNIST,,0.9,0.999,15,0.5825831146240235,0.7857082754073899,79.15,28,100,54410,3.8966875076293945,3.8892345428466797,0.007452964782714844,,122.966796875,100
FedAdam,FashionMNIST,,0.9,0.999,16,0.5724360960960388,0.7995222029678957,80.72,28,100,54410,4.499817132949829,4.492143154144287,0.007673978805541992,,122.966796875,100
FedAdam,FashionMNIST,,0.9,0.999,17,0.5690204051017761,0.798676529844409,80.76,26,100,54410,4.04843282699585,4.040995121002197,0.007437705993652344,,122.966796875,100
FedAdam,FashionMNIST,,0.9,0.999,18,0.5675409595012665,0.7968099919610834,79.69,21,100,54410,2.8801541328430176,2.8739569187164307,0.006197214126586914,,122.966796875,100
FedAdam,FashionMNIST,,0.9,0.999,19,0.5943888290882111,0.7830252445100773,77.91,28,100,54410,4.463631629943848,4.456976652145386,0.006654977798461914,,122.966796875,100
FedAdam,FashionMNIST,,0.9,0.999,20,0.5770949923992157,0.7876016179866254,78.37,28,100,54410,3.4873743057250977,3.480072259902954,0.007302045822143555,,122.966796875,100
FedAdam,FashionMNIST,,0.9,0.999,21,0.4845778194904327,0.8206092708630498,82.19,24,100,54410,3.9928641319274902,3.9854469299316406,0.007417201995849609,,122.966796875,100
FedAdam,FashionMNIST,,0.9,0.999,22,0.5011556785821915,0.8105074984313745,82.08,26,100,54410,3.69608736038208,3.6885669231414795,0.007520437240600586,,122.966796875,100
FedAdam,FashionMNIST,,0.9,0.999,23,0.5661304898738861,0.7857509547854853,80.96,28,100,54410,4.587821006774902,4.57903528213501,0.008785724639892578,,122.966796875,100
FedAdam,FashionMNIST,,0.9,0.999,24,0.5166094083547592,0.8110752242729488,82.54,23,100,54410,2.8956120014190674,2.8887178897857666,0.006894111633300781,,122.966796875,100
FedAdam,FashionMNIST,,0.9,0.999,25,0.4787626515388489,0.8227241194160448,82.28,29,100,54410,3.524543285369873,3.5169851779937744,0.007558107376098633,,122.966796875,100
FedAdam,FashionMNIST,,0.9,0.999,26,0.49147541666030886,0.8194995705307685,81.72,26,100,54410,4.005731582641602,3.9989776611328125,0.0067539215087890625,,122.966796875,100
FedAdam,FashionMNIST,,0.9,0.999,27,0.4381077780723572,0.8419948651460063,84.15,27,100,54410,3.716465950012207,3.709040403366089,0.007425546646118164,,122.966796875,100
FedAdam,FashionMNIST,,0.9,0.999,28,0.41333065662384033,0.8518245644238036,85.22,30,100,54410,4.489510774612427,4.481039047241211,0.00847172737121582,,122.966796875,100
FedAdam,FashionMNIST,,0.9,0.999,29,0.43632921981811523,0.8412512536055615,84.44,25,100,54410,2.716935873031616,2.709517240524292,0.007418632507324219,,122.966796875,100
FedAdam,FashionMNIST,,0.9,0.999,30,0.49679515280723574,0.8217631489683148,83.05,28,100,54410,3.812443971633911,3.8052453994750977,0.0071985721588134766,,122.966796875,100
FedAdam,FashionMNIST,,0.9,0.999,31,0.4802283306360245,0.8313149794560977,83.39,25,100,54410,3.0674831867218018,3.0608553886413574,0.006627798080444336,,122.966796875,100
FedAdam,FashionMNIST,,0.9,0.999,32,0.47445841381549836,0.826942163975745,82.55,25,100,54410,3.3511273860931396,3.3444337844848633,0.006693601608276367,,122.966796875,100
FedAdam,FashionMNIST,,0.9,0.999,33,0.4814020111083984,0.8251102658441143,82.22,27,100,54410,4.267915964126587,4.260375022888184,0.00754094123840332,,122.966796875,100
FedAdam,FashionMNIST,,0.9,0.999,34,0.436985261964798,0.8446703521936904,84.79,29,100,54410,4.717145681381226,4.708183288574219,0.008962392807006836,,122.966796875,100
FedAdam,FashionMNIST,,0.9,0.999,35,0.5016018880844116,0.8132893165405181,82.95,27,100,54410,4.175347328186035,4.167072057723999,0.008275270462036133,,122.966796875,100
FedAdam,FashionMNIST,,0.9,0.999,36,0.5309196515560151,0.8000627241511122,82.33,26,100,54410,4.897398233413696,4.89106297492981,0.006335258483886719,,122.966796875,100
FedAdam,FashionMNIST,,0.9,0.999,37,0.45792024850845336,0.8262070677352543,84.18,22,100,54410,3.7439253330230713,3.73783016204834,0.006095170974731445,,122.966796875,100
FedAdam,FashionMNIST,,0.9,0.999,38,0.40700555148124695,0.8508778040075529,85.63,25,100,54410,2.987334728240967,2.9806365966796875,0.006698131561279297,,122.966796875,100
FedAdam,FashionMNIST,,0.9,0.999,39,0.39670042667388916,0.855670279127364,85.7,27,100,54410,4.042167901992798,4.034260272979736,0.007907629013061523,,122.966796875,100
FedAdam,FashionMNIST,,0.9,0.999,40,0.4058324212551117,0.8486903975971304,84.58,27,100,54410,3.891957998275757,3.885085105895996,0.006872892379760742,,122.966796875,100
FedAdam,FashionMNIST,,0.9,0.999,41,0.42146879048347474,0.8426006876080677,83.85,26,100,54410,3.9569344520568848,3.9506797790527344,0.006254673004150391,,122.966796875,100
FedAdam,FashionMNIST,,0.9,0.999,42,0.4127809402704239,0.8507303159353178,84.84,28,100,54410,4.0207295417785645,4.012967824935913,0.007761716842651367,,122.966796875,100
FedAdam,FashionMNIST,,0.9,0.999,43,0.4014323299884796,0.8566710802739774,85.79,26,100,54410,3.455613374710083,3.4481093883514404,0.007503986358642578,,122.966796875,100
FedAdam,FashionMNIST,,0.9,0.999,44,0.43820868980884553,0.8417565022495588,84.99,29,100,54410,4.6136415004730225,4.606646299362183,0.006995201110839844,,122.966796875,100
FedAdam,FashionMNIST,,0.9,0.999,45,0.4521956150531769,0.8344434957695481,84.53,26,100,54410,2.6312613487243652,2.6236257553100586,0.007635593414306641,,122.966796875,100
FedAdam,FashionMNIST,,0.9,0.999,46,0.45887479107379914,0.8286606886673503,83.73,30,100,54410,4.293914079666138,4.285703420639038,0.00821065902709961,,122.966796875,100
FedAdam,FashionMNIST,,0.9,0.999,47,0.41193770047426226,0.8459774003889388,85.01,27,100,54410,3.3888206481933594,3.381786346435547,0.0070343017578125,,122.966796875,100
FedAdam,FashionMNIST,,0.9,0.999,48,0.41141708694696427,0.8486274174807719,84.8,27,100,54410,4.195919036865234,4.18828821182251,0.007630825042724609,,122.966796875,100
FedAdam,FashionMNIST,,0.9,0.999,49,0.491277218079567,0.8137845359401752,81.52,25,100,54410,3.1647956371307373,3.157421350479126,0.007374286651611328,,122.966796875,100
FedAdam,FashionMNIST,,0.9,0.999,50,0.4547274294614792,0.8348885769317157,83.42,30,100,54410,3.9151523113250732,3.907555103302002,0.007597208023071289,,122.966796875,100
FedHST,FashionMNIST,0.5,0.9,0.999,1,2.0543050369262694,0.17766728775076923,25.55,30,100,54410,4.874028921127319,4.861778020858765,0.012250900268554688,0.011698246002197266,122.7568359375,100
FedHST,FashionMNIST,0.5,0.9,0.999,2,1.6179615463256836,0.29421511668575795,40.48,26,100,54410,3.651182174682617,3.641566514968872,0.009615659713745117,0.009141683578491211,122.7568359375,100
FedHST,FashionMNIST,0.5,0.9,0.999,3,1.2886125064849854,0.4411332889986964,51.78,30,100,54410,4.444708585739136,4.433184385299683,0.011524200439453125,0.011021137237548828,122.98046875,100
FedHST,FashionMNIST,0.5,0.9,0.999,4,1.0889477898597717,0.4884072632674723,54.93,23,100,54410,2.765592098236084,2.7561347484588623,0.00945734977722168,0.008902788162231445,122.98046875,100
FedHST,FashionMNIST,0.5,0.9,0.999,5,0.894386956691742,0.6617474237343839,68.89,26,100,54410,3.289712429046631,3.277855396270752,0.011857032775878906,0.01122140884399414,122.98046875,100
FedHST,FashionMNIST,0.5,0.9,0.999,6,0.7609183052062988,0.7317264909606905,74.21,24,100,54410,4.173816680908203,4.162676811218262,0.011139869689941406,0.010516881942749023,122.98046875,100
FedHST,FashionMNIST,0.5,0.9,0.999,7,0.8002981030464172,0.6957793918050792,71.21,28,100,54410,4.131133079528809,4.119849443435669,0.011283636093139648,0.010693788528442383,122.98046875,100
FedHST,FashionMNIST,0.5,0.9,0.999,8,0.8347495900154114,0.6619187845865934,69.54,24,100,54410,3.303846597671509,3.293269157409668,0.01057744026184082,0.009948492050170898,122.98046875,100
FedHST,FashionMNIST,0.5,0.9,0.999,9,0.8077207558631897,0.6581680698735044,69.49,25,100,54410,3.1488165855407715,3.1387839317321777,0.01003265380859375,0.009384393692016602,122.98046875,100
FedHST,FashionMNIST,0.5,0.9,0.999,10,0.7754443742752075,0.6588422120009255,68.58,20,100,54410,2.9765729904174805,2.9681613445281982,0.008411645889282227,0.007820844650268555,122.98046875,100
FedHST,FashionMNIST,0.5,0.9,0.999,11,0.7025494688034057,0.7188845456152464,72.87,20,100,54410,2.429349422454834,2.421159267425537,0.008190155029296875,0.007635354995727539,122.98046875,100
FedHST,FashionMNIST,0.5,0.9,0.999,12,0.6854553599357605,0.7293543841685249,74.27,30,100,54410,4.704655408859253,4.6930482387542725,0.011607170104980469,0.011080265045166016,122.98046875,100
FedHST,FashionMNIST,0.5,0.9,0.999,13,0.6874646472930909,0.7294525705711163,74.67,29,100,54410,4.058879613876343,4.048263311386108,0.010616302490234375,0.010109663009643555,122.98046875,100
FedHST,FashionMNIST,0.5,0.9,0.999,14,0.7049600583553314,0.7292319109444523,74.97,22,100,54410,3.523787260055542,3.5148589611053467,0.008928298950195312,0.008359670639038086,122.98046875,100
FedHST,FashionMNIST,0.5,0.9,0.999,15,0.6780240052700043,0.7359219938964712,76.21,28,100,54410,4.146841526031494,4.134384393692017,0.012457132339477539,0.011826038360595703,122.98046875,100
FedHST,FashionMNIST,0.5,0.9,0.999,16,0.64457342877388,0.748545552326122,77.45,28,100,54410,4.575390577316284,4.564338445663452,0.011052131652832031,0.010377883911132812,122.98046875,100
FedHST,FashionMNIST,0.5,0.9,0.999,17,0.6185066715717316,0.7637300633914841,78.18,26,100,54410,4.1993567943573,4.189090013504028,0.010266780853271484,0.009683370590209961,122.98046875,100
FedHST,FashionMNIST,0.5,0.9,0.999,18,0.5820757942199707,0.780681777405862,79.1,21,100,54410,2.9204485416412354,2.9125428199768066,0.007905721664428711,0.007407188415527344,122.98046875,100
FedHST,FashionMNIST,0.5,0.9,0.999,19,0.5529066819190979,0.7909152251330248,79.61,28,100,54410,4.531024932861328,4.519361734390259,0.011663198471069336,0.011075019836425781,122.98046875,100
FedHST,FashionMNIST,0.5,0.9,0.999,20,0.5176839891433715,0.8084350687789004,80.91,28,100,54410,3.5695862770080566,3.5589029788970947,0.010683298110961914,0.010192394256591797,122.98046875,100
FedHST,FashionMNIST,0.5,0.9,0.999,21,0.5066569754123688,0.8150518600541388,81.27,24,100,54410,4.230386257171631,4.219505786895752,0.010880470275878906,0.010256290435791016,122.98046875,100
FedHST,FashionMNIST,0.5,0.9,0.999,22,0.50655225481987,0.8138666252748052,81.04,26,100,54410,3.730370283126831,3.7193145751953125,0.011055707931518555,0.010498285293579102,122.98046875,100
FedHST,FashionMNIST,0.5,0.9,0.999,23,0.5093752426624298,0.8151063398344235,81.54,28,100,54410,4.741479873657227,4.728982210159302,0.012497663497924805,0.01190042495727539,122.98046875,100
FedHST,FashionMNIST,0.5,0.9,0.999,24,0.5182035385131836,0.8037105021077989,80.93,23,100,54410,3.2335593700408936,3.223876476287842,0.009682893753051758,0.009127616882324219,122.98046875,100
FedHST,FashionMNIST,0.5,0.9,0.999,25,0.5361487490653992,0.7938378973693394,80.32,29,100,54410,3.9304404258728027,3.918241024017334,0.01219940185546875,0.011592864990234375,122.98046875,100
FedHST,FashionMNIST,0.5,0.9,0.999,26,0.5494209257125855,0.7815846287478531,80.17,26,100,54410,4.5791075229644775,4.567845582962036,0.011261940002441406,0.010639667510986328,122.98046875,100
FedHST,FashionMNIST,0.5,0.9,0.999,27,0.5190411046028137,0.7890752110928277,81.23,27,100,54410,4.285748243331909,4.274238348007202,0.011509895324707031,0.010873794555664062,122.98046875,100
FedHST,FashionMNIST,0.5,0.9,0.999,28,0.4855683227300644,0.8083770979553624,82.73,30,100,54410,5.050557851791382,5.037547826766968,0.013010025024414062,0.01238393783569336,122.98095703125,100
FedHST,FashionMNIST,0.5,0.9,0.999,29,0.4545705709218979,0.8251337625825824,83.71,25,100,54410,3.0264697074890137,3.015537738800049,0.010931968688964844,0.01032114028930664,122.98095703125,100
FedHST,FashionMNIST,0.5,0.9,0.999,30,0.44038991656303406,0.8375646912420519,84.49,28,100,54410,3.797224998474121,3.7861764430999756,0.011048555374145508,0.01053762435913086,122.98095703125,100
FedHST,FashionMNIST,0.5,0.9,0.999,31,0.4283814289569855,0.8469777823208189,84.89,25,100,54410,3.1048970222473145,3.0925960540771484,0.012300968170166016,0.011719942092895508,122.98095703125,100
FedHST,FashionMNIST,0.5,0.9,0.999,32,0.4427565892219543,0.8417436877640576,83.88,25,100,54410,3.0446970462799072,3.0338587760925293,0.01083827018737793,0.010259628295898438,122.98095703125,100
FedHST,FashionMNIST,0.5,0.9,0.999,33,0.4572959424972534,0.8332103972297095,82.9,27,100,54410,4.149533033370972,4.138812780380249,0.010720252990722656,0.01006937026977539,122.98095703125,100
FedHST,FashionMNIST,0.5,0.9,0.999,34,0.4381771983146667,0.8444976077450377,84.14,29,100,54410,4.598908424377441,4.588407516479492,0.010500907897949219,0.010022163391113281,122.98095703125,100
FedHST,FashionMNIST,0.5,0.9,0.999,35,0.42226391468048097,0.85202406350142,85.15,27,100,54410,3.8656632900238037,3.854933500289917,0.010729789733886719,0.01011204719543457,122.98095703125,100
FedHST,FashionMNIST,0.5,0.9,0.999,36,0.4301086372852325,0.845027273282186,84.9,26,100,54410,4.219252824783325,4.20771598815918,0.011536836624145508,0.01092839241027832,122.98095703125,100
FedHST,FashionMNIST,0.5,0.9,0.999,37,0.44894379243850707,0.831820345259589,84.18,22,100,54410,3.7286949157714844,3.7189958095550537,0.009699106216430664,0.009120464324951172,122.98095703125,100
FedHST,FashionMNIST,0.5,0.9,0.999,38,0.4844544508934021,0.8109484756232128,82.98,25,100,54410,2.9764091968536377,2.9658753871917725,0.010533809661865234,0.00998830795288086,122.98095703125,100
FedHST,FashionMNIST,0.5,0.9,0.999,39,0.5025978901863098,0.8005379327781613,82.22,27,100,54410,3.959467887878418,3.9471848011016846,0.012283086776733398,0.011687278747558594,122.98095703125,100
FedHST,FashionMNIST,0.5,0.9,0.999,40,0.48065370309352873,0.8075637995317433,82.54,27,100,54410,3.957493782043457,3.94582200050354,0.011671781539916992,0.011057853698730469,122.98095703125,100
FedHST,FashionMNIST,0.5,0.9,0.999,41,0.43548375160694125,0.8315301921222046,84.13,26,100,54410,3.9769067764282227,3.9661495685577393,0.010757207870483398,0.010157585144042969,122.98095703125,100
FedHST,FashionMNIST,0.5,0.9,0.999,42,0.4009013214588165,0.8536764050242851,85.75,28,100,54410,4.026412010192871,4.015167474746704,0.011244535446166992,0.010664701461791992,122.98095703125,100
FedHST,FashionMNIST,0.5,0.9,0.999,43,0.3926986878156662,0.8598973621220825,85.91,26,100,54410,3.4152753353118896,3.4028375148773193,0.012437820434570312,0.011726140975952148,122.98095703125,100
FedHST,FashionMNIST,0.5,0.9,0.999,44,0.40343897631168363,0.8557407316062718,85.36,29,100,54410,4.576263666152954,4.5641984939575195,0.01206517219543457,0.011503934860229492,122.98095703125,100
FedHST,FashionMNIST,0.5,0.9,0.999,45,0.4144025996208191,0.8515468149623009,84.91,26,100,54410,2.7177016735076904,2.7068238258361816,0.010877847671508789,0.010255098342895508,122.98095703125,100
FedHST,FashionMNIST,0.5,0.9,0.999,46,0.4049624097108841,0.8541322660694657,85.27,30,100,54410,4.532257318496704,4.5210020542144775,0.011255264282226562,0.010727882385253906,122.98095703125,100
FedHST,FashionMNIST,0.5,0.9,0.999,47,0.3932441867828369,0.8580294312168182,85.8,27,100,54410,3.530721426010132,3.519084930419922,0.011636495590209961,0.011017560958862305,122.98095703125,100
FedHST,FashionMNIST,0.5,0.9,0.999,48,0.3881531877040863,0.8609852097058768,86.27,27,100,54410,4.464864015579224,4.453250885009766,0.011613130569458008,0.010971784591674805,122.98095703125,100
FedHST,FashionMNIST,0.5,0.9,0.999,49,0.39100050089359284,0.8577231275854496,86.08,25,100,54410,3.163421154022217,3.1521711349487305,0.011250019073486328,0.010631799697875977,122.98095703125,100
FedHST,FashionMNIST,0.5,0.9,0.999,50,0.3870585387468338,0.8585578778122762,86.23,30,100,54410,4.087910175323486,4.076103448867798,0.011806726455688477,0.011247396469116211,122.98095703125,100
