Algorithm,Dataset,Gamma,Beta1,Beta2,Round,Global_Validation_Loss,F1_Score,Top1_Accuracy_Percent,Num_Selected_Clients,Num_Total_Clients,Num_Model_Params,Round_Time_Sec,Client_Time_Sec,Server_Time_Sec,Spatial_Var_Time_Sec,Peak_Memory_MB,Seed
FedHST,FashionMNIST,0.0,0.9,0.999,1,3.832808969497681,0.16520001201763906,25.01,30,100,54410,7.749794960021973,7.394613027572632,0.3551819324493408,0.3543701171875,122.7568359375,42
FedHST,FashionMNIST,0.0,0.9,0.999,2,2.224024892807007,0.3007757017149165,38.47,26,100,54410,3.79339337348938,3.7809488773345947,0.012444496154785156,0.011751651763916016,122.7568359375,42
FedHST,FashionMNIST,0.0,0.9,0.999,3,1.7567244785308838,0.47758562927216913,51.59,30,100,54410,4.400362730026245,4.388357639312744,0.012005090713500977,0.011386394500732422,122.98046875,42
FedHST,FashionMNIST,0.0,0.9,0.999,4,1.7536198490142823,0.429045874747451,47.5,23,100,54410,2.9527575969696045,2.9428060054779053,0.009951591491699219,0.009313344955444336,122.98046875,42
FedHST,FashionMNIST,0.0,0.9,0.999,5,1.1471710628509522,0.5828107069751234,62.12,26,100,54410,3.958071708679199,3.945760726928711,0.012310981750488281,0.011698484420776367,122.98046875,42
FedHST,FashionMNIST,0.0,0.9,0.999,6,1.2489497984886169,0.5980170933897396,64.82,24,100,54410,4.846120119094849,4.835655450820923,0.010464668273925781,0.009871244430541992,122.98046875,42
FedHST,FashionMNIST,0.0,0.9,0.999,7,1.238066039466858,0.643503434041704,68.35,28,100,54410,4.863537788391113,4.850869655609131,0.012668132781982422,0.012068748474121094,122.98046875,42
FedHST,FashionMNIST,0.0,0.9,0.999,8,0.773702658033371,0.7284640307391168,73.39,24,100,54410,3.9660205841064453,3.955611228942871,0.010409355163574219,0.009711742401123047,122.98046875,42
FedHST,FashionMNIST,0.0,0.9,0.999,9,1.0238666430473327,0.7098508815344039,71.38,25,100,54410,3.626985788345337,3.615638494491577,0.011347293853759766,0.01073455810546875,122.98046875,42
FedHST,FashionMNIST,0.0,0.9,0.999,10,1.0015854453086852,0.720782060892156,73.37,20,100,54410,2.730879068374634,2.720916986465454,0.009962081909179688,0.009297370910644531,122.98046875,42
FedHST,FashionMNIST,0.0,0.9,0.999,11,0.7484519824028015,0.7678934989563375,77.91,20,100,54410,2.322171211242676,2.3129053115844727,0.009265899658203125,0.008620262145996094,122.98046875,42
FedHST,FashionMNIST,0.0,0.9,0.999,12,0.6195007627487182,0.7839333643093482,79.94,30,100,54410,4.4568915367126465,4.445796966552734,0.01109457015991211,0.010589838027954102,122.98046875,42
FedHST,FashionMNIST,0.0,0.9,0.999,13,0.5889428948879242,0.7929943100472363,79.99,29,100,54410,4.742008924484253,4.729229211807251,0.012779712677001953,0.012162923812866211,122.98046875,42
FedHST,FashionMNIST,0.0,0.9,0.999,14,0.5852538819789886,0.7884944881387264,79.24,22,100,54410,4.066480398178101,4.056291580200195,0.010188817977905273,0.009566307067871094,122.98046875,42
FedHST,FashionMNIST,0.0,0.9,0.999,15,0.5825831146240235,0.7857082754073899,79.15,28,100,54410,4.754944086074829,4.743103504180908,0.011840581893920898,0.011251211166381836,122.98046875,42
FedHST,FashionMNIST,0.0,0.9,0.999,16,0.5724360960960388,0.7995222029678957,80.72,28,100,54410,5.173411846160889,5.161044597625732,0.01236724853515625,0.011750936508178711,122.98046875,42
FedHST,FashionMNIST,0.0,0.9,0.999,17,0.5690204051017761,0.798676529844409,80.76,26,100,54410,4.429095506668091,4.418700933456421,0.010394573211669922,0.009820222854614258,122.98046875,42
FedHST,FashionMNIST,0.0,0.9,0.999,18,0.5675409595012665,0.7968099919610834,79.69,21,100,54410,3.107922077178955,3.099269151687622,0.008652925491333008,0.008046388626098633,122.98046875,42
FedHST,FashionMNIST,0.0,0.9,0.999,19,0.5943888290882111,0.7830252445100773,77.91,28,100,54410,4.641040802001953,4.628384828567505,0.012655973434448242,0.011996269226074219,122.98046875,42
FedHST,FashionMNIST,0.0,0.9,0.999,20,0.5770949923992157,0.7876016179866254,78.37,28,100,54410,3.683230400085449,3.6706159114837646,0.01261448860168457,0.012001991271972656,122.98046875,42
FedHST,FashionMNIST,0.0,0.9,0.999,21,0.4845778194904327,0.8206092708630498,82.19,24,100,54410,4.63969349861145,4.628907203674316,0.010786294937133789,0.01013803482055664,122.98046875,42
FedHST,FashionMNIST,0.0,0.9,0.999,22,0.5011556785821915,0.8105074984313745,82.08,26,100,54410,4.179118394851685,4.167256593704224,0.011861801147460938,0.01128387451171875,122.98046875,42
FedHST,FashionMNIST,0.0,0.9,0.999,23,0.5661304898738861,0.7857509547854853,80.96,28,100,54410,4.655300617218018,4.643723249435425,0.011577367782592773,0.010917425155639648,122.98046875,42
FedHST,FashionMNIST,0.0,0.9,0.999,24,0.5166094083547592,0.8110752242729488,82.54,23,100,54410,2.861677646636963,2.8514106273651123,0.010267019271850586,0.009587526321411133,122.98046875,42
FedHST,FashionMNIST,0.0,0.9,0.999,25,0.4787626515388489,0.8227241194160448,82.28,29,100,54410,3.466684579849243,3.4549684524536133,0.011716127395629883,0.011189460754394531,122.98046875,42
FedHST,FashionMNIST,0.0,0.9,0.999,26,0.49147541666030886,0.8194995705307685,81.72,26,100,54410,4.629722356796265,4.618373870849609,0.011348485946655273,0.010690689086914062,122.98046875,42
FedHST,FashionMNIST,0.0,0.9,0.999,27,0.4381077780723572,0.8419948651460063,84.15,27,100,54410,3.9082796573638916,3.8968234062194824,0.01145625114440918,0.010871648788452148,122.98046875,42
FedHST,FashionMNIST,0.0,0.9,0.999,28,0.41333065662384033,0.8518245644238036,85.22,30,100,54410,4.716217041015625,4.702723026275635,0.013494014739990234,0.012808084487915039,122.98095703125,42
FedHST,FashionMNIST,0.0,0.9,0.999,29,0.43632921981811523,0.8412512536055615,84.44,25,100,54410,2.8389742374420166,2.8274636268615723,0.011510610580444336,0.010883569717407227,122.98095703125,42
FedHST,FashionMNIST,0.0,0.9,0.999,30,0.49679515280723574,0.8217631489683148,83.05,28,100,54410,4.4622802734375,4.450483560562134,0.011796712875366211,0.011190652847290039,122.98095703125,42
FedHST,FashionMNIST,0.0,0.9,0.999,31,0.4802283306360245,0.8313149794560977,83.39,25,100,54410,3.673278570175171,3.6620001792907715,0.011278390884399414,0.010695934295654297,122.98095703125,42
FedHST,FashionMNIST,0.0,0.9,0.999,32,0.47445841381549836,0.826942163975745,82.55,25,100,54410,3.6873977184295654,3.6759192943573,0.011478424072265625,0.01078176498413086,122.98095703125,42
FedHST,FashionMNIST,0.0,0.9,0.999,33,0.4814020111083984,0.8251102658441143,82.22,27,100,54410,5.0575947761535645,5.046021223068237,0.011573553085327148,0.010982513427734375,122.98095703125,42
FedHST,FashionMNIST,0.0,0.9,0.999,34,0.436985261964798,0.8446703521936904,84.79,29,100,54410,5.5983967781066895,5.585411310195923,0.012985467910766602,0.012340307235717773,122.98095703125,42
FedHST,FashionMNIST,0.0,0.9,0.999,35,0.5016018880844116,0.8132893165405181,82.95,27,100,54410,4.122120380401611,4.110886096954346,0.011234283447265625,0.0106048583984375,122.98095703125,42
FedHST,FashionMNIST,0.0,0.9,0.999,36,0.5309196515560151,0.8000627241511122,82.33,26,100,54410,4.391972303390503,4.380694389343262,0.011277914047241211,0.01066446304321289,122.98095703125,42
FedHST,FashionMNIST,0.0,0.9,0.999,37,0.45792024850845336,0.8262070677352543,84.18,22,100,54410,3.764374256134033,3.7542901039123535,0.010084152221679688,0.009451150894165039,122.98095703125,42
FedHST,FashionMNIST,0.0,0.9,0.999,38,0.40700555148124695,0.8508778040075529,85.63,25,100,54410,3.59428071975708,3.583733081817627,0.010547637939453125,0.009923219680786133,122.98095703125,42
FedHST,FashionMNIST,0.0,0.9,0.999,39,0.39670042667388916,0.855670279127364,85.7,27,100,54410,4.789597988128662,4.778478384017944,0.011119604110717773,0.010521411895751953,122.98095703125,42
FedHST,FashionMNIST,0.0,0.9,0.999,40,0.4058324212551117,0.8486903975971304,84.58,27,100,54410,4.177704095840454,4.166606664657593,0.011097431182861328,0.010519027709960938,122.98095703125,42
FedHST,FashionMNIST,0.0,0.9,0.999,41,0.42146879048347474,0.8426006876080677,83.85,26,100,54410,4.256301164627075,4.245790481567383,0.010510683059692383,0.009900093078613281,122.98095703125,42
FedHST,FashionMNIST,0.0,0.9,0.999,42,0.4127809402704239,0.8507303159353178,84.84,28,100,54410,4.724040269851685,4.711724519729614,0.012315750122070312,0.011698484420776367,122.98095703125,42
FedHST,FashionMNIST,0.0,0.9,0.999,43,0.4014323299884796,0.8566710802739774,85.79,26,100,54410,4.0151848793029785,4.003710508346558,0.011474370956420898,0.01084589958190918,122.98095703125,42
FedHST,FashionMNIST,0.0,0.9,0.999,44,0.43820868980884553,0.8417565022495588,84.99,29,100,54410,5.45265793800354,5.439495801925659,0.01316213607788086,0.012449502944946289,122.98095703125,42
FedHST,FashionMNIST,0.0,0.9,0.999,45,0.4521956150531769,0.8344434957695481,84.53,26,100,54410,2.8482513427734375,2.8383948802948,0.009856462478637695,0.009366035461425781,122.98095703125,42
FedHST,FashionMNIST,0.0,0.9,0.999,46,0.45887479107379914,0.8286606886673503,83.73,30,100,54410,4.580678939819336,4.5684099197387695,0.012269020080566406,0.01163792610168457,122.98095703125,42
FedHST,FashionMNIST,0.0,0.9,0.999,47,0.41193770047426226,0.8459774003889388,85.01,27,100,54410,3.4489905834198,3.438725709915161,0.010264873504638672,0.009736061096191406,122.98095703125,42
FedHST,FashionMNIST,0.0,0.9,0.999,48,0.41141708694696427,0.8486274174807719,84.8,27,100,54410,4.415158033370972,4.4050188064575195,0.010139226913452148,0.009600162506103516,122.98095703125,42
FedHST,FashionMNIST,0.0,0.9,0.999,49,0.491277218079567,0.8137845359401752,81.52,25,100,54410,3.197115182876587,3.186187744140625,0.010927438735961914,0.01036214828491211,122.98095703125,42
FedHST,FashionMNIST,0.0,0.9,0.999,50,0.4547274294614792,0.8348885769317157,83.42,30,100,54410,4.078732967376709,4.065349102020264,0.013383865356445312,0.012691736221313477,122.98095703125,42
FedHST,FashionMNIST,0.1,0.9,0.999,1,2.04759655380249,0.1863357653169321,27.1,30,100,54410,4.978739976882935,4.966213226318359,0.012526750564575195,0.011923074722290039,122.7568359375,42
FedHST,FashionMNIST,0.1,0.9,0.999,2,1.4317325828552245,0.38442171622344046,45.02,26,100,54410,3.8241395950317383,3.812979221343994,0.01116037368774414,0.010548830032348633,122.7568359375,42
FedHST,FashionMNIST,0.1,0.9,0.999,3,1.1165764181137086,0.49381718837690747,56.79,30,100,54410,4.261946678161621,4.250485420227051,0.011461257934570312,0.010922908782958984,122.98046875,42
FedHST,FashionMNIST,0.1,0.9,0.999,4,1.0204364006042481,0.6144531958045905,65.42,23,100,54410,2.921795129776001,2.906717538833618,0.015077590942382812,0.013787269592285156,122.98046875,42
FedHST,FashionMNIST,0.1,0.9,0.999,5,0.8066916890144348,0.6987437472469425,71.5,26,100,54410,3.447559356689453,3.437481164932251,0.010078191757202148,0.009536981582641602,122.98046875,42
FedHST,FashionMNIST,0.1,0.9,0.999,6,0.8036901410102845,0.7051017285264686,71.46,24,100,54410,4.39377236366272,4.382887601852417,0.010884761810302734,0.01026463508605957,122.98046875,42
FedHST,FashionMNIST,0.1,0.9,0.999,7,0.9148701852798462,0.622583234018472,66.71,28,100,54410,4.6026904582977295,4.591175079345703,0.011515378952026367,0.01091313362121582,122.98046875,42
FedHST,FashionMNIST,0.1,0.9,0.999,8,0.9795006694793701,0.5594650853559513,62.06,24,100,54410,3.2173736095428467,3.2072646617889404,0.01010894775390625,0.009550809860229492,122.98046875,42
FedHST,FashionMNIST,0.1,0.9,0.999,9,0.932173363494873,0.6146848592918366,64.54,25,100,54410,3.0736405849456787,3.0633065700531006,0.010334014892578125,0.00976419448852539,122.98046875,42
FedHST,FashionMNIST,0.1,0.9,0.999,10,0.8311330801010132,0.6805868990330395,68.88,20,100,54410,2.5221054553985596,2.5126845836639404,0.00942087173461914,0.008830785751342773,122.98046875,42
FedHST,FashionMNIST,0.1,0.9,0.999,11,0.7284961986541748,0.734345844681806,74.26,20,100,54410,2.0743370056152344,2.0656063556671143,0.008730649948120117,0.00821685791015625,122.98046875,42
FedHST,FashionMNIST,0.1,0.9,0.999,12,0.722579787349701,0.7337054162736801,75.21,30,100,54410,4.34739351272583,4.335264205932617,0.01212930679321289,0.01151728630065918,122.98046875,42
FedHST,FashionMNIST,0.1,0.9,0.999,13,0.6665695449829102,0.7436676098514861,76.55,29,100,54410,4.103032827377319,4.090090990066528,0.012941837310791016,0.0123291015625,122.98046875,42
FedHST,FashionMNIST,0.1,0.9,0.999,14,0.5924211353302002,0.7740659581682825,79.09,22,100,54410,3.642761468887329,3.6332790851593018,0.009482383728027344,0.008866310119628906,122.98046875,42
FedHST,FashionMNIST,0.1,0.9,0.999,15,0.6093338177204132,0.7814154315441033,79.55,28,100,54410,4.505574464797974,4.493787527084351,0.011786937713623047,0.011171579360961914,122.98046875,42
FedHST,FashionMNIST,0.1,0.9,0.999,16,0.6845944654941559,0.7562900429086363,77.12,28,100,54410,5.1792192459106445,5.167381525039673,0.01183772087097168,0.011291027069091797,122.98046875,42
FedHST,FashionMNIST,0.1,0.9,0.999,17,0.6705425321578979,0.7565274122874703,77.0,26,100,54410,4.722662925720215,4.71181583404541,0.010847091674804688,0.010265350341796875,122.98046875,42
FedHST,FashionMNIST,0.1,0.9,0.999,18,0.5358165022850037,0.8056211031584279,81.16,21,100,54410,3.448882818222046,3.4405291080474854,0.008353710174560547,0.007761716842651367,122.98046875,42
FedHST,FashionMNIST,0.1,0.9,0.999,19,0.48838163022994996,0.8259348950880965,82.48,28,100,54410,5.216674327850342,5.205848455429077,0.010825872421264648,0.010264396667480469,122.98046875,42
FedHST,FashionMNIST,0.1,0.9,0.999,20,0.5329354478836059,0.8090908153612191,80.27,28,100,54410,4.047745227813721,4.035314321517944,0.012430906295776367,0.011781454086303711,122.98046875,42
FedHST,FashionMNIST,0.1,0.9,0.999,21,0.5437251217842102,0.805504381154924,80.23,24,100,54410,4.217320442199707,4.206336975097656,0.010983467102050781,0.010329008102416992,122.98046875,42
FedHST,FashionMNIST,0.1,0.9,0.999,22,0.5308960853099823,0.8085361687434629,80.75,26,100,54410,3.800407886505127,3.7901270389556885,0.010280847549438477,0.009665489196777344,122.98046875,42
FedHST,FashionMNIST,0.1,0.9,0.999,23,0.5219138832092285,0.8071792499094779,80.92,28,100,54410,4.76072096824646,4.748116493225098,0.012604475021362305,0.011917829513549805,122.98046875,42
FedHST,FashionMNIST,0.1,0.9,0.999,24,0.49918689270019534,0.8133371750614096,82.11,23,100,54410,2.8990421295166016,2.8893964290618896,0.009645700454711914,0.009099483489990234,122.98046875,42
FedHST,FashionMNIST,0.1,0.9,0.999,25,0.46995214171409605,0.8224544505951566,83.24,29,100,54410,3.4369239807128906,3.4246034622192383,0.012320518493652344,0.011681556701660156,122.98046875,42
FedHST,FashionMNIST,0.1,0.9,0.999,26,0.46963952016830446,0.8152600016104063,82.88,26,100,54410,4.112241506576538,4.100363254547119,0.011878252029418945,0.011215448379516602,122.98046875,42
FedHST,FashionMNIST,0.1,0.9,0.999,27,0.48037207679748534,0.816259657776145,82.66,27,100,54410,3.91450834274292,3.903916358947754,0.010591983795166016,0.010053157806396484,122.98046875,42
FedHST,FashionMNIST,0.1,0.9,0.999,28,0.4729039788246155,0.8161953559511657,82.41,30,100,54410,4.503672361373901,4.492605447769165,0.011066913604736328,0.010464668273925781,122.98095703125,42
FedHST,FashionMNIST,0.1,0.9,0.999,29,0.4442856992006302,0.8344725994387187,83.79,25,100,54410,2.6602511405944824,2.648698568344116,0.011552572250366211,0.010914087295532227,122.98095703125,42
FedHST,FashionMNIST,0.1,0.9,0.999,30,0.4144032114267349,0.8495390467056311,85.02,28,100,54410,3.803161859512329,3.7906241416931152,0.012537717819213867,0.011916399002075195,122.98095703125,42
FedHST,FashionMNIST,0.1,0.9,0.999,31,0.42447136068344116,0.8505140330761529,84.82,25,100,54410,3.409227132797241,3.397751808166504,0.011475324630737305,0.010788440704345703,122.98095703125,42
FedHST,FashionMNIST,0.1,0.9,0.999,32,0.47469329409599303,0.8234079074105816,82.13,25,100,54410,3.5356364250183105,3.5241689682006836,0.011467456817626953,0.01082921028137207,122.98095703125,42
FedHST,FashionMNIST,0.1,0.9,0.999,33,0.47965980010032655,0.8237847759748714,82.33,27,100,54410,4.943166017532349,4.930988550186157,0.012177467346191406,0.011583805084228516,122.98095703125,42
FedHST,FashionMNIST,0.1,0.9,0.999,34,0.44016396358013155,0.8404570313421111,84.09,29,100,54410,5.441673040390015,5.428778648376465,0.012894392013549805,0.012274503707885742,122.98095703125,42
FedHST,FashionMNIST,0.1,0.9,0.999,35,0.4275852623701096,0.8436151997847094,84.94,27,100,54410,4.505638360977173,4.493408918380737,0.012229442596435547,0.01166391372680664,122.98095703125,42
FedHST,FashionMNIST,0.1,0.9,0.999,36,0.44809535489082336,0.8279788869584707,84.22,26,100,54410,5.017136335372925,5.005214214324951,0.011922121047973633,0.011268138885498047,122.98095703125,42
FedHST,FashionMNIST,0.1,0.9,0.999,37,0.5083247893095016,0.7952620658254259,81.36,22,100,54410,4.2992284297943115,4.290013790130615,0.009214639663696289,0.008677005767822266,122.98095703125,42
FedHST,FashionMNIST,0.1,0.9,0.999,38,0.5939352886199951,0.7636681216420754,78.8,25,100,54410,3.4845213890075684,3.473362684249878,0.01115870475769043,0.010556936264038086,122.98095703125,42
FedHST,FashionMNIST,0.1,0.9,0.999,39,0.5929768335819244,0.7628595792151018,78.67,27,100,54410,4.649893045425415,4.6377880573272705,0.012104988098144531,0.011541604995727539,122.98095703125,42
FedHST,FashionMNIST,0.1,0.9,0.999,40,0.4930091342926025,0.8055555114174661,81.73,27,100,54410,4.5477213859558105,4.537120819091797,0.010600566864013672,0.010048389434814453,122.98095703125,42
FedHST,FashionMNIST,0.1,0.9,0.999,41,0.3988452877759934,0.8518123914284589,85.39,26,100,54410,4.670597791671753,4.659360647201538,0.011237144470214844,0.010658502578735352,122.98095703125,42
FedHST,FashionMNIST,0.1,0.9,0.999,42,0.412370508480072,0.8467603282793116,84.42,28,100,54410,4.454986810684204,4.442833185195923,0.01215362548828125,0.01152658462524414,122.98095703125,42
FedHST,FashionMNIST,0.1,0.9,0.999,43,0.4803061091423035,0.8106068623743281,81.49,26,100,54410,3.60237455368042,3.591153144836426,0.01122140884399414,0.010574579238891602,122.98095703125,42
FedHST,FashionMNIST,0.1,0.9,0.999,44,0.4868202493190765,0.8136888736078562,82.06,29,100,54410,5.039306640625,5.027347803115845,0.011958837509155273,0.011416435241699219,122.98095703125,42
FedHST,FashionMNIST,0.1,0.9,0.999,45,0.4821896806240082,0.8224440375387136,82.54,26,100,54410,3.0784308910369873,3.0671193599700928,0.011311531066894531,0.010740041732788086,122.98095703125,42
FedHST,FashionMNIST,0.1,0.9,0.999,46,0.44851214933395384,0.8381786828845268,83.99,30,100,54410,4.575371026992798,4.563192844390869,0.012178182601928711,0.011597156524658203,122.98095703125,42
FedHST,FashionMNIST,0.1,0.9,0.999,47,0.4118387971878052,0.8515100530402269,85.72,27,100,54410,3.314765453338623,3.304597854614258,0.010167598724365234,0.00969076156616211,122.98095703125,42
FedHST,FashionMNIST,0.1,0.9,0.999,48,0.4149226007461548,0.8476669228042238,85.5,27,100,54410,4.3259663581848145,4.3144354820251465,0.011530876159667969,0.01092672348022461,122.98095703125,42
FedHST,FashionMNIST,0.1,0.9,0.999,49,0.4300663952827454,0.8377355381409848,84.4,25,100,54410,3.118635654449463,3.1081783771514893,0.010457277297973633,0.009903669357299805,122.98095703125,42
FedHST,FashionMNIST,0.1,0.9,0.999,50,0.4163045553445816,0.8441415782836869,84.85,30,100,54410,4.0366809368133545,4.0237812995910645,0.012899637222290039,0.012292146682739258,122.98095703125,42
FedHST,FashionMNIST,0.3,0.9,0.999,1,2.0345234371185303,0.1839411229628885,26.42,30,100,54410,5.95527982711792,5.941684722900391,0.013595104217529297,0.012980461120605469,122.7568359375,42
FedHST,FashionMNIST,0.3,0.9,0.999,2,1.5421648111343385,0.3417528777093791,43.21,26,100,54410,4.303135395050049,4.291122674942017,0.012012720108032227,0.011411666870117188,122.7568359375,42
FedHST,FashionMNIST,0.3,0.9,0.999,3,1.208513875579834,0.4617305678924494,52.83,30,100,54410,4.696372032165527,4.684165954589844,0.012206077575683594,0.011576652526855469,122.98046875,42
FedHST,FashionMNIST,0.3,0.9,0.999,4,1.041041517162323,0.5851979036847894,62.57,23,100,54410,2.9565865993499756,2.946718215942383,0.009868383407592773,0.009295940399169922,122.98046875,42
FedHST,FashionMNIST,0.3,0.9,0.999,5,0.8474148967742919,0.6870344968049885,70.77,26,100,54410,3.84916615486145,3.8389179706573486,0.010248184204101562,0.009735584259033203,122.98046875,42
FedHST,FashionMNIST,0.3,0.9,0.999,6,0.7512722575187684,0.7343701623424261,74.11,24,100,54410,4.6932899951934814,4.684072494506836,0.009217500686645508,0.008658170700073242,122.98046875,42
FedHST,FashionMNIST,0.3,0.9,0.999,7,0.8212093245506287,0.6770266606823168,70.04,28,100,54410,4.381930828094482,4.370580673217773,0.011350154876708984,0.010744571685791016,122.98046875,42
FedHST,FashionMNIST,0.3,0.9,0.999,8,0.8579422117233276,0.6403339194203992,68.1,24,100,54410,3.2741339206695557,3.264126777648926,0.010007143020629883,0.009485721588134766,122.98046875,42
FedHST,FashionMNIST,0.3,0.9,0.999,9,0.8362950533866882,0.6186128720799717,66.38,25,100,54410,3.1057822704315186,3.095593214035034,0.010189056396484375,0.009663581848144531,122.98046875,42
FedHST,FashionMNIST,0.3,0.9,0.999,10,0.8009085744857788,0.6451735215317331,67.37,20,100,54410,2.6765713691711426,2.6668190956115723,0.009752273559570312,0.009046077728271484,122.98046875,42
FedHST,FashionMNIST,0.3,0.9,0.999,11,0.7278448809623719,0.7231975703605579,72.95,20,100,54410,2.377269983291626,2.368234157562256,0.009035825729370117,0.008495092391967773,122.98046875,42
FedHST,FashionMNIST,0.3,0.9,0.999,12,0.7033633072376251,0.7361830813491286,74.85,30,100,54410,5.045971393585205,5.033144235610962,0.012827157974243164,0.012188196182250977,122.98046875,42
FedHST,FashionMNIST,0.3,0.9,0.999,13,0.6887657657623291,0.7403279356247785,75.83,29,100,54410,4.556061029434204,4.543034791946411,0.013026237487792969,0.012399911880493164,122.98046875,42
FedHST,FashionMNIST,0.3,0.9,0.999,14,0.6689727460384369,0.7440483178346731,76.6,22,100,54410,3.64506459236145,3.6350038051605225,0.010060787200927734,0.009457588195800781,122.98046875,42
FedHST,FashionMNIST,0.3,0.9,0.999,15,0.6320965292930603,0.7506163486105797,77.65,28,100,54410,4.15147066116333,4.139573574066162,0.011897087097167969,0.011307477951049805,122.98046875,42
FedHST,FashionMNIST,0.3,0.9,0.999,16,0.6186118900299072,0.759815536033196,78.29,28,100,54410,4.763918876647949,4.751688003540039,0.012230873107910156,0.011485815048217773,122.98046875,42
FedHST,FashionMNIST,0.3,0.9,0.999,17,0.6206512926101685,0.7670806023721782,78.37,26,100,54410,4.329795837402344,4.317739725112915,0.012056112289428711,0.011381387710571289,122.98046875,42
FedHST,FashionMNIST,0.3,0.9,0.999,18,0.5892135918140411,0.7768969743080057,78.7,21,100,54410,3.5169012546539307,3.5063693523406982,0.010531902313232422,0.009876012802124023,122.98046875,42
FedHST,FashionMNIST,0.3,0.9,0.999,19,0.5424977508544921,0.7969376580371071,80.22,28,100,54410,5.298894643783569,5.287232398986816,0.01166224479675293,0.011154413223266602,122.98046875,42
FedHST,FashionMNIST,0.3,0.9,0.999,20,0.51650021443367,0.8114345732702286,81.03,28,100,54410,4.232839822769165,4.220093727111816,0.012746095657348633,0.012029170989990234,122.98046875,42
FedHST,FashionMNIST,0.3,0.9,0.999,21,0.5155586202144623,0.8113531574409457,80.63,24,100,54410,4.816726207733154,4.805822134017944,0.010904073715209961,0.01032567024230957,122.98046875,42
FedHST,FashionMNIST,0.3,0.9,0.999,22,0.5153694548606873,0.8172209694732672,81.31,26,100,54410,4.506465673446655,4.4935362339019775,0.012929439544677734,0.012331724166870117,122.98046875,42
FedHST,FashionMNIST,0.3,0.9,0.999,23,0.5164592398166656,0.810618644214129,81.11,28,100,54410,5.719095468521118,5.707584619522095,0.011510848999023438,0.010913372039794922,122.98046875,42
FedHST,FashionMNIST,0.3,0.9,0.999,24,0.5331263860702514,0.7977911754837795,80.5,23,100,54410,3.2580645084381104,3.2472972869873047,0.010767221450805664,0.01006007194519043,122.98046875,42
FedHST,FashionMNIST,0.3,0.9,0.999,25,0.5426239189624786,0.791914425010975,80.4,29,100,54410,3.905717372894287,3.8939356803894043,0.011781692504882812,0.011215448379516602,122.98046875,42
FedHST,FashionMNIST,0.3,0.9,0.999,26,0.5425467820167541,0.7835672687025299,80.63,26,100,54410,4.650490999221802,4.638446569442749,0.012044429779052734,0.01139068603515625,122.98046875,42
FedHST,FashionMNIST,0.3,0.9,0.999,27,0.5012577338218689,0.8009681270716655,82.28,27,100,54410,4.295418977737427,4.284196615219116,0.011222362518310547,0.010645389556884766,122.98046875,42
FedHST,FashionMNIST,0.3,0.9,0.999,28,0.47058338317871096,0.817290856525171,83.26,30,100,54410,5.047199964523315,5.034932374954224,0.012267589569091797,0.011669397354125977,122.98095703125,42
FedHST,FashionMNIST,0.3,0.9,0.999,29,0.4472356623649597,0.8346798012212563,84.25,25,100,54410,2.7383100986480713,2.727644443511963,0.010665655136108398,0.010094404220581055,122.98095703125,42
FedHST,FashionMNIST,0.3,0.9,0.999,30,0.43631642661094666,0.8423073520218344,84.65,28,100,54410,3.828294277191162,3.817157030105591,0.011137247085571289,0.010506868362426758,122.98095703125,42
FedHST,FashionMNIST,0.3,0.9,0.999,31,0.4293051858901977,0.8495730602998881,84.88,25,100,54410,3.1991939544677734,3.1894121170043945,0.009781837463378906,0.00924825668334961,122.98095703125,42
FedHST,FashionMNIST,0.3,0.9,0.999,32,0.4628109639644623,0.8319855967076988,82.65,25,100,54410,2.937523365020752,2.9254190921783447,0.012104272842407227,0.01148080825805664,122.98095703125,42
FedHST,FashionMNIST,0.3,0.9,0.999,33,0.4782954577922821,0.8220589957113417,81.66,27,100,54410,4.208220481872559,4.195605039596558,0.012615442276000977,0.011978626251220703,122.98095703125,42
FedHST,FashionMNIST,0.3,0.9,0.999,34,0.44363026208877565,0.840609558244406,83.76,29,100,54410,4.641026496887207,4.629040241241455,0.011986255645751953,0.011394023895263672,122.98095703125,42
FedHST,FashionMNIST,0.3,0.9,0.999,35,0.4215025771141052,0.8513838544229619,85.19,27,100,54410,3.9297261238098145,3.919027328491211,0.010698795318603516,0.01009225845336914,122.98095703125,42
FedHST,FashionMNIST,0.3,0.9,0.999,36,0.43200144679546354,0.8419743949630691,84.85,26,100,54410,4.218046188354492,4.207565784454346,0.010480403900146484,0.009956598281860352,122.98095703125,42
FedHST,FashionMNIST,0.3,0.9,0.999,37,0.4531731864452362,0.8268922621656095,84.11,22,100,54410,3.7163398265838623,3.707791328430176,0.008548498153686523,0.008016586303710938,122.98095703125,42
FedHST,FashionMNIST,0.3,0.9,0.999,38,0.49538560786247254,0.8069682206992932,82.94,25,100,54410,3.043323516845703,3.033212900161743,0.010110616683959961,0.009598255157470703,122.98095703125,42
FedHST,FashionMNIST,0.3,0.9,0.999,39,0.5177307122707367,0.7968285847382786,82.06,27,100,54410,4.080844402313232,4.070977449417114,0.009866952896118164,0.009363174438476562,122.98095703125,42
FedHST,FashionMNIST,0.3,0.9,0.999,40,0.4916798142910004,0.8065493440390222,82.36,27,100,54410,3.998624324798584,3.986806869506836,0.011817455291748047,0.01109623908996582,122.98095703125,42
FedHST,FashionMNIST,0.3,0.9,0.999,41,0.43823965950012206,0.8323228991186389,84.06,26,100,54410,4.086873769760132,4.077293634414673,0.009580135345458984,0.009032964706420898,122.98095703125,42
FedHST,FashionMNIST,0.3,0.9,0.999,42,0.40051453337669374,0.8538786503601232,85.63,28,100,54410,4.166698455810547,4.153057098388672,0.013641357421875,0.012859344482421875,122.98095703125,42
FedHST,FashionMNIST,0.3,0.9,0.999,43,0.4073588346719742,0.8513039884388333,84.83,26,100,54410,3.874596357345581,3.863328695297241,0.011267662048339844,0.010655403137207031,122.98095703125,42
FedHST,FashionMNIST,0.3,0.9,0.999,44,0.41989119114875795,0.8450943547417455,84.09,29,100,54410,4.802358627319336,4.789462327957153,0.012896299362182617,0.012289047241210938,122.98095703125,42
FedHST,FashionMNIST,0.3,0.9,0.999,45,0.42408710072040556,0.8446263829858397,84.16,26,100,54410,2.7768661975860596,2.7648568153381348,0.012009382247924805,0.011333703994750977,122.98095703125,42
FedHST,FashionMNIST,0.3,0.9,0.999,46,0.40664874601364137,0.8548348255155833,85.36,30,100,54410,4.599170207977295,4.585554838180542,0.01361536979675293,0.012951850891113281,122.98095703125,42
FedHST,FashionMNIST,0.3,0.9,0.999,47,0.39473108031749726,0.8586751199782718,85.96,27,100,54410,3.570777416229248,3.5581653118133545,0.012612104415893555,0.011965036392211914,122.98095703125,42
FedHST,FashionMNIST,0.3,0.9,0.999,48,0.39476927111148835,0.8591285800327391,86.26,27,100,54410,4.458502292633057,4.446851968765259,0.011650323867797852,0.011020183563232422,122.98095703125,42
FedHST,FashionMNIST,0.3,0.9,0.999,49,0.4009146025419235,0.855613784076074,86.13,25,100,54410,3.198561191558838,3.1875312328338623,0.011029958724975586,0.010525941848754883,122.98095703125,42
FedHST,FashionMNIST,0.3,0.9,0.999,50,0.39286329934597014,0.8582879140798045,86.42,30,100,54410,3.9937314987182617,3.9812803268432617,0.012451171875,0.011899948120117188,122.98095703125,42
FedHST,FashionMNIST,0.5,0.9,0.999,1,2.0543050369262694,0.17766728775076923,25.55,30,100,54410,4.956711053848267,4.944837808609009,0.011873245239257812,0.011332035064697266,122.7568359375,42
FedHST,FashionMNIST,0.5,0.9,0.999,2,1.6179615463256836,0.29421511668575795,40.48,26,100,54410,3.769282341003418,3.7584266662597656,0.010855674743652344,0.010327816009521484,122.7568359375,42
FedHST,FashionMNIST,0.5,0.9,0.999,3,1.2886125064849854,0.4411332889986964,51.78,30,100,54410,4.384597539901733,4.37253999710083,0.01205754280090332,0.01151585578918457,122.98046875,42
FedHST,FashionMNIST,0.5,0.9,0.999,4,1.0889477898597717,0.4884072632674723,54.93,23,100,54410,2.7658212184906006,2.756699800491333,0.009121417999267578,0.008566141128540039,122.98046875,42
FedHST,FashionMNIST,0.5,0.9,0.999,5,0.894386956691742,0.6617474237343839,68.89,26,100,54410,3.3900747299194336,3.3788602352142334,0.011214494705200195,0.010615110397338867,122.98046875,42
FedHST,FashionMNIST,0.5,0.9,0.999,6,0.7609183052062988,0.7317264909606905,74.21,24,100,54410,4.723483324050903,4.713220596313477,0.010262727737426758,0.009659051895141602,122.98046875,42
FedHST,FashionMNIST,0.5,0.9,0.999,7,0.8002981030464172,0.6957793918050792,71.21,28,100,54410,4.7743518352508545,4.761797189712524,0.012554645538330078,0.01188969612121582,122.98046875,42
FedHST,FashionMNIST,0.5,0.9,0.999,8,0.8347495900154114,0.6619187845865934,69.54,24,100,54410,3.586874008178711,3.5757229328155518,0.01115107536315918,0.010506391525268555,122.98046875,42
FedHST,FashionMNIST,0.5,0.9,0.999,9,0.8077207558631897,0.6581680698735044,69.49,25,100,54410,3.596928596496582,3.585125207901001,0.011803388595581055,0.011178970336914062,122.98046875,42
FedHST,FashionMNIST,0.5,0.9,0.999,10,0.7754443742752075,0.6588422120009255,68.58,20,100,54410,3.1517014503479004,3.1421380043029785,0.009563446044921875,0.008925437927246094,122.98046875,42
FedHST,FashionMNIST,0.5,0.9,0.999,11,0.7025494688034057,0.7188845456152464,72.87,20,100,54410,2.5494303703308105,2.540619373321533,0.008810997009277344,0.008263587951660156,122.98046875,42
FedHST,FashionMNIST,0.5,0.9,0.999,12,0.6854553599357605,0.7293543841685249,74.27,30,100,54410,5.093065500259399,5.079533576965332,0.013531923294067383,0.012862205505371094,122.98046875,42
FedHST,FashionMNIST,0.5,0.9,0.999,13,0.6874646472930909,0.7294525705711163,74.67,29,100,54410,4.443598031997681,4.430934429168701,0.012663602828979492,0.012051105499267578,122.98046875,42
FedHST,FashionMNIST,0.5,0.9,0.999,14,0.7049600583553314,0.7292319109444523,74.97,22,100,54410,3.763016700744629,3.7529938220977783,0.010022878646850586,0.00937795639038086,122.98046875,42
FedHST,FashionMNIST,0.5,0.9,0.999,15,0.6780240052700043,0.7359219938964712,76.21,28,100,54410,4.493489980697632,4.481895685195923,0.011594295501708984,0.011010408401489258,122.98046875,42
FedHST,FashionMNIST,0.5,0.9,0.999,16,0.64457342877388,0.748545552326122,77.45,28,100,54410,4.836698532104492,4.823516368865967,0.01318216323852539,0.012543916702270508,122.98046875,42
FedHST,FashionMNIST,0.5,0.9,0.999,17,0.6185066715717316,0.7637300633914841,78.18,26,100,54410,4.8465471267700195,4.830659866333008,0.01588726043701172,0.015131711959838867,122.98046875,42
FedHST,FashionMNIST,0.5,0.9,0.999,18,0.5820757942199707,0.780681777405862,79.1,21,100,54410,3.5020623207092285,3.492910146713257,0.00915217399597168,0.008550167083740234,122.98046875,42
FedHST,FashionMNIST,0.5,0.9,0.999,19,0.5529066819190979,0.7909152251330248,79.61,28,100,54410,4.969067573547363,4.956225395202637,0.012842178344726562,0.012156248092651367,122.98046875,42
FedHST,FashionMNIST,0.5,0.9,0.999,20,0.5176839891433715,0.8084350687789004,80.91,28,100,54410,3.914308547973633,3.901782274246216,0.012526273727416992,0.011908292770385742,122.98046875,42
FedHST,FashionMNIST,0.5,0.9,0.999,21,0.5066569754123688,0.8150518600541388,81.27,24,100,54410,4.3681700229644775,4.35773777961731,0.010432243347167969,0.00975656509399414,122.98046875,42
FedHST,FashionMNIST,0.5,0.9,0.999,22,0.50655225481987,0.8138666252748052,81.04,26,100,54410,3.9988009929656982,3.986823081970215,0.011977910995483398,0.01136469841003418,122.98046875,42
FedHST,FashionMNIST,0.5,0.9,0.999,23,0.5093752426624298,0.8151063398344235,81.54,28,100,54410,4.764423847198486,4.752764701843262,0.01165914535522461,0.011077642440795898,122.98046875,42
FedHST,FashionMNIST,0.5,0.9,0.999,24,0.5182035385131836,0.8037105021077989,80.93,23,100,54410,3.0318899154663086,3.0204176902770996,0.011472225189208984,0.010853290557861328,122.98046875,42
FedHST,FashionMNIST,0.5,0.9,0.999,25,0.5361487490653992,0.7938378973693394,80.32,29,100,54410,3.6450226306915283,3.632058620452881,0.012964010238647461,0.012338876724243164,122.98046875,42
FedHST,FashionMNIST,0.5,0.9,0.999,26,0.5494209257125855,0.7815846287478531,80.17,26,100,54410,4.2050440311431885,4.192990064620972,0.012053966522216797,0.011391639709472656,122.98046875,42
FedHST,FashionMNIST,0.5,0.9,0.999,27,0.5190411046028137,0.7890752110928277,81.23,27,100,54410,3.971896171569824,3.960036516189575,0.011859655380249023,0.01123499870300293,122.98046875,42
FedHST,FashionMNIST,0.5,0.9,0.999,28,0.4855683227300644,0.8083770979553624,82.73,30,100,54410,4.801292657852173,4.787441253662109,0.013851404190063477,0.013201236724853516,122.98095703125,42
FedHST,FashionMNIST,0.5,0.9,0.999,29,0.4545705709218979,0.8251337625825824,83.71,25,100,54410,3.112825393676758,3.101271867752075,0.011553525924682617,0.010874509811401367,122.98095703125,42
FedHST,FashionMNIST,0.5,0.9,0.999,30,0.44038991656303406,0.8375646912420519,84.49,28,100,54410,4.6579999923706055,4.645320653915405,0.012679338455200195,0.012033462524414062,122.98095703125,42
FedHST,FashionMNIST,0.5,0.9,0.999,31,0.4283814289569855,0.8469777823208189,84.89,25,100,54410,3.7668001651763916,3.755263090133667,0.01153707504272461,0.010847330093383789,122.98095703125,42
FedHST,FashionMNIST,0.5,0.9,0.999,32,0.4427565892219543,0.8417436877640576,83.88,25,100,54410,3.195786237716675,3.1845004558563232,0.011285781860351562,0.010628461837768555,122.98095703125,42
FedHST,FashionMNIST,0.5,0.9,0.999,33,0.4572959424972534,0.8332103972297095,82.9,27,100,54410,4.463974475860596,4.451696872711182,0.012277603149414062,0.011630535125732422,122.98095703125,42
FedHST,FashionMNIST,0.5,0.9,0.999,34,0.4381771983146667,0.8444976077450377,84.14,29,100,54410,5.077995300292969,5.06531834602356,0.01267695426940918,0.012047767639160156,122.98095703125,42
FedHST,FashionMNIST,0.5,0.9,0.999,35,0.42226391468048097,0.85202406350142,85.15,27,100,54410,4.162426233291626,4.150357723236084,0.012068510055541992,0.011466264724731445,122.98095703125,42
FedHST,FashionMNIST,0.5,0.9,0.999,36,0.4301086372852325,0.845027273282186,84.9,26,100,54410,4.613135814666748,4.60171103477478,0.011424779891967773,0.010792970657348633,122.98095703125,42
FedHST,FashionMNIST,0.5,0.9,0.999,37,0.44894379243850707,0.831820345259589,84.18,22,100,54410,3.906461715698242,3.895942449569702,0.010519266128540039,0.009862422943115234,122.98095703125,42
FedHST,FashionMNIST,0.5,0.9,0.999,38,0.4844544508934021,0.8109484756232128,82.98,25,100,54410,3.2698893547058105,3.2586164474487305,0.011272907257080078,0.010683774948120117,122.98095703125,42
FedHST,FashionMNIST,0.5,0.9,0.999,39,0.5025978901863098,0.8005379327781613,82.22,27,100,54410,4.375096559524536,4.362253904342651,0.012842655181884766,0.012208938598632812,122.98095703125,42
FedHST,FashionMNIST,0.5,0.9,0.999,40,0.48065370309352873,0.8075637995317433,82.54,27,100,54410,4.235046625137329,4.2241833209991455,0.010863304138183594,0.01028299331665039,122.98095703125,42
FedHST,FashionMNIST,0.5,0.9,0.999,41,0.43548375160694125,0.8315301921222046,84.13,26,100,54410,4.599212408065796,4.586963176727295,0.012249231338500977,0.011557579040527344,122.98095703125,42
FedHST,FashionMNIST,0.5,0.9,0.999,42,0.4009013214588165,0.8536764050242851,85.75,28,100,54410,4.712079763412476,4.6991987228393555,0.012881040573120117,0.012246131896972656,122.98095703125,42
FedHST,FashionMNIST,0.5,0.9,0.999,43,0.3926986878156662,0.8598973621220825,85.91,26,100,54410,3.6311450004577637,3.6199803352355957,0.011164665222167969,0.010545730590820312,122.98095703125,42
FedHST,FashionMNIST,0.5,0.9,0.999,44,0.40343897631168363,0.8557407316062718,85.36,29,100,54410,5.311593294143677,5.298165559768677,0.013427734375,0.012634038925170898,122.98095703125,42
FedHST,FashionMNIST,0.5,0.9,0.999,45,0.4144025996208191,0.8515468149623009,84.91,26,100,54410,2.82344651222229,2.8126726150512695,0.010773897171020508,0.01022648811340332,122.98095703125,42
FedHST,FashionMNIST,0.5,0.9,0.999,46,0.4049624097108841,0.8541322660694657,85.27,30,100,54410,4.659464359283447,4.645724058151245,0.013740301132202148,0.013129711151123047,122.98095703125,42
FedHST,FashionMNIST,0.5,0.9,0.999,47,0.3932441867828369,0.8580294312168182,85.8,27,100,54410,3.658267021179199,3.64619517326355,0.012071847915649414,0.011412382125854492,122.98095703125,42
FedHST,FashionMNIST,0.5,0.9,0.999,48,0.3881531877040863,0.8609852097058768,86.27,27,100,54410,4.655755043029785,4.643909931182861,0.011845111846923828,0.011167764663696289,122.98095703125,42
FedHST,FashionMNIST,0.5,0.9,0.999,49,0.39100050089359284,0.8577231275854496,86.08,25,100,54410,3.5811824798583984,3.569993734359741,0.011188745498657227,0.01054072380065918,122.98095703125,42
FedHST,FashionMNIST,0.5,0.9,0.999,50,0.3870585387468338,0.8585578778122762,86.23,30,100,54410,4.671267986297607,4.658473014831543,0.012794971466064453,0.012184619903564453,122.98095703125,42
FedHST,FashionMNIST,0.7,0.9,0.999,1,2.0722275650024415,0.17751740926104526,24.83,30,100,54410,5.4929728507995605,5.48072624206543,0.01224660873413086,0.011643171310424805,122.7568359375,42
FedHST,FashionMNIST,0.7,0.9,0.999,2,1.6700021434783936,0.2719436973806808,39.17,26,100,54410,3.9209728240966797,3.9106266498565674,0.010346174240112305,0.009765625,122.7568359375,42
FedHST,FashionMNIST,0.7,0.9,0.999,3,1.346658658027649,0.4257082983535511,50.7,30,100,54410,4.610752582550049,4.598180055618286,0.012572526931762695,0.012053966522216797,122.98046875,42
FedHST,FashionMNIST,0.7,0.9,0.999,4,1.1279403427124024,0.4335882271496475,51.44,23,100,54410,2.9112582206726074,2.900503635406494,0.010754585266113281,0.010148286819458008,122.98046875,42
FedHST,FashionMNIST,0.7,0.9,0.999,5,0.9374788644790649,0.6203150682937721,65.46,26,100,54410,3.5015130043029785,3.4895925521850586,0.011920452117919922,0.011291027069091797,122.98046875,42
FedHST,FashionMNIST,0.7,0.9,0.999,6,0.7832853870391846,0.7190942055162239,73.28,24,100,54410,4.57426643371582,4.563225030899048,0.011041402816772461,0.010430097579956055,122.98046875,42
FedHST,FashionMNIST,0.7,0.9,0.999,7,0.7933630571365357,0.7071442674786524,72.21,28,100,54410,4.2842628955841064,4.272029399871826,0.012233495712280273,0.011532068252563477,122.98046875,42
FedHST,FashionMNIST,0.7,0.9,0.999,8,0.822018546295166,0.6718940353673615,70.19,24,100,54410,3.365785837173462,3.3560492992401123,0.00973653793334961,0.009192705154418945,122.98046875,42
FedHST,FashionMNIST,0.7,0.9,0.999,9,0.7946648231506348,0.6758456114133209,70.84,25,100,54410,3.3151447772979736,3.304673433303833,0.010471343994140625,0.009919881820678711,122.98046875,42
FedHST,FashionMNIST,0.7,0.9,0.999,10,0.7528328985214233,0.678391414163383,70.25,20,100,54410,2.7426815032958984,2.7331502437591553,0.009531259536743164,0.008904695510864258,122.98046875,42
FedHST,FashionMNIST,0.7,0.9,0.999,11,0.6930184635162353,0.7195408247825548,73.1,20,100,54410,2.3269622325897217,2.3169827461242676,0.009979486465454102,0.009359121322631836,122.98046875,42
FedHST,FashionMNIST,0.7,0.9,0.999,12,0.683451289510727,0.7261902960554394,74.01,30,100,54410,5.113327264785767,5.100137233734131,0.013190031051635742,0.012575864791870117,122.98046875,42
FedHST,FashionMNIST,0.7,0.9,0.999,13,0.6825288140296936,0.7259935266483025,74.39,29,100,54410,4.870581150054932,4.858781099319458,0.011800050735473633,0.011159658432006836,122.98046875,42
FedHST,FashionMNIST,0.7,0.9,0.999,14,0.69581446018219,0.7259702063032722,74.72,22,100,54410,4.162428379058838,4.1520397663116455,0.010388612747192383,0.00975346565246582,122.98046875,42
FedHST,FashionMNIST,0.7,0.9,0.999,15,0.6891869653701782,0.7279584153101412,75.47,28,100,54410,4.496639251708984,4.483778953552246,0.012860298156738281,0.012191057205200195,122.98046875,42
FedHST,FashionMNIST,0.7,0.9,0.999,16,0.662718629360199,0.7423624744907381,76.93,28,100,54410,4.740405559539795,4.728144407272339,0.012261152267456055,0.011651754379272461,122.98046875,42
FedHST,FashionMNIST,0.7,0.9,0.999,17,0.6265159040451049,0.7622169959075293,78.25,26,100,54410,4.353024005889893,4.341289043426514,0.011734962463378906,0.011123180389404297,122.98046875,42
FedHST,FashionMNIST,0.7,0.9,0.999,18,0.578158141040802,0.783444794584057,79.48,21,100,54410,3.1287906169891357,3.1190385818481445,0.009752035140991211,0.009129047393798828,122.98046875,42
FedHST,FashionMNIST,0.7,0.9,0.999,19,0.5530121330261231,0.7924643093765797,79.78,28,100,54410,5.300926446914673,5.288720369338989,0.012206077575683594,0.011627912521362305,122.98046875,42
FedHST,FashionMNIST,0.7,0.9,0.999,20,0.5218019475460053,0.8077047895961196,80.84,28,100,54410,4.330608606338501,4.317931652069092,0.01267695426940918,0.012027740478515625,122.98046875,42
FedHST,FashionMNIST,0.7,0.9,0.999,21,0.5082891948699951,0.8135851669793235,81.2,24,100,54410,4.424109697341919,4.413141965866089,0.010967731475830078,0.010330915451049805,122.98046875,42
FedHST,FashionMNIST,0.7,0.9,0.999,22,0.49960112686157226,0.8176565933368055,81.47,26,100,54410,4.004866361618042,3.992980718612671,0.011885643005371094,0.01127171516418457,122.98046875,42
FedHST,FashionMNIST,0.7,0.9,0.999,23,0.49549378023147583,0.8196542301869926,81.96,28,100,54410,4.923040390014648,4.911284685134888,0.011755704879760742,0.01121377944946289,122.98046875,42
FedHST,FashionMNIST,0.7,0.9,0.999,24,0.5040944865226745,0.8086676228538522,81.38,23,100,54410,2.9810502529144287,2.969923496246338,0.01112675666809082,0.010527849197387695,122.98046875,42
FedHST,FashionMNIST,0.7,0.9,0.999,25,0.5299244055271148,0.7955609051927724,80.4,29,100,54410,3.5650410652160645,3.552015542984009,0.013025522232055664,0.012384891510009766,122.98046875,42
FedHST,FashionMNIST,0.7,0.9,0.999,26,0.5567181331157685,0.7758336501403783,79.55,26,100,54410,4.23913049697876,4.2279486656188965,0.011181831359863281,0.010585784912109375,122.98046875,42
FedHST,FashionMNIST,0.7,0.9,0.999,27,0.5395348645687104,0.7810552369081316,80.41,27,100,54410,3.9333746433258057,3.921177864074707,0.012196779251098633,0.011610031127929688,122.98046875,42
FedHST,FashionMNIST,0.7,0.9,0.999,28,0.5081361939907074,0.7956241357909707,81.62,30,100,54410,4.659898042678833,4.6475372314453125,0.012360811233520508,0.011821985244750977,122.98095703125,42
FedHST,FashionMNIST,0.7,0.9,0.999,29,0.47065391626358033,0.8152166843108416,83.09,25,100,54410,2.9429545402526855,2.9318089485168457,0.011145591735839844,0.010478019714355469,122.98095703125,42
FedHST,FashionMNIST,0.7,0.9,0.999,30,0.4500474039554596,0.8302695045734045,84.06,28,100,54410,4.045098543167114,4.032397031784058,0.01270151138305664,0.01205587387084961,122.98095703125,42
FedHST,FashionMNIST,0.7,0.9,0.999,31,0.43630362663269046,0.8426997985557243,84.69,25,100,54410,3.279801368713379,3.269118309020996,0.010683059692382812,0.010122060775756836,122.98095703125,42
FedHST,FashionMNIST,0.7,0.9,0.999,32,0.44417613682746887,0.8436455842440509,84.21,25,100,54410,3.0850391387939453,3.0745222568511963,0.010516881942749023,0.0099029541015625,122.98095703125,42
FedHST,FashionMNIST,0.7,0.9,0.999,33,0.45742664546966555,0.8366077119675497,83.3,27,100,54410,4.4453113079071045,4.433142423629761,0.01216888427734375,0.011549234390258789,122.98095703125,42
FedHST,FashionMNIST,0.7,0.9,0.999,34,0.4411552818775177,0.8428296238448192,83.98,29,100,54410,4.831092119216919,4.818760871887207,0.012331247329711914,0.011766195297241211,122.98095703125,42
FedHST,FashionMNIST,0.7,0.9,0.999,35,0.4215636029243469,0.8534979295196126,85.27,27,100,54410,3.9906888008117676,3.9797422885894775,0.010946512222290039,0.010361194610595703,122.98095703125,42
FedHST,FashionMNIST,0.7,0.9,0.999,36,0.4234143202781677,0.8496775461702464,85.25,26,100,54410,4.485923528671265,4.4742701053619385,0.011653423309326172,0.011066198348999023,122.98095703125,42
FedHST,FashionMNIST,0.7,0.9,0.999,37,0.4444190380573273,0.8346524652505222,84.29,22,100,54410,4.326730728149414,4.316486120223999,0.010244607925415039,0.009546995162963867,122.98095703125,42
FedHST,FashionMNIST,0.7,0.9,0.999,38,0.4866839357376099,0.8088491175021426,82.68,25,100,54410,3.14969801902771,3.1386878490448,0.011010169982910156,0.010406494140625,122.98095703125,42
FedHST,FashionMNIST,0.7,0.9,0.999,39,0.5119643827438355,0.7949994679134487,81.81,27,100,54410,4.2805705070495605,4.268663167953491,0.011907339096069336,0.0113067626953125,122.98095703125,42
FedHST,FashionMNIST,0.7,0.9,0.999,40,0.4954652481555939,0.8005334986621684,82.12,27,100,54410,4.306816816329956,4.295193910598755,0.011622905731201172,0.0110015869140625,122.98095703125,42
FedHST,FashionMNIST,0.7,0.9,0.999,41,0.4509248182296753,0.8215324285727543,83.55,26,100,54410,4.2250189781188965,4.214554786682129,0.010464191436767578,0.00990152359008789,122.98095703125,42
FedHST,FashionMNIST,0.7,0.9,0.999,42,0.41200012702941896,0.8472635676634491,85.37,28,100,54410,4.192384243011475,4.179701566696167,0.012682676315307617,0.012009859085083008,122.98095703125,42
FedHST,FashionMNIST,0.7,0.9,0.999,43,0.3902565601348877,0.8611849579486706,86.23,26,100,54410,3.8466341495513916,3.834932565689087,0.011701583862304688,0.011072158813476562,122.98095703125,42
FedHST,FashionMNIST,0.7,0.9,0.999,44,0.3964262371301651,0.8614319079742077,86.13,29,100,54410,4.7860682010650635,4.7736639976501465,0.012404203414916992,0.01182103157043457,122.98095703125,42
FedHST,FashionMNIST,0.7,0.9,0.999,45,0.4089424634695053,0.8543873864366496,85.31,26,100,54410,2.71799373626709,2.7062418460845947,0.011751890182495117,0.011141061782836914,122.98095703125,42
FedHST,FashionMNIST,0.7,0.9,0.999,46,0.40643259558677675,0.8529339421725226,85.18,30,100,54410,4.509325742721558,4.495880365371704,0.013445377349853516,0.012851476669311523,122.98095703125,42
FedHST,FashionMNIST,0.7,0.9,0.999,47,0.39803520963191985,0.8565730522519154,85.63,27,100,54410,3.5645601749420166,3.5524141788482666,0.01214599609375,0.011485099792480469,122.98095703125,42
FedHST,FashionMNIST,0.7,0.9,0.999,48,0.39012538578510286,0.8606957121078075,86.15,27,100,54410,4.481924772262573,4.4713051319122314,0.010619640350341797,0.010068178176879883,122.98095703125,42
FedHST,FashionMNIST,0.7,0.9,0.999,49,0.3854692255973816,0.8618888805430732,86.36,25,100,54410,3.234006643295288,3.222907304763794,0.01109933853149414,0.010534286499023438,122.98095703125,42
FedHST,FashionMNIST,0.7,0.9,0.999,50,0.3804713669538498,0.8621292468444779,86.45,30,100,54410,4.165355205535889,4.153423547744751,0.011931657791137695,0.01141214370727539,122.98095703125,42
FedHST,FashionMNIST,1.0,0.9,0.999,1,2.0936871280670166,0.1836310580053629,24.56,30,100,54410,4.99794602394104,4.984915733337402,0.013030290603637695,0.012444019317626953,122.7568359375,42
FedHST,FashionMNIST,1.0,0.9,0.999,2,1.7254832584381103,0.2590222622054459,38.32,26,100,54410,3.968925714492798,3.9573094844818115,0.011616230010986328,0.010979413986206055,122.7568359375,42
FedHST,FashionMNIST,1.0,0.9,0.999,3,1.4112506614685059,0.41119445798283005,49.5,30,100,54410,5.191054821014404,5.178489446640015,0.012565374374389648,0.011981010437011719,122.98046875,42
FedHST,FashionMNIST,1.0,0.9,0.999,4,1.1745787050247192,0.42094069076435925,50.21,23,100,54410,3.1128861904144287,3.1021852493286133,0.01070094108581543,0.010106086730957031,122.98046875,42
FedHST,FashionMNIST,1.0,0.9,0.999,5,0.9923869247436523,0.5457674783922863,59.67,26,100,54410,4.040966987609863,4.029053449630737,0.011913537979125977,0.011245250701904297,122.98046875,42
FedHST,FashionMNIST,1.0,0.9,0.999,6,0.822635177898407,0.6896570741352452,70.97,24,100,54410,4.779182195663452,4.768237113952637,0.01094508171081543,0.010384321212768555,122.98046875,42
FedHST,FashionMNIST,1.0,0.9,0.999,7,0.7953076522827148,0.703548131396615,72.08,28,100,54410,4.2805986404418945,4.268714427947998,0.011884212493896484,0.011243104934692383,122.98046875,42
FedHST,FashionMNIST,1.0,0.9,0.999,8,0.8097725817680359,0.6788339401773084,70.64,24,100,54410,3.443453073501587,3.4320733547210693,0.011379718780517578,0.010766983032226562,122.98046875,42
FedHST,FashionMNIST,1.0,0.9,0.999,9,0.7882584705352783,0.6849329550358036,71.49,25,100,54410,3.266925811767578,3.25565767288208,0.011268138885498047,0.010656118392944336,122.98046875,42
FedHST,FashionMNIST,1.0,0.9,0.999,10,0.7391818078994751,0.6962420223508049,71.79,20,100,54410,2.751680850982666,2.7430641651153564,0.00861668586730957,0.008064746856689453,122.98046875,42
FedHST,FashionMNIST,1.0,0.9,0.999,11,0.6811823308467865,0.7252383365059637,73.74,20,100,54410,2.203197956085205,2.194319248199463,0.008878707885742188,0.00826263427734375,122.98046875,42
FedHST,FashionMNIST,1.0,0.9,0.999,12,0.6785263039588928,0.7251202019024481,73.89,30,100,54410,4.533483982086182,4.521633863449097,0.011850118637084961,0.011304140090942383,122.98046875,42
FedHST,FashionMNIST,1.0,0.9,0.999,13,0.6831316565513611,0.7265282141681805,74.27,29,100,54410,4.226348876953125,4.213536977767944,0.012811899185180664,0.012219667434692383,122.98046875,42
FedHST,FashionMNIST,1.0,0.9,0.999,14,0.6984120407581329,0.7218664234594689,74.16,22,100,54410,3.6999480724334717,3.689574956893921,0.010373115539550781,0.009737491607666016,122.98046875,42
FedHST,FashionMNIST,1.0,0.9,0.999,15,0.6969697855472564,0.7230113144338114,74.9,28,100,54410,4.297771453857422,4.286062240600586,0.011709213256835938,0.011114358901977539,122.98046875,42
FedHST,FashionMNIST,1.0,0.9,0.999,16,0.6768839368343353,0.7342044064960106,76.2,28,100,54410,4.806177616119385,4.793608903884888,0.01256871223449707,0.011938095092773438,122.98046875,42
FedHST,FashionMNIST,1.0,0.9,0.999,17,0.6422508027076721,0.753483829700224,77.69,26,100,54410,4.409571409225464,4.398335695266724,0.011235713958740234,0.01068568229675293,122.98046875,42
FedHST,FashionMNIST,1.0,0.9,0.999,18,0.5818791441440583,0.7795176356498141,79.36,21,100,54410,2.9495906829833984,2.9411561489105225,0.008434534072875977,0.007908105850219727,122.98046875,42
FedHST,FashionMNIST,1.0,0.9,0.999,19,0.5521171464920044,0.7938837529378914,80.04,28,100,54410,4.637221336364746,4.625887632369995,0.011333703994750977,0.010761737823486328,122.98046875,42
FedHST,FashionMNIST,1.0,0.9,0.999,20,0.5227927006244659,0.8057031611468372,80.66,28,100,54410,3.695465326309204,3.6837944984436035,0.011670827865600586,0.011067867279052734,122.98046875,42
FedHST,FashionMNIST,1.0,0.9,0.999,21,0.5125898371219635,0.8128618216875353,81.18,24,100,54410,4.472060680389404,4.461758613586426,0.010302066802978516,0.00968623161315918,122.98046875,42
FedHST,FashionMNIST,1.0,0.9,0.999,22,0.5013737135887146,0.8176160481330698,81.5,26,100,54410,4.5929107666015625,4.581122875213623,0.011787891387939453,0.011176824569702148,122.98046875,42
FedHST,FashionMNIST,1.0,0.9,0.999,23,0.48993231272697446,0.8211108155494035,82.06,28,100,54410,5.224794387817383,5.211502313613892,0.013292074203491211,0.012557744979858398,122.98046875,42
FedHST,FashionMNIST,1.0,0.9,0.999,24,0.4922790570259094,0.8170036338111378,82.08,23,100,54410,3.0581350326538086,3.0470077991485596,0.011127233505249023,0.010494709014892578,122.98046875,42
FedHST,FashionMNIST,1.0,0.9,0.999,25,0.513940206193924,0.8001326668179493,80.78,29,100,54410,3.671088457107544,3.6570451259613037,0.014043331146240234,0.013396978378295898,122.98046875,42
FedHST,FashionMNIST,1.0,0.9,0.999,26,0.5494018009662628,0.7745063670670909,79.38,26,100,54410,4.394465923309326,4.381471395492554,0.012994527816772461,0.012253999710083008,122.98046875,42
FedHST,FashionMNIST,1.0,0.9,0.999,27,0.5518319639205933,0.7731379155618738,79.6,27,100,54410,4.0499608516693115,4.036568880081177,0.013391971588134766,0.01274418830871582,122.98046875,42
FedHST,FashionMNIST,1.0,0.9,0.999,28,0.5327438063144684,0.7812878322603862,80.44,30,100,54410,4.899399995803833,4.885346412658691,0.014053583145141602,0.01340937614440918,122.98095703125,42
FedHST,FashionMNIST,1.0,0.9,0.999,29,0.4968434680223465,0.8006999299573572,81.92,25,100,54410,2.9438436031341553,2.9319491386413574,0.011894464492797852,0.01128387451171875,122.98095703125,42
FedHST,FashionMNIST,1.0,0.9,0.999,30,0.4690749563694,0.815989014739883,83.13,28,100,54410,4.108603000640869,4.0956549644470215,0.012948036193847656,0.012273311614990234,122.98095703125,42
FedHST,FashionMNIST,1.0,0.9,0.999,31,0.44673118562698366,0.834825972241927,84.23,25,100,54410,3.402588367462158,3.390578031539917,0.012010335922241211,0.011394023895263672,122.98095703125,42
FedHST,FashionMNIST,1.0,0.9,0.999,32,0.44245324325561525,0.8433812684138952,84.35,25,100,54410,3.175604820251465,3.164450168609619,0.011154651641845703,0.01056051254272461,122.98095703125,42
FedHST,FashionMNIST,1.0,0.9,0.999,33,0.4546655873775482,0.8371509897958667,83.46,27,100,54410,4.481381893157959,4.468901634216309,0.01248025894165039,0.011906862258911133,122.98095703125,42
FedHST,FashionMNIST,1.0,0.9,0.999,34,0.4451756134033203,0.8420438578172812,83.93,29,100,54410,4.916549444198608,4.903449296951294,0.013100147247314453,0.01250147819519043,122.98095703125,42
FedHST,FashionMNIST,1.0,0.9,0.999,35,0.4253106678009033,0.850510136666436,84.96,27,100,54410,3.8828797340393066,3.870314836502075,0.012564897537231445,0.011937141418457031,122.98095703125,42
FedHST,FashionMNIST,1.0,0.9,0.999,36,0.41779822959899904,0.8504789637779575,85.24,26,100,54410,4.657580852508545,4.646846294403076,0.01073455810546875,0.010180473327636719,122.98095703125,42
FedHST,FashionMNIST,1.0,0.9,0.999,37,0.43073867125511167,0.8411158530992691,84.72,22,100,54410,4.046847105026245,4.036937475204468,0.009909629821777344,0.009336471557617188,122.98095703125,42
FedHST,FashionMNIST,1.0,0.9,0.999,38,0.4694696382045746,0.8166735115141834,83.13,25,100,54410,3.748189687728882,3.736574411392212,0.011615276336669922,0.010921955108642578,122.98095703125,42
FedHST,FashionMNIST,1.0,0.9,0.999,39,0.5010758710384369,0.7978935160770364,81.86,27,100,54410,4.777198553085327,4.76446795463562,0.012730598449707031,0.012096166610717773,122.98095703125,42
FedHST,FashionMNIST,1.0,0.9,0.999,40,0.49430246748924256,0.8004606339637104,81.99,27,100,54410,4.347090482711792,4.334380149841309,0.012710332870483398,0.012085437774658203,122.98095703125,42
FedHST,FashionMNIST,1.0,0.9,0.999,41,0.4582094190120697,0.818391584017534,83.27,26,100,54410,4.288048028945923,4.276324510574341,0.011723518371582031,0.011071443557739258,122.98095703125,42
FedHST,FashionMNIST,1.0,0.9,0.999,42,0.4228717211008072,0.8412013408212609,84.91,28,100,54410,4.287147521972656,4.274517297744751,0.012630224227905273,0.012018680572509766,122.98095703125,42
FedHST,FashionMNIST,1.0,0.9,0.999,43,0.39862214930057527,0.855891922882724,85.83,26,100,54410,3.6311872005462646,3.6196987628936768,0.01148843765258789,0.010904312133789062,122.98095703125,42
FedHST,FashionMNIST,1.0,0.9,0.999,44,0.400858176112175,0.8557237789037666,85.66,29,100,54410,4.917398929595947,4.9046173095703125,0.012781620025634766,0.012200593948364258,122.98095703125,42
FedHST,FashionMNIST,1.0,0.9,0.999,45,0.40952155706882476,0.8539476615033956,85.36,26,100,54410,2.8908159732818604,2.879007577896118,0.011808395385742188,0.011159896850585938,122.98095703125,42
FedHST,FashionMNIST,1.0,0.9,0.999,46,0.40870760788917543,0.8530475894131957,85.24,30,100,54410,4.823580026626587,4.80979585647583,0.013784170150756836,0.013028621673583984,122.98095703125,42
FedHST,FashionMNIST,1.0,0.9,0.999,47,0.4029108118057251,0.8557896730525071,85.55,27,100,54410,3.691084146499634,3.6787469387054443,0.012337207794189453,0.011727571487426758,122.98095703125,42
FedHST,FashionMNIST,1.0,0.9,0.999,48,0.39601632604598996,0.8582871790311545,85.87,27,100,54410,4.584776878356934,4.572158098220825,0.012618780136108398,0.011909008026123047,122.98095703125,42
FedHST,FashionMNIST,1.0,0.9,0.999,49,0.38931495809555056,0.8600523573175278,86.1,25,100,54410,3.3778696060180664,3.3665316104888916,0.011337995529174805,0.01071786880493164,122.98095703125,42
FedHST,FashionMNIST,1.0,0.9,0.999,50,0.38298718473911286,0.8624216254142937,86.39,30,100,54410,4.741926431655884,4.729551792144775,0.012374639511108398,0.011771678924560547,122.98095703125,42
